Copyright 1986-2022 Xilinx, Inc. All Rights Reserved. Copyright 2022-2025 Advanced Micro Devices, Inc. All Rights Reserved.
------------------------------------------------------------------------------------------------------------------------------------------------------------------------------
| Tool Version : Vivado v.2025.1 (win64) Build 6140274 Thu May 22 00:12:29 MDT 2025
| Date         : Sun Sep 27 22:12:12 2026
| Host         : penguinw running 64-bit major release  (build 9200)
| Command      : report_timing_summary -file C:/Users/onepl/Desktop/coding/qubit-control-sim/hdl/vivado/out_cora_readout/timing_summary.rpt -delay_type min_max -max_paths 10
| Design       : cora_readout_pl
| Device       : 7z007s-clg400
| Speed File   : -1  PRODUCTION 1.12 2019-11-22
| Design State : Routed
------------------------------------------------------------------------------------------------------------------------------------------------------------------------------

Timing Summary Report

------------------------------------------------------------------------------------------------
| Timer Settings
| --------------
------------------------------------------------------------------------------------------------

  Enable Multi Corner Analysis               :  Yes
  Enable Pessimism Removal                   :  Yes
  Pessimism Removal Resolution               :  Nearest Common Node
  Enable Input Delay Default Clock           :  No
  Enable Preset / Clear Arcs                 :  No
  Disable Flight Delays                      :  No
  Ignore I/O Paths                           :  No
  Timing Early Launch at Borrowing Latches   :  No
  Borrow Time for Max Delay Exceptions       :  Yes
  Merge Timing Exceptions                    :  Yes
  Inter-SLR Compensation                     :  Conservative

  Corner  Analyze    Analyze    
  Name    Max Paths  Min Paths  
  ------  ---------  ---------  
  Slow    Yes        Yes        
  Fast    Yes        Yes        


------------------------------------------------------------------------------------------------
| Report Methodology
| ------------------
------------------------------------------------------------------------------------------------

No report available as report_methodology has not been run prior. Run report_methodology on the current design for the summary of methodology violations.



check_timing report

Table of Contents
-----------------
1. checking no_clock (0)
2. checking constant_clock (0)
3. checking pulse_width_clock (0)
4. checking unconstrained_internal_endpoints (0)
5. checking no_input_delay (83)
6. checking no_output_delay (38)
7. checking multiple_clock (0)
8. checking generated_clocks (0)
9. checking loops (0)
10. checking partial_input_delay (0)
11. checking partial_output_delay (0)
12. checking latch_loops (0)

1. checking no_clock (0)
------------------------
 There are 0 register/latch pins with no clock.


2. checking constant_clock (0)
------------------------------
 There are 0 register/latch pins with constant_clock.


3. checking pulse_width_clock (0)
---------------------------------
 There are 0 register/latch pins which need pulse_width check


4. checking unconstrained_internal_endpoints (0)
------------------------------------------------
 There are 0 pins that are not constrained for maximum delay.

 There are 0 pins that are not constrained for maximum delay due to constant clock.


5. checking no_input_delay (83)
-------------------------------
 There are 82 input ports with no input delay specified. (HIGH)

 There is 1 input port with no input delay but user has a false path constraint. (MEDIUM)


6. checking no_output_delay (38)
--------------------------------
 There are 38 ports with no output delay specified. (HIGH)

 There are 0 ports with no output delay but user has a false path constraint

 There are 0 ports with no output delay but with a timing clock defined on it or propagating through it


7. checking multiple_clock (0)
------------------------------
 There are 0 register/latch pins with multiple clocks.


8. checking generated_clocks (0)
--------------------------------
 There are 0 generated clocks that are not connected to a clock source.


9. checking loops (0)
---------------------
 There are 0 combinational loops in the design.


10. checking partial_input_delay (0)
------------------------------------
 There are 0 input ports with partial input delay specified.


11. checking partial_output_delay (0)
-------------------------------------
 There are 0 ports with partial output delay specified.


12. checking latch_loops (0)
----------------------------
 There are 0 combinational latch loops in the design through latch input



------------------------------------------------------------------------------------------------
| Design Timing Summary
| ---------------------
------------------------------------------------------------------------------------------------

    WNS(ns)      TNS(ns)  TNS Failing Endpoints  TNS Total Endpoints      WHS(ns)      THS(ns)  THS Failing Endpoints  THS Total Endpoints     WPWS(ns)     TPWS(ns)  TPWS Failing Endpoints  TPWS Total Endpoints  
    -------      -------  ---------------------  -------------------      -------      -------  ---------------------  -------------------     --------     --------  ----------------------  --------------------  
      0.149        0.000                      0                11124        0.122        0.000                      0                11124        4.500        0.000                       0                  3092  


All user specified timing constraints are met.


------------------------------------------------------------------------------------------------
| Clock Summary
| -------------
------------------------------------------------------------------------------------------------

Clock   Waveform(ns)       Period(ns)      Frequency(MHz)
-----   ------------       ----------      --------------
pl_clk  {0.000 5.000}      10.000          100.000         


------------------------------------------------------------------------------------------------
| Intra Clock Table
| -----------------
------------------------------------------------------------------------------------------------

Clock             WNS(ns)      TNS(ns)  TNS Failing Endpoints  TNS Total Endpoints      WHS(ns)      THS(ns)  THS Failing Endpoints  THS Total Endpoints     WPWS(ns)     TPWS(ns)  TPWS Failing Endpoints  TPWS Total Endpoints  
-----             -------      -------  ---------------------  -------------------      -------      -------  ---------------------  -------------------     --------     --------  ----------------------  --------------------  
pl_clk              0.149        0.000                      0                10588        0.122        0.000                      0                10588        4.500        0.000                       0                  3092  


------------------------------------------------------------------------------------------------
| Inter Clock Table
| -----------------
------------------------------------------------------------------------------------------------

From Clock    To Clock          WNS(ns)      TNS(ns)  TNS Failing Endpoints  TNS Total Endpoints      WHS(ns)      THS(ns)  THS Failing Endpoints  THS Total Endpoints  
----------    --------          -------      -------  ---------------------  -------------------      -------      -------  ---------------------  -------------------  


------------------------------------------------------------------------------------------------
| Other Path Groups Table
| -----------------------
------------------------------------------------------------------------------------------------

Path Group         From Clock         To Clock               WNS(ns)      TNS(ns)  TNS Failing Endpoints  TNS Total Endpoints      WHS(ns)      THS(ns)  THS Failing Endpoints  THS Total Endpoints  
----------         ----------         --------               -------      -------  ---------------------  -------------------      -------      -------  ---------------------  -------------------  
**async_default**  pl_clk             pl_clk                   1.910        0.000                      0                  536        0.653        0.000                      0                  536  


------------------------------------------------------------------------------------------------
| Timing Details
| --------------
------------------------------------------------------------------------------------------------


---------------------------------------------------------------------------------------------------
From Clock:  pl_clk
  To Clock:  pl_clk

Setup :            0  Failing Endpoints,  Worst Slack        0.149ns,  Total Violation        0.000ns
Hold  :            0  Failing Endpoints,  Worst Slack        0.122ns,  Total Violation        0.000ns
PW    :            0  Failing Endpoints,  Worst Slack        4.500ns,  Total Violation        0.000ns
---------------------------------------------------------------------------------------------------


Max Delay Paths
--------------------------------------------------------------------------------------
Slack (MET) :             0.149ns  (required time - arrival time)
  Source:                 u_chain/u_fir/eng_prod_valid_reg[1]/C
                            (rising edge-triggered cell FDRE clocked by pl_clk  {rise@0.000ns fall@5.000ns period=10.000ns})
  Destination:            u_chain/u_fir/eng_prod_i_reg[9]/RSTP
                            (rising edge-triggered cell DSP48E1 clocked by pl_clk  {rise@0.000ns fall@5.000ns period=10.000ns})
  Path Group:             pl_clk
  Path Type:              Setup (Max at Slow Process Corner)
  Requirement:            10.000ns  (pl_clk rise@10.000ns - pl_clk rise@0.000ns)
  Data Path Delay:        9.420ns  (logic 2.479ns (26.316%)  route 6.941ns (73.684%))
  Logic Levels:           9  (LUT2=1 LUT3=1 LUT4=2 LUT5=2 LUT6=2 MUXF7=1)
  Clock Path Skew:        -0.049ns (DCD - SCD + CPR)
    Destination Clock Delay (DCD):    0.924ns = ( 10.924 - 10.000 ) 
    Source Clock Delay      (SCD):    0.973ns
    Clock Pessimism Removal (CPR):    0.000ns
  Clock Uncertainty:      0.035ns  ((TSJ^2 + TIJ^2)^1/2 + DJ) / 2 + PE
    Total System Jitter     (TSJ):    0.071ns
    Total Input Jitter      (TIJ):    0.000ns
    Discrete Jitter          (DJ):    0.000ns
    Phase Error              (PE):    0.000ns

    Location             Delay type                Incr(ns)  Path(ns)    Netlist Resource(s)
  -------------------------------------------------------------------    -------------------
                         (clock pl_clk rise edge)     0.000     0.000 r  
                                                      0.000     0.000 r  pl_clk (IN)
                         net (fo=3091, unset)         0.973     0.973    u_chain/u_fir/pl_clk
    SLICE_X20Y30         FDRE                                         r  u_chain/u_fir/eng_prod_valid_reg[1]/C
  -------------------------------------------------------------------    -------------------
    SLICE_X20Y30         FDRE (Prop_fdre_C_Q)         0.478     1.451 f  u_chain/u_fir/eng_prod_valid_reg[1]/Q
                         net (fo=14, routed)          0.848     2.299    u_chain/u_fir/eng_prod_valid_reg[1]__0
    SLICE_X19Y30         LUT5 (Prop_lut5_I4_O)        0.295     2.594 f  u_chain/u_fir/next_eng[1]_i_18/O
                         net (fo=1, routed)           0.804     3.398    u_chain/u_fir/next_eng[1]_i_18_n_0
    SLICE_X17Y30         LUT6 (Prop_lut6_I0_O)        0.124     3.522 r  u_chain/u_fir/next_eng[1]_i_12/O
                         net (fo=1, routed)           0.000     3.522    u_chain/u_fir/next_eng[1]_i_12_n_0
    SLICE_X17Y30         MUXF7 (Prop_muxf7_I0_O)      0.238     3.760 r  u_chain/u_fir/next_eng_reg[1]_i_7/O
                         net (fo=1, routed)           0.637     4.396    u_chain/u_fir/next_eng_reg[1]_i_7_n_0
    SLICE_X19Y29         LUT6 (Prop_lut6_I3_O)        0.298     4.694 r  u_chain/u_fir/next_eng[1]_i_4/O
                         net (fo=8, routed)           0.523     5.217    u_chain/u_fir/next_eng[1]_i_4_n_0
    SLICE_X19Y29         LUT4 (Prop_lut4_I3_O)        0.124     5.341 r  u_chain/u_fir/eng_fill[0][15]_i_3/O
                         net (fo=28, routed)          0.668     6.009    u_chain/u_fir/eng_fill[0][15]_i_3_n_0
    SLICE_X18Y28         LUT2 (Prop_lut2_I1_O)        0.124     6.133 r  u_chain/u_fir/eng_fill[1][15]_i_3/O
                         net (fo=15, routed)          1.102     7.235    u_chain/u_fir/eng_fill[1][15]_i_3_n_0
    SLICE_X23Y33         LUT3 (Prop_lut3_I0_O)        0.152     7.387 f  u_chain/u_fir/eng_fill[9][15]_i_1/O
                         net (fo=45, routed)          1.119     8.505    u_chain/u_fir/next_eng_reg[1]_1[0]
    SLICE_X35Y36         LUT4 (Prop_lut4_I0_O)        0.320     8.825 r  u_chain/u_fir/eng_phase[9][5]_i_2/O
                         net (fo=8, routed)           0.487     9.312    u_chain/u_fir/eng_prod_valid170_out
    SLICE_X35Y36         LUT5 (Prop_lut5_I4_O)        0.326     9.638 r  u_chain/u_fir/eng_prod_i_reg[9]_i_1/O
                         net (fo=2, routed)           0.755    10.393    u_chain/u_fir/eng_prod_i_reg[9]_i_1_n_0
    DSP48_X1Y14          DSP48E1                                      r  u_chain/u_fir/eng_prod_i_reg[9]/RSTP
  -------------------------------------------------------------------    -------------------

                         (clock pl_clk rise edge)    10.000    10.000 r  
                                                      0.000    10.000 r  pl_clk (IN)
                         net (fo=3091, unset)         0.924    10.924    u_chain/u_fir/pl_clk
    DSP48_X1Y14          DSP48E1                                      r  u_chain/u_fir/eng_prod_i_reg[9]/CLK
                         clock pessimism              0.000    10.924    
                         clock uncertainty           -0.035    10.889    
    DSP48_X1Y14          DSP48E1 (Setup_dsp48e1_CLK_RSTP)
                                                     -0.347    10.542    u_chain/u_fir/eng_prod_i_reg[9]
  -------------------------------------------------------------------
                         required time                         10.542    
                         arrival time                         -10.393    
  -------------------------------------------------------------------
                         slack                                  0.149    

Slack (MET) :             0.185ns  (required time - arrival time)
  Source:                 u_chain/u_fir/eng_prod_valid_reg[1]/C
                            (rising edge-triggered cell FDRE clocked by pl_clk  {rise@0.000ns fall@5.000ns period=10.000ns})
  Destination:            u_chain/u_fir/eng_prod_q_reg[9]/RSTP
                            (rising edge-triggered cell DSP48E1 clocked by pl_clk  {rise@0.000ns fall@5.000ns period=10.000ns})
  Path Group:             pl_clk
  Path Type:              Setup (Max at Slow Process Corner)
  Requirement:            10.000ns  (pl_clk rise@10.000ns - pl_clk rise@0.000ns)
  Data Path Delay:        9.384ns  (logic 2.479ns (26.419%)  route 6.905ns (73.581%))
  Logic Levels:           9  (LUT2=1 LUT3=1 LUT4=2 LUT5=2 LUT6=2 MUXF7=1)
  Clock Path Skew:        -0.049ns (DCD - SCD + CPR)
    Destination Clock Delay (DCD):    0.924ns = ( 10.924 - 10.000 ) 
    Source Clock Delay      (SCD):    0.973ns
    Clock Pessimism Removal (CPR):    0.000ns
  Clock Uncertainty:      0.035ns  ((TSJ^2 + TIJ^2)^1/2 + DJ) / 2 + PE
    Total System Jitter     (TSJ):    0.071ns
    Total Input Jitter      (TIJ):    0.000ns
    Discrete Jitter          (DJ):    0.000ns
    Phase Error              (PE):    0.000ns

    Location             Delay type                Incr(ns)  Path(ns)    Netlist Resource(s)
  -------------------------------------------------------------------    -------------------
                         (clock pl_clk rise edge)     0.000     0.000 r  
                                                      0.000     0.000 r  pl_clk (IN)
                         net (fo=3091, unset)         0.973     0.973    u_chain/u_fir/pl_clk
    SLICE_X20Y30         FDRE                                         r  u_chain/u_fir/eng_prod_valid_reg[1]/C
  -------------------------------------------------------------------    -------------------
    SLICE_X20Y30         FDRE (Prop_fdre_C_Q)         0.478     1.451 f  u_chain/u_fir/eng_prod_valid_reg[1]/Q
                         net (fo=14, routed)          0.848     2.299    u_chain/u_fir/eng_prod_valid_reg[1]__0
    SLICE_X19Y30         LUT5 (Prop_lut5_I4_O)        0.295     2.594 f  u_chain/u_fir/next_eng[1]_i_18/O
                         net (fo=1, routed)           0.804     3.398    u_chain/u_fir/next_eng[1]_i_18_n_0
    SLICE_X17Y30         LUT6 (Prop_lut6_I0_O)        0.124     3.522 r  u_chain/u_fir/next_eng[1]_i_12/O
                         net (fo=1, routed)           0.000     3.522    u_chain/u_fir/next_eng[1]_i_12_n_0
    SLICE_X17Y30         MUXF7 (Prop_muxf7_I0_O)      0.238     3.760 r  u_chain/u_fir/next_eng_reg[1]_i_7/O
                         net (fo=1, routed)           0.637     4.396    u_chain/u_fir/next_eng_reg[1]_i_7_n_0
    SLICE_X19Y29         LUT6 (Prop_lut6_I3_O)        0.298     4.694 r  u_chain/u_fir/next_eng[1]_i_4/O
                         net (fo=8, routed)           0.523     5.217    u_chain/u_fir/next_eng[1]_i_4_n_0
    SLICE_X19Y29         LUT4 (Prop_lut4_I3_O)        0.124     5.341 r  u_chain/u_fir/eng_fill[0][15]_i_3/O
                         net (fo=28, routed)          0.668     6.009    u_chain/u_fir/eng_fill[0][15]_i_3_n_0
    SLICE_X18Y28         LUT2 (Prop_lut2_I1_O)        0.124     6.133 r  u_chain/u_fir/eng_fill[1][15]_i_3/O
                         net (fo=15, routed)          1.102     7.235    u_chain/u_fir/eng_fill[1][15]_i_3_n_0
    SLICE_X23Y33         LUT3 (Prop_lut3_I0_O)        0.152     7.387 f  u_chain/u_fir/eng_fill[9][15]_i_1/O
                         net (fo=45, routed)          1.119     8.505    u_chain/u_fir/next_eng_reg[1]_1[0]
    SLICE_X35Y36         LUT4 (Prop_lut4_I0_O)        0.320     8.825 r  u_chain/u_fir/eng_phase[9][5]_i_2/O
                         net (fo=8, routed)           0.487     9.312    u_chain/u_fir/eng_prod_valid170_out
    SLICE_X35Y36         LUT5 (Prop_lut5_I4_O)        0.326     9.638 r  u_chain/u_fir/eng_prod_i_reg[9]_i_1/O
                         net (fo=2, routed)           0.719    10.357    u_chain/u_fir/eng_prod_i_reg[9]_i_1_n_0
    DSP48_X1Y13          DSP48E1                                      r  u_chain/u_fir/eng_prod_q_reg[9]/RSTP
  -------------------------------------------------------------------    -------------------

                         (clock pl_clk rise edge)    10.000    10.000 r  
                                                      0.000    10.000 r  pl_clk (IN)
                         net (fo=3091, unset)         0.924    10.924    u_chain/u_fir/pl_clk
    DSP48_X1Y13          DSP48E1                                      r  u_chain/u_fir/eng_prod_q_reg[9]/CLK
                         clock pessimism              0.000    10.924    
                         clock uncertainty           -0.035    10.889    
    DSP48_X1Y13          DSP48E1 (Setup_dsp48e1_CLK_RSTP)
                                                     -0.347    10.542    u_chain/u_fir/eng_prod_q_reg[9]
  -------------------------------------------------------------------
                         required time                         10.542    
                         arrival time                         -10.357    
  -------------------------------------------------------------------
                         slack                                  0.185    

Slack (MET) :             0.260ns  (required time - arrival time)
  Source:                 u_chain/u_fir/eng_prod_valid_reg[1]/C
                            (rising edge-triggered cell FDRE clocked by pl_clk  {rise@0.000ns fall@5.000ns period=10.000ns})
  Destination:            u_chain/u_fir/eng_phase_reg[2][1]/R
                            (rising edge-triggered cell FDRE clocked by pl_clk  {rise@0.000ns fall@5.000ns period=10.000ns})
  Path Group:             pl_clk
  Path Type:              Setup (Max at Slow Process Corner)
  Requirement:            10.000ns  (pl_clk rise@10.000ns - pl_clk rise@0.000ns)
  Data Path Delay:        9.132ns  (logic 2.365ns (25.899%)  route 6.767ns (74.102%))
  Logic Levels:           8  (LUT5=4 LUT6=3 MUXF7=1)
  Clock Path Skew:        -0.049ns (DCD - SCD + CPR)
    Destination Clock Delay (DCD):    0.924ns = ( 10.924 - 10.000 ) 
    Source Clock Delay      (SCD):    0.973ns
    Clock Pessimism Removal (CPR):    0.000ns
  Clock Uncertainty:      0.035ns  ((TSJ^2 + TIJ^2)^1/2 + DJ) / 2 + PE
    Total System Jitter     (TSJ):    0.071ns
    Total Input Jitter      (TIJ):    0.000ns
    Discrete Jitter          (DJ):    0.000ns
    Phase Error              (PE):    0.000ns

    Location             Delay type                Incr(ns)  Path(ns)    Netlist Resource(s)
  -------------------------------------------------------------------    -------------------
                         (clock pl_clk rise edge)     0.000     0.000 r  
                                                      0.000     0.000 r  pl_clk (IN)
                         net (fo=3091, unset)         0.973     0.973    u_chain/u_fir/pl_clk
    SLICE_X20Y30         FDRE                                         r  u_chain/u_fir/eng_prod_valid_reg[1]/C
  -------------------------------------------------------------------    -------------------
    SLICE_X20Y30         FDRE (Prop_fdre_C_Q)         0.478     1.451 r  u_chain/u_fir/eng_prod_valid_reg[1]/Q
                         net (fo=14, routed)          0.848     2.299    u_chain/u_fir/eng_prod_valid_reg[1]__0
    SLICE_X19Y30         LUT5 (Prop_lut5_I4_O)        0.295     2.594 r  u_chain/u_fir/next_eng[1]_i_18/O
                         net (fo=1, routed)           0.804     3.398    u_chain/u_fir/next_eng[1]_i_18_n_0
    SLICE_X17Y30         LUT6 (Prop_lut6_I0_O)        0.124     3.522 f  u_chain/u_fir/next_eng[1]_i_12/O
                         net (fo=1, routed)           0.000     3.522    u_chain/u_fir/next_eng[1]_i_12_n_0
    SLICE_X17Y30         MUXF7 (Prop_muxf7_I0_O)      0.238     3.760 f  u_chain/u_fir/next_eng_reg[1]_i_7/O
                         net (fo=1, routed)           0.637     4.396    u_chain/u_fir/next_eng_reg[1]_i_7_n_0
    SLICE_X19Y29         LUT6 (Prop_lut6_I3_O)        0.298     4.694 f  u_chain/u_fir/next_eng[1]_i_4/O
                         net (fo=8, routed)           0.623     5.318    u_chain/u_fir/next_eng[1]_i_4_n_0
    SLICE_X17Y31         LUT6 (Prop_lut6_I5_O)        0.124     5.442 f  u_chain/u_fir/eng_fill[0][15]_i_4/O
                         net (fo=30, routed)          1.040     6.481    u_chain/u_fir/eng_fill[0][15]_i_4_n_0
    SLICE_X21Y30         LUT5 (Prop_lut5_I2_O)        0.152     6.633 r  u_chain/u_fir/eng_fill[2][15]_i_1/O
                         net (fo=39, routed)          1.066     7.700    u_chain/u_fir/next_eng_reg[2]_3[0]
    SLICE_X12Y36         LUT5 (Prop_lut5_I3_O)        0.325     8.025 r  u_chain/u_fir/eng_acc_i[2][0]_i_1/O
                         net (fo=82, routed)          0.820     8.845    u_chain/u_fir/eng_acc_i[2][0]_i_1_n_0
    SLICE_X17Y37         LUT5 (Prop_lut5_I4_O)        0.331     9.176 r  u_chain/u_fir/eng_phase[2][5]_i_1/O
                         net (fo=5, routed)           0.929    10.105    u_chain/u_fir/eng_phase[2][5]_i_1_n_0
    SLICE_X12Y36         FDRE                                         r  u_chain/u_fir/eng_phase_reg[2][1]/R
  -------------------------------------------------------------------    -------------------

                         (clock pl_clk rise edge)    10.000    10.000 r  
                                                      0.000    10.000 r  pl_clk (IN)
                         net (fo=3091, unset)         0.924    10.924    u_chain/u_fir/pl_clk
    SLICE_X12Y36         FDRE                                         r  u_chain/u_fir/eng_phase_reg[2][1]/C
                         clock pessimism              0.000    10.924    
                         clock uncertainty           -0.035    10.889    
    SLICE_X12Y36         FDRE (Setup_fdre_C_R)       -0.524    10.365    u_chain/u_fir/eng_phase_reg[2][1]
  -------------------------------------------------------------------
                         required time                         10.365    
                         arrival time                         -10.105    
  -------------------------------------------------------------------
                         slack                                  0.260    

Slack (MET) :             0.260ns  (required time - arrival time)
  Source:                 u_chain/u_fir/eng_prod_valid_reg[1]/C
                            (rising edge-triggered cell FDRE clocked by pl_clk  {rise@0.000ns fall@5.000ns period=10.000ns})
  Destination:            u_chain/u_fir/eng_phase_reg[2][4]/R
                            (rising edge-triggered cell FDRE clocked by pl_clk  {rise@0.000ns fall@5.000ns period=10.000ns})
  Path Group:             pl_clk
  Path Type:              Setup (Max at Slow Process Corner)
  Requirement:            10.000ns  (pl_clk rise@10.000ns - pl_clk rise@0.000ns)
  Data Path Delay:        9.132ns  (logic 2.365ns (25.899%)  route 6.767ns (74.102%))
  Logic Levels:           8  (LUT5=4 LUT6=3 MUXF7=1)
  Clock Path Skew:        -0.049ns (DCD - SCD + CPR)
    Destination Clock Delay (DCD):    0.924ns = ( 10.924 - 10.000 ) 
    Source Clock Delay      (SCD):    0.973ns
    Clock Pessimism Removal (CPR):    0.000ns
  Clock Uncertainty:      0.035ns  ((TSJ^2 + TIJ^2)^1/2 + DJ) / 2 + PE
    Total System Jitter     (TSJ):    0.071ns
    Total Input Jitter      (TIJ):    0.000ns
    Discrete Jitter          (DJ):    0.000ns
    Phase Error              (PE):    0.000ns

    Location             Delay type                Incr(ns)  Path(ns)    Netlist Resource(s)
  -------------------------------------------------------------------    -------------------
                         (clock pl_clk rise edge)     0.000     0.000 r  
                                                      0.000     0.000 r  pl_clk (IN)
                         net (fo=3091, unset)         0.973     0.973    u_chain/u_fir/pl_clk
    SLICE_X20Y30         FDRE                                         r  u_chain/u_fir/eng_prod_valid_reg[1]/C
  -------------------------------------------------------------------    -------------------
    SLICE_X20Y30         FDRE (Prop_fdre_C_Q)         0.478     1.451 r  u_chain/u_fir/eng_prod_valid_reg[1]/Q
                         net (fo=14, routed)          0.848     2.299    u_chain/u_fir/eng_prod_valid_reg[1]__0
    SLICE_X19Y30         LUT5 (Prop_lut5_I4_O)        0.295     2.594 r  u_chain/u_fir/next_eng[1]_i_18/O
                         net (fo=1, routed)           0.804     3.398    u_chain/u_fir/next_eng[1]_i_18_n_0
    SLICE_X17Y30         LUT6 (Prop_lut6_I0_O)        0.124     3.522 f  u_chain/u_fir/next_eng[1]_i_12/O
                         net (fo=1, routed)           0.000     3.522    u_chain/u_fir/next_eng[1]_i_12_n_0
    SLICE_X17Y30         MUXF7 (Prop_muxf7_I0_O)      0.238     3.760 f  u_chain/u_fir/next_eng_reg[1]_i_7/O
                         net (fo=1, routed)           0.637     4.396    u_chain/u_fir/next_eng_reg[1]_i_7_n_0
    SLICE_X19Y29         LUT6 (Prop_lut6_I3_O)        0.298     4.694 f  u_chain/u_fir/next_eng[1]_i_4/O
                         net (fo=8, routed)           0.623     5.318    u_chain/u_fir/next_eng[1]_i_4_n_0
    SLICE_X17Y31         LUT6 (Prop_lut6_I5_O)        0.124     5.442 f  u_chain/u_fir/eng_fill[0][15]_i_4/O
                         net (fo=30, routed)          1.040     6.481    u_chain/u_fir/eng_fill[0][15]_i_4_n_0
    SLICE_X21Y30         LUT5 (Prop_lut5_I2_O)        0.152     6.633 r  u_chain/u_fir/eng_fill[2][15]_i_1/O
                         net (fo=39, routed)          1.066     7.700    u_chain/u_fir/next_eng_reg[2]_3[0]
    SLICE_X12Y36         LUT5 (Prop_lut5_I3_O)        0.325     8.025 r  u_chain/u_fir/eng_acc_i[2][0]_i_1/O
                         net (fo=82, routed)          0.820     8.845    u_chain/u_fir/eng_acc_i[2][0]_i_1_n_0
    SLICE_X17Y37         LUT5 (Prop_lut5_I4_O)        0.331     9.176 r  u_chain/u_fir/eng_phase[2][5]_i_1/O
                         net (fo=5, routed)           0.929    10.105    u_chain/u_fir/eng_phase[2][5]_i_1_n_0
    SLICE_X12Y36         FDRE                                         r  u_chain/u_fir/eng_phase_reg[2][4]/R
  -------------------------------------------------------------------    -------------------

                         (clock pl_clk rise edge)    10.000    10.000 r  
                                                      0.000    10.000 r  pl_clk (IN)
                         net (fo=3091, unset)         0.924    10.924    u_chain/u_fir/pl_clk
    SLICE_X12Y36         FDRE                                         r  u_chain/u_fir/eng_phase_reg[2][4]/C
                         clock pessimism              0.000    10.924    
                         clock uncertainty           -0.035    10.889    
    SLICE_X12Y36         FDRE (Setup_fdre_C_R)       -0.524    10.365    u_chain/u_fir/eng_phase_reg[2][4]
  -------------------------------------------------------------------
                         required time                         10.365    
                         arrival time                         -10.105    
  -------------------------------------------------------------------
                         slack                                  0.260    

Slack (MET) :             0.275ns  (required time - arrival time)
  Source:                 u_chain/u_fir/eng_prod_valid_reg[1]/C
                            (rising edge-triggered cell FDRE clocked by pl_clk  {rise@0.000ns fall@5.000ns period=10.000ns})
  Destination:            u_chain/u_fir/eng_acc_q_reg[7][28]/R
                            (rising edge-triggered cell FDRE clocked by pl_clk  {rise@0.000ns fall@5.000ns period=10.000ns})
  Path Group:             pl_clk
  Path Type:              Setup (Max at Slow Process Corner)
  Requirement:            10.000ns  (pl_clk rise@10.000ns - pl_clk rise@0.000ns)
  Data Path Delay:        9.010ns  (logic 2.392ns (26.548%)  route 6.618ns (73.452%))
  Logic Levels:           8  (LUT2=1 LUT3=1 LUT5=2 LUT6=3 MUXF7=1)
  Clock Path Skew:        -0.049ns (DCD - SCD + CPR)
    Destination Clock Delay (DCD):    0.924ns = ( 10.924 - 10.000 ) 
    Source Clock Delay      (SCD):    0.973ns
    Clock Pessimism Removal (CPR):    0.000ns
  Clock Uncertainty:      0.035ns  ((TSJ^2 + TIJ^2)^1/2 + DJ) / 2 + PE
    Total System Jitter     (TSJ):    0.071ns
    Total Input Jitter      (TIJ):    0.000ns
    Discrete Jitter          (DJ):    0.000ns
    Phase Error              (PE):    0.000ns

    Location             Delay type                Incr(ns)  Path(ns)    Netlist Resource(s)
  -------------------------------------------------------------------    -------------------
                         (clock pl_clk rise edge)     0.000     0.000 r  
                                                      0.000     0.000 r  pl_clk (IN)
                         net (fo=3091, unset)         0.973     0.973    u_chain/u_fir/pl_clk
    SLICE_X20Y30         FDRE                                         r  u_chain/u_fir/eng_prod_valid_reg[1]/C
  -------------------------------------------------------------------    -------------------
    SLICE_X20Y30         FDRE (Prop_fdre_C_Q)         0.478     1.451 f  u_chain/u_fir/eng_prod_valid_reg[1]/Q
                         net (fo=14, routed)          0.848     2.299    u_chain/u_fir/eng_prod_valid_reg[1]__0
    SLICE_X19Y30         LUT5 (Prop_lut5_I4_O)        0.295     2.594 f  u_chain/u_fir/next_eng[1]_i_18/O
                         net (fo=1, routed)           0.804     3.398    u_chain/u_fir/next_eng[1]_i_18_n_0
    SLICE_X17Y30         LUT6 (Prop_lut6_I0_O)        0.124     3.522 r  u_chain/u_fir/next_eng[1]_i_12/O
                         net (fo=1, routed)           0.000     3.522    u_chain/u_fir/next_eng[1]_i_12_n_0
    SLICE_X17Y30         MUXF7 (Prop_muxf7_I0_O)      0.238     3.760 r  u_chain/u_fir/next_eng_reg[1]_i_7/O
                         net (fo=1, routed)           0.637     4.396    u_chain/u_fir/next_eng_reg[1]_i_7_n_0
    SLICE_X19Y29         LUT6 (Prop_lut6_I3_O)        0.298     4.694 r  u_chain/u_fir/next_eng[1]_i_4/O
                         net (fo=8, routed)           0.552     5.246    u_chain/u_fir/next_eng[1]_i_4_n_0
    SLICE_X20Y32         LUT6 (Prop_lut6_I0_O)        0.124     5.370 f  u_chain/u_fir/eng_fill[0][15]_i_5/O
                         net (fo=12, routed)          0.822     6.192    u_chain/u_fir/eng_fill[0][15]_i_5_n_0
    SLICE_X17Y33         LUT2 (Prop_lut2_I1_O)        0.152     6.344 r  u_chain/u_fir/eng_fill[1][15]_i_2/O
                         net (fo=56, routed)          0.890     7.234    u_chain/u_fir/eng_fill[1][15]_i_2_n_0
    SLICE_X21Y34         LUT3 (Prop_lut3_I0_O)        0.357     7.591 r  u_chain/u_fir/eng_fill[7][15]_i_1/O
                         net (fo=44, routed)          0.931     8.521    u_chain/u_fir/next_eng_reg[0]_3[0]
    SLICE_X25Y39         LUT5 (Prop_lut5_I3_O)        0.326     8.847 r  u_chain/u_fir/eng_acc_i[7][0]_i_1/O
                         net (fo=80, routed)          1.136     9.983    u_chain/u_fir/eng_acc_i[7][0]_i_1_n_0
    SLICE_X26Y50         FDRE                                         r  u_chain/u_fir/eng_acc_q_reg[7][28]/R
  -------------------------------------------------------------------    -------------------

                         (clock pl_clk rise edge)    10.000    10.000 r  
                                                      0.000    10.000 r  pl_clk (IN)
                         net (fo=3091, unset)         0.924    10.924    u_chain/u_fir/pl_clk
    SLICE_X26Y50         FDRE                                         r  u_chain/u_fir/eng_acc_q_reg[7][28]/C
                         clock pessimism              0.000    10.924    
                         clock uncertainty           -0.035    10.889    
    SLICE_X26Y50         FDRE (Setup_fdre_C_R)       -0.631    10.258    u_chain/u_fir/eng_acc_q_reg[7][28]
  -------------------------------------------------------------------
                         required time                         10.258    
                         arrival time                          -9.983    
  -------------------------------------------------------------------
                         slack                                  0.275    

Slack (MET) :             0.275ns  (required time - arrival time)
  Source:                 u_chain/u_fir/eng_prod_valid_reg[1]/C
                            (rising edge-triggered cell FDRE clocked by pl_clk  {rise@0.000ns fall@5.000ns period=10.000ns})
  Destination:            u_chain/u_fir/eng_acc_q_reg[7][29]/R
                            (rising edge-triggered cell FDRE clocked by pl_clk  {rise@0.000ns fall@5.000ns period=10.000ns})
  Path Group:             pl_clk
  Path Type:              Setup (Max at Slow Process Corner)
  Requirement:            10.000ns  (pl_clk rise@10.000ns - pl_clk rise@0.000ns)
  Data Path Delay:        9.010ns  (logic 2.392ns (26.548%)  route 6.618ns (73.452%))
  Logic Levels:           8  (LUT2=1 LUT3=1 LUT5=2 LUT6=3 MUXF7=1)
  Clock Path Skew:        -0.049ns (DCD - SCD + CPR)
    Destination Clock Delay (DCD):    0.924ns = ( 10.924 - 10.000 ) 
    Source Clock Delay      (SCD):    0.973ns
    Clock Pessimism Removal (CPR):    0.000ns
  Clock Uncertainty:      0.035ns  ((TSJ^2 + TIJ^2)^1/2 + DJ) / 2 + PE
    Total System Jitter     (TSJ):    0.071ns
    Total Input Jitter      (TIJ):    0.000ns
    Discrete Jitter          (DJ):    0.000ns
    Phase Error              (PE):    0.000ns

    Location             Delay type                Incr(ns)  Path(ns)    Netlist Resource(s)
  -------------------------------------------------------------------    -------------------
                         (clock pl_clk rise edge)     0.000     0.000 r  
                                                      0.000     0.000 r  pl_clk (IN)
                         net (fo=3091, unset)         0.973     0.973    u_chain/u_fir/pl_clk
    SLICE_X20Y30         FDRE                                         r  u_chain/u_fir/eng_prod_valid_reg[1]/C
  -------------------------------------------------------------------    -------------------
    SLICE_X20Y30         FDRE (Prop_fdre_C_Q)         0.478     1.451 f  u_chain/u_fir/eng_prod_valid_reg[1]/Q
                         net (fo=14, routed)          0.848     2.299    u_chain/u_fir/eng_prod_valid_reg[1]__0
    SLICE_X19Y30         LUT5 (Prop_lut5_I4_O)        0.295     2.594 f  u_chain/u_fir/next_eng[1]_i_18/O
                         net (fo=1, routed)           0.804     3.398    u_chain/u_fir/next_eng[1]_i_18_n_0
    SLICE_X17Y30         LUT6 (Prop_lut6_I0_O)        0.124     3.522 r  u_chain/u_fir/next_eng[1]_i_12/O
                         net (fo=1, routed)           0.000     3.522    u_chain/u_fir/next_eng[1]_i_12_n_0
    SLICE_X17Y30         MUXF7 (Prop_muxf7_I0_O)      0.238     3.760 r  u_chain/u_fir/next_eng_reg[1]_i_7/O
                         net (fo=1, routed)           0.637     4.396    u_chain/u_fir/next_eng_reg[1]_i_7_n_0
    SLICE_X19Y29         LUT6 (Prop_lut6_I3_O)        0.298     4.694 r  u_chain/u_fir/next_eng[1]_i_4/O
                         net (fo=8, routed)           0.552     5.246    u_chain/u_fir/next_eng[1]_i_4_n_0
    SLICE_X20Y32         LUT6 (Prop_lut6_I0_O)        0.124     5.370 f  u_chain/u_fir/eng_fill[0][15]_i_5/O
                         net (fo=12, routed)          0.822     6.192    u_chain/u_fir/eng_fill[0][15]_i_5_n_0
    SLICE_X17Y33         LUT2 (Prop_lut2_I1_O)        0.152     6.344 r  u_chain/u_fir/eng_fill[1][15]_i_2/O
                         net (fo=56, routed)          0.890     7.234    u_chain/u_fir/eng_fill[1][15]_i_2_n_0
    SLICE_X21Y34         LUT3 (Prop_lut3_I0_O)        0.357     7.591 r  u_chain/u_fir/eng_fill[7][15]_i_1/O
                         net (fo=44, routed)          0.931     8.521    u_chain/u_fir/next_eng_reg[0]_3[0]
    SLICE_X25Y39         LUT5 (Prop_lut5_I3_O)        0.326     8.847 r  u_chain/u_fir/eng_acc_i[7][0]_i_1/O
                         net (fo=80, routed)          1.136     9.983    u_chain/u_fir/eng_acc_i[7][0]_i_1_n_0
    SLICE_X26Y50         FDRE                                         r  u_chain/u_fir/eng_acc_q_reg[7][29]/R
  -------------------------------------------------------------------    -------------------

                         (clock pl_clk rise edge)    10.000    10.000 r  
                                                      0.000    10.000 r  pl_clk (IN)
                         net (fo=3091, unset)         0.924    10.924    u_chain/u_fir/pl_clk
    SLICE_X26Y50         FDRE                                         r  u_chain/u_fir/eng_acc_q_reg[7][29]/C
                         clock pessimism              0.000    10.924    
                         clock uncertainty           -0.035    10.889    
    SLICE_X26Y50         FDRE (Setup_fdre_C_R)       -0.631    10.258    u_chain/u_fir/eng_acc_q_reg[7][29]
  -------------------------------------------------------------------
                         required time                         10.258    
                         arrival time                          -9.983    
  -------------------------------------------------------------------
                         slack                                  0.275    

Slack (MET) :             0.275ns  (required time - arrival time)
  Source:                 u_chain/u_fir/eng_prod_valid_reg[1]/C
                            (rising edge-triggered cell FDRE clocked by pl_clk  {rise@0.000ns fall@5.000ns period=10.000ns})
  Destination:            u_chain/u_fir/eng_acc_q_reg[7][30]/R
                            (rising edge-triggered cell FDRE clocked by pl_clk  {rise@0.000ns fall@5.000ns period=10.000ns})
  Path Group:             pl_clk
  Path Type:              Setup (Max at Slow Process Corner)
  Requirement:            10.000ns  (pl_clk rise@10.000ns - pl_clk rise@0.000ns)
  Data Path Delay:        9.010ns  (logic 2.392ns (26.548%)  route 6.618ns (73.452%))
  Logic Levels:           8  (LUT2=1 LUT3=1 LUT5=2 LUT6=3 MUXF7=1)
  Clock Path Skew:        -0.049ns (DCD - SCD + CPR)
    Destination Clock Delay (DCD):    0.924ns = ( 10.924 - 10.000 ) 
    Source Clock Delay      (SCD):    0.973ns
    Clock Pessimism Removal (CPR):    0.000ns
  Clock Uncertainty:      0.035ns  ((TSJ^2 + TIJ^2)^1/2 + DJ) / 2 + PE
    Total System Jitter     (TSJ):    0.071ns
    Total Input Jitter      (TIJ):    0.000ns
    Discrete Jitter          (DJ):    0.000ns
    Phase Error              (PE):    0.000ns

    Location             Delay type                Incr(ns)  Path(ns)    Netlist Resource(s)
  -------------------------------------------------------------------    -------------------
                         (clock pl_clk rise edge)     0.000     0.000 r  
                                                      0.000     0.000 r  pl_clk (IN)
                         net (fo=3091, unset)         0.973     0.973    u_chain/u_fir/pl_clk
    SLICE_X20Y30         FDRE                                         r  u_chain/u_fir/eng_prod_valid_reg[1]/C
  -------------------------------------------------------------------    -------------------
    SLICE_X20Y30         FDRE (Prop_fdre_C_Q)         0.478     1.451 f  u_chain/u_fir/eng_prod_valid_reg[1]/Q
                         net (fo=14, routed)          0.848     2.299    u_chain/u_fir/eng_prod_valid_reg[1]__0
    SLICE_X19Y30         LUT5 (Prop_lut5_I4_O)        0.295     2.594 f  u_chain/u_fir/next_eng[1]_i_18/O
                         net (fo=1, routed)           0.804     3.398    u_chain/u_fir/next_eng[1]_i_18_n_0
    SLICE_X17Y30         LUT6 (Prop_lut6_I0_O)        0.124     3.522 r  u_chain/u_fir/next_eng[1]_i_12/O
                         net (fo=1, routed)           0.000     3.522    u_chain/u_fir/next_eng[1]_i_12_n_0
    SLICE_X17Y30         MUXF7 (Prop_muxf7_I0_O)      0.238     3.760 r  u_chain/u_fir/next_eng_reg[1]_i_7/O
                         net (fo=1, routed)           0.637     4.396    u_chain/u_fir/next_eng_reg[1]_i_7_n_0
    SLICE_X19Y29         LUT6 (Prop_lut6_I3_O)        0.298     4.694 r  u_chain/u_fir/next_eng[1]_i_4/O
                         net (fo=8, routed)           0.552     5.246    u_chain/u_fir/next_eng[1]_i_4_n_0
    SLICE_X20Y32         LUT6 (Prop_lut6_I0_O)        0.124     5.370 f  u_chain/u_fir/eng_fill[0][15]_i_5/O
                         net (fo=12, routed)          0.822     6.192    u_chain/u_fir/eng_fill[0][15]_i_5_n_0
    SLICE_X17Y33         LUT2 (Prop_lut2_I1_O)        0.152     6.344 r  u_chain/u_fir/eng_fill[1][15]_i_2/O
                         net (fo=56, routed)          0.890     7.234    u_chain/u_fir/eng_fill[1][15]_i_2_n_0
    SLICE_X21Y34         LUT3 (Prop_lut3_I0_O)        0.357     7.591 r  u_chain/u_fir/eng_fill[7][15]_i_1/O
                         net (fo=44, routed)          0.931     8.521    u_chain/u_fir/next_eng_reg[0]_3[0]
    SLICE_X25Y39         LUT5 (Prop_lut5_I3_O)        0.326     8.847 r  u_chain/u_fir/eng_acc_i[7][0]_i_1/O
                         net (fo=80, routed)          1.136     9.983    u_chain/u_fir/eng_acc_i[7][0]_i_1_n_0
    SLICE_X26Y50         FDRE                                         r  u_chain/u_fir/eng_acc_q_reg[7][30]/R
  -------------------------------------------------------------------    -------------------

                         (clock pl_clk rise edge)    10.000    10.000 r  
                                                      0.000    10.000 r  pl_clk (IN)
                         net (fo=3091, unset)         0.924    10.924    u_chain/u_fir/pl_clk
    SLICE_X26Y50         FDRE                                         r  u_chain/u_fir/eng_acc_q_reg[7][30]/C
                         clock pessimism              0.000    10.924    
                         clock uncertainty           -0.035    10.889    
    SLICE_X26Y50         FDRE (Setup_fdre_C_R)       -0.631    10.258    u_chain/u_fir/eng_acc_q_reg[7][30]
  -------------------------------------------------------------------
                         required time                         10.258    
                         arrival time                          -9.983    
  -------------------------------------------------------------------
                         slack                                  0.275    

Slack (MET) :             0.275ns  (required time - arrival time)
  Source:                 u_chain/u_fir/eng_prod_valid_reg[1]/C
                            (rising edge-triggered cell FDRE clocked by pl_clk  {rise@0.000ns fall@5.000ns period=10.000ns})
  Destination:            u_chain/u_fir/eng_acc_q_reg[7][31]/R
                            (rising edge-triggered cell FDRE clocked by pl_clk  {rise@0.000ns fall@5.000ns period=10.000ns})
  Path Group:             pl_clk
  Path Type:              Setup (Max at Slow Process Corner)
  Requirement:            10.000ns  (pl_clk rise@10.000ns - pl_clk rise@0.000ns)
  Data Path Delay:        9.010ns  (logic 2.392ns (26.548%)  route 6.618ns (73.452%))
  Logic Levels:           8  (LUT2=1 LUT3=1 LUT5=2 LUT6=3 MUXF7=1)
  Clock Path Skew:        -0.049ns (DCD - SCD + CPR)
    Destination Clock Delay (DCD):    0.924ns = ( 10.924 - 10.000 ) 
    Source Clock Delay      (SCD):    0.973ns
    Clock Pessimism Removal (CPR):    0.000ns
  Clock Uncertainty:      0.035ns  ((TSJ^2 + TIJ^2)^1/2 + DJ) / 2 + PE
    Total System Jitter     (TSJ):    0.071ns
    Total Input Jitter      (TIJ):    0.000ns
    Discrete Jitter          (DJ):    0.000ns
    Phase Error              (PE):    0.000ns

    Location             Delay type                Incr(ns)  Path(ns)    Netlist Resource(s)
  -------------------------------------------------------------------    -------------------
                         (clock pl_clk rise edge)     0.000     0.000 r  
                                                      0.000     0.000 r  pl_clk (IN)
                         net (fo=3091, unset)         0.973     0.973    u_chain/u_fir/pl_clk
    SLICE_X20Y30         FDRE                                         r  u_chain/u_fir/eng_prod_valid_reg[1]/C
  -------------------------------------------------------------------    -------------------
    SLICE_X20Y30         FDRE (Prop_fdre_C_Q)         0.478     1.451 f  u_chain/u_fir/eng_prod_valid_reg[1]/Q
                         net (fo=14, routed)          0.848     2.299    u_chain/u_fir/eng_prod_valid_reg[1]__0
    SLICE_X19Y30         LUT5 (Prop_lut5_I4_O)        0.295     2.594 f  u_chain/u_fir/next_eng[1]_i_18/O
                         net (fo=1, routed)           0.804     3.398    u_chain/u_fir/next_eng[1]_i_18_n_0
    SLICE_X17Y30         LUT6 (Prop_lut6_I0_O)        0.124     3.522 r  u_chain/u_fir/next_eng[1]_i_12/O
                         net (fo=1, routed)           0.000     3.522    u_chain/u_fir/next_eng[1]_i_12_n_0
    SLICE_X17Y30         MUXF7 (Prop_muxf7_I0_O)      0.238     3.760 r  u_chain/u_fir/next_eng_reg[1]_i_7/O
                         net (fo=1, routed)           0.637     4.396    u_chain/u_fir/next_eng_reg[1]_i_7_n_0
    SLICE_X19Y29         LUT6 (Prop_lut6_I3_O)        0.298     4.694 r  u_chain/u_fir/next_eng[1]_i_4/O
                         net (fo=8, routed)           0.552     5.246    u_chain/u_fir/next_eng[1]_i_4_n_0
    SLICE_X20Y32         LUT6 (Prop_lut6_I0_O)        0.124     5.370 f  u_chain/u_fir/eng_fill[0][15]_i_5/O
                         net (fo=12, routed)          0.822     6.192    u_chain/u_fir/eng_fill[0][15]_i_5_n_0
    SLICE_X17Y33         LUT2 (Prop_lut2_I1_O)        0.152     6.344 r  u_chain/u_fir/eng_fill[1][15]_i_2/O
                         net (fo=56, routed)          0.890     7.234    u_chain/u_fir/eng_fill[1][15]_i_2_n_0
    SLICE_X21Y34         LUT3 (Prop_lut3_I0_O)        0.357     7.591 r  u_chain/u_fir/eng_fill[7][15]_i_1/O
                         net (fo=44, routed)          0.931     8.521    u_chain/u_fir/next_eng_reg[0]_3[0]
    SLICE_X25Y39         LUT5 (Prop_lut5_I3_O)        0.326     8.847 r  u_chain/u_fir/eng_acc_i[7][0]_i_1/O
                         net (fo=80, routed)          1.136     9.983    u_chain/u_fir/eng_acc_i[7][0]_i_1_n_0
    SLICE_X26Y50         FDRE                                         r  u_chain/u_fir/eng_acc_q_reg[7][31]/R
  -------------------------------------------------------------------    -------------------

                         (clock pl_clk rise edge)    10.000    10.000 r  
                                                      0.000    10.000 r  pl_clk (IN)
                         net (fo=3091, unset)         0.924    10.924    u_chain/u_fir/pl_clk
    SLICE_X26Y50         FDRE                                         r  u_chain/u_fir/eng_acc_q_reg[7][31]/C
                         clock pessimism              0.000    10.924    
                         clock uncertainty           -0.035    10.889    
    SLICE_X26Y50         FDRE (Setup_fdre_C_R)       -0.631    10.258    u_chain/u_fir/eng_acc_q_reg[7][31]
  -------------------------------------------------------------------
                         required time                         10.258    
                         arrival time                          -9.983    
  -------------------------------------------------------------------
                         slack                                  0.275    

Slack (MET) :             0.276ns  (required time - arrival time)
  Source:                 u_chain/u_fir/eng_prod_valid_reg[1]/C
                            (rising edge-triggered cell FDRE clocked by pl_clk  {rise@0.000ns fall@5.000ns period=10.000ns})
  Destination:            u_chain/u_fir/eng_acc_i_reg[1][12]/R
                            (rising edge-triggered cell FDRE clocked by pl_clk  {rise@0.000ns fall@5.000ns period=10.000ns})
  Path Group:             pl_clk
  Path Type:              Setup (Max at Slow Process Corner)
  Requirement:            10.000ns  (pl_clk rise@10.000ns - pl_clk rise@0.000ns)
  Data Path Delay:        9.008ns  (logic 2.422ns (26.887%)  route 6.586ns (73.113%))
  Logic Levels:           8  (LUT2=1 LUT3=1 LUT5=2 LUT6=3 MUXF7=1)
  Clock Path Skew:        -0.049ns (DCD - SCD + CPR)
    Destination Clock Delay (DCD):    0.924ns = ( 10.924 - 10.000 ) 
    Source Clock Delay      (SCD):    0.973ns
    Clock Pessimism Removal (CPR):    0.000ns
  Clock Uncertainty:      0.035ns  ((TSJ^2 + TIJ^2)^1/2 + DJ) / 2 + PE
    Total System Jitter     (TSJ):    0.071ns
    Total Input Jitter      (TIJ):    0.000ns
    Discrete Jitter          (DJ):    0.000ns
    Phase Error              (PE):    0.000ns

    Location             Delay type                Incr(ns)  Path(ns)    Netlist Resource(s)
  -------------------------------------------------------------------    -------------------
                         (clock pl_clk rise edge)     0.000     0.000 r  
                                                      0.000     0.000 r  pl_clk (IN)
                         net (fo=3091, unset)         0.973     0.973    u_chain/u_fir/pl_clk
    SLICE_X20Y30         FDRE                                         r  u_chain/u_fir/eng_prod_valid_reg[1]/C
  -------------------------------------------------------------------    -------------------
    SLICE_X20Y30         FDRE (Prop_fdre_C_Q)         0.478     1.451 f  u_chain/u_fir/eng_prod_valid_reg[1]/Q
                         net (fo=14, routed)          0.848     2.299    u_chain/u_fir/eng_prod_valid_reg[1]__0
    SLICE_X19Y30         LUT5 (Prop_lut5_I4_O)        0.295     2.594 f  u_chain/u_fir/next_eng[1]_i_18/O
                         net (fo=1, routed)           0.804     3.398    u_chain/u_fir/next_eng[1]_i_18_n_0
    SLICE_X17Y30         LUT6 (Prop_lut6_I0_O)        0.124     3.522 r  u_chain/u_fir/next_eng[1]_i_12/O
                         net (fo=1, routed)           0.000     3.522    u_chain/u_fir/next_eng[1]_i_12_n_0
    SLICE_X17Y30         MUXF7 (Prop_muxf7_I0_O)      0.238     3.760 r  u_chain/u_fir/next_eng_reg[1]_i_7/O
                         net (fo=1, routed)           0.637     4.396    u_chain/u_fir/next_eng_reg[1]_i_7_n_0
    SLICE_X19Y29         LUT6 (Prop_lut6_I3_O)        0.298     4.694 r  u_chain/u_fir/next_eng[1]_i_4/O
                         net (fo=8, routed)           0.552     5.246    u_chain/u_fir/next_eng[1]_i_4_n_0
    SLICE_X20Y32         LUT6 (Prop_lut6_I0_O)        0.124     5.370 f  u_chain/u_fir/eng_fill[0][15]_i_5/O
                         net (fo=12, routed)          0.822     6.192    u_chain/u_fir/eng_fill[0][15]_i_5_n_0
    SLICE_X17Y33         LUT2 (Prop_lut2_I1_O)        0.152     6.344 r  u_chain/u_fir/eng_fill[1][15]_i_2/O
                         net (fo=56, routed)          0.943     7.288    u_chain/u_fir/eng_fill[1][15]_i_2_n_0
    SLICE_X15Y31         LUT3 (Prop_lut3_I0_O)        0.358     7.646 r  u_chain/u_fir/eng_fill[1][15]_i_1/O
                         net (fo=44, routed)          0.781     8.426    u_chain/u_fir/next_eng_reg[1]_2[0]
    SLICE_X15Y33         LUT5 (Prop_lut5_I3_O)        0.355     8.781 r  u_chain/u_fir/eng_acc_i[1][0]_i_1/O
                         net (fo=80, routed)          1.200     9.981    u_chain/u_fir/eng_acc_i[1][0]_i_1_n_0
    SLICE_X9Y34          FDRE                                         r  u_chain/u_fir/eng_acc_i_reg[1][12]/R
  -------------------------------------------------------------------    -------------------

                         (clock pl_clk rise edge)    10.000    10.000 r  
                                                      0.000    10.000 r  pl_clk (IN)
                         net (fo=3091, unset)         0.924    10.924    u_chain/u_fir/pl_clk
    SLICE_X9Y34          FDRE                                         r  u_chain/u_fir/eng_acc_i_reg[1][12]/C
                         clock pessimism              0.000    10.924    
                         clock uncertainty           -0.035    10.889    
    SLICE_X9Y34          FDRE (Setup_fdre_C_R)       -0.632    10.257    u_chain/u_fir/eng_acc_i_reg[1][12]
  -------------------------------------------------------------------
                         required time                         10.257    
                         arrival time                          -9.981    
  -------------------------------------------------------------------
                         slack                                  0.276    

Slack (MET) :             0.276ns  (required time - arrival time)
  Source:                 u_chain/u_fir/eng_prod_valid_reg[1]/C
                            (rising edge-triggered cell FDRE clocked by pl_clk  {rise@0.000ns fall@5.000ns period=10.000ns})
  Destination:            u_chain/u_fir/eng_acc_i_reg[1][13]/R
                            (rising edge-triggered cell FDRE clocked by pl_clk  {rise@0.000ns fall@5.000ns period=10.000ns})
  Path Group:             pl_clk
  Path Type:              Setup (Max at Slow Process Corner)
  Requirement:            10.000ns  (pl_clk rise@10.000ns - pl_clk rise@0.000ns)
  Data Path Delay:        9.008ns  (logic 2.422ns (26.887%)  route 6.586ns (73.113%))
  Logic Levels:           8  (LUT2=1 LUT3=1 LUT5=2 LUT6=3 MUXF7=1)
  Clock Path Skew:        -0.049ns (DCD - SCD + CPR)
    Destination Clock Delay (DCD):    0.924ns = ( 10.924 - 10.000 ) 
    Source Clock Delay      (SCD):    0.973ns
    Clock Pessimism Removal (CPR):    0.000ns
  Clock Uncertainty:      0.035ns  ((TSJ^2 + TIJ^2)^1/2 + DJ) / 2 + PE
    Total System Jitter     (TSJ):    0.071ns
    Total Input Jitter      (TIJ):    0.000ns
    Discrete Jitter          (DJ):    0.000ns
    Phase Error              (PE):    0.000ns

    Location             Delay type                Incr(ns)  Path(ns)    Netlist Resource(s)
  -------------------------------------------------------------------    -------------------
                         (clock pl_clk rise edge)     0.000     0.000 r  
                                                      0.000     0.000 r  pl_clk (IN)
                         net (fo=3091, unset)         0.973     0.973    u_chain/u_fir/pl_clk
    SLICE_X20Y30         FDRE                                         r  u_chain/u_fir/eng_prod_valid_reg[1]/C
  -------------------------------------------------------------------    -------------------
    SLICE_X20Y30         FDRE (Prop_fdre_C_Q)         0.478     1.451 f  u_chain/u_fir/eng_prod_valid_reg[1]/Q
                         net (fo=14, routed)          0.848     2.299    u_chain/u_fir/eng_prod_valid_reg[1]__0
    SLICE_X19Y30         LUT5 (Prop_lut5_I4_O)        0.295     2.594 f  u_chain/u_fir/next_eng[1]_i_18/O
                         net (fo=1, routed)           0.804     3.398    u_chain/u_fir/next_eng[1]_i_18_n_0
    SLICE_X17Y30         LUT6 (Prop_lut6_I0_O)        0.124     3.522 r  u_chain/u_fir/next_eng[1]_i_12/O
                         net (fo=1, routed)           0.000     3.522    u_chain/u_fir/next_eng[1]_i_12_n_0
    SLICE_X17Y30         MUXF7 (Prop_muxf7_I0_O)      0.238     3.760 r  u_chain/u_fir/next_eng_reg[1]_i_7/O
                         net (fo=1, routed)           0.637     4.396    u_chain/u_fir/next_eng_reg[1]_i_7_n_0
    SLICE_X19Y29         LUT6 (Prop_lut6_I3_O)        0.298     4.694 r  u_chain/u_fir/next_eng[1]_i_4/O
                         net (fo=8, routed)           0.552     5.246    u_chain/u_fir/next_eng[1]_i_4_n_0
    SLICE_X20Y32         LUT6 (Prop_lut6_I0_O)        0.124     5.370 f  u_chain/u_fir/eng_fill[0][15]_i_5/O
                         net (fo=12, routed)          0.822     6.192    u_chain/u_fir/eng_fill[0][15]_i_5_n_0
    SLICE_X17Y33         LUT2 (Prop_lut2_I1_O)        0.152     6.344 r  u_chain/u_fir/eng_fill[1][15]_i_2/O
                         net (fo=56, routed)          0.943     7.288    u_chain/u_fir/eng_fill[1][15]_i_2_n_0
    SLICE_X15Y31         LUT3 (Prop_lut3_I0_O)        0.358     7.646 r  u_chain/u_fir/eng_fill[1][15]_i_1/O
                         net (fo=44, routed)          0.781     8.426    u_chain/u_fir/next_eng_reg[1]_2[0]
    SLICE_X15Y33         LUT5 (Prop_lut5_I3_O)        0.355     8.781 r  u_chain/u_fir/eng_acc_i[1][0]_i_1/O
                         net (fo=80, routed)          1.200     9.981    u_chain/u_fir/eng_acc_i[1][0]_i_1_n_0
    SLICE_X9Y34          FDRE                                         r  u_chain/u_fir/eng_acc_i_reg[1][13]/R
  -------------------------------------------------------------------    -------------------

                         (clock pl_clk rise edge)    10.000    10.000 r  
                                                      0.000    10.000 r  pl_clk (IN)
                         net (fo=3091, unset)         0.924    10.924    u_chain/u_fir/pl_clk
    SLICE_X9Y34          FDRE                                         r  u_chain/u_fir/eng_acc_i_reg[1][13]/C
                         clock pessimism              0.000    10.924    
                         clock uncertainty           -0.035    10.889    
    SLICE_X9Y34          FDRE (Setup_fdre_C_R)       -0.632    10.257    u_chain/u_fir/eng_acc_i_reg[1][13]
  -------------------------------------------------------------------
                         required time                         10.257    
                         arrival time                          -9.981    
  -------------------------------------------------------------------
                         slack                                  0.276    





Min Delay Paths
--------------------------------------------------------------------------------------
Slack (MET) :             0.122ns  (arrival time - required time)
  Source:                 u_ingress/m_q_reg[13]/C
                            (rising edge-triggered cell FDCE clocked by pl_clk  {rise@0.000ns fall@5.000ns period=10.000ns})
  Destination:            u_chain/u_ddc/iq_q_s0_reg[13]/D
                            (rising edge-triggered cell FDCE clocked by pl_clk  {rise@0.000ns fall@5.000ns period=10.000ns})
  Path Group:             pl_clk
  Path Type:              Hold (Min at Fast Process Corner)
  Requirement:            0.000ns  (pl_clk rise@0.000ns - pl_clk rise@0.000ns)
  Data Path Delay:        0.228ns  (logic 0.141ns (61.814%)  route 0.087ns (38.186%))
  Logic Levels:           0  
  Clock Path Skew:        0.022ns (DCD - SCD - CPR)
    Destination Clock Delay (DCD):    0.432ns
    Source Clock Delay      (SCD):    0.410ns
    Clock Pessimism Removal (CPR):    -0.000ns

    Location             Delay type                Incr(ns)  Path(ns)    Netlist Resource(s)
  -------------------------------------------------------------------    -------------------
                         (clock pl_clk rise edge)     0.000     0.000 r  
                                                      0.000     0.000 r  pl_clk (IN)
                         net (fo=3091, unset)         0.410     0.410    u_ingress/pl_clk
    SLICE_X33Y13         FDCE                                         r  u_ingress/m_q_reg[13]/C
  -------------------------------------------------------------------    -------------------
    SLICE_X33Y13         FDCE (Prop_fdce_C_Q)         0.141     0.551 r  u_ingress/m_q_reg[13]/Q
                         net (fo=1, routed)           0.087     0.638    u_chain/u_ddc/iq_q_s0_reg[15]_0[13]
    SLICE_X32Y13         FDCE                                         r  u_chain/u_ddc/iq_q_s0_reg[13]/D
  -------------------------------------------------------------------    -------------------

                         (clock pl_clk rise edge)     0.000     0.000 r  
                                                      0.000     0.000 r  pl_clk (IN)
                         net (fo=3091, unset)         0.432     0.432    u_chain/u_ddc/pl_clk
    SLICE_X32Y13         FDCE                                         r  u_chain/u_ddc/iq_q_s0_reg[13]/C
                         clock pessimism              0.000     0.432    
    SLICE_X32Y13         FDCE (Hold_fdce_C_D)         0.085     0.517    u_chain/u_ddc/iq_q_s0_reg[13]
  -------------------------------------------------------------------
                         required time                         -0.517    
                         arrival time                           0.638    
  -------------------------------------------------------------------
                         slack                                  0.122    

Slack (MET) :             0.132ns  (arrival time - required time)
  Source:                 u_chain/u_ddc/stage1_valid_reg/C
                            (rising edge-triggered cell FDCE clocked by pl_clk  {rise@0.000ns fall@5.000ns period=10.000ns})
  Destination:            u_chain/u_ddc/stage2_valid_reg/D
                            (rising edge-triggered cell FDCE clocked by pl_clk  {rise@0.000ns fall@5.000ns period=10.000ns})
  Path Group:             pl_clk
  Path Type:              Hold (Min at Fast Process Corner)
  Requirement:            0.000ns  (pl_clk rise@0.000ns - pl_clk rise@0.000ns)
  Data Path Delay:        0.276ns  (logic 0.189ns (68.452%)  route 0.087ns (31.548%))
  Logic Levels:           1  (LUT2=1)
  Clock Path Skew:        0.022ns (DCD - SCD - CPR)
    Destination Clock Delay (DCD):    0.432ns
    Source Clock Delay      (SCD):    0.410ns
    Clock Pessimism Removal (CPR):    -0.000ns

    Location             Delay type                Incr(ns)  Path(ns)    Netlist Resource(s)
  -------------------------------------------------------------------    -------------------
                         (clock pl_clk rise edge)     0.000     0.000 r  
                                                      0.000     0.000 r  pl_clk (IN)
                         net (fo=3091, unset)         0.410     0.410    u_chain/u_ddc/pl_clk
    SLICE_X39Y11         FDCE                                         r  u_chain/u_ddc/stage1_valid_reg/C
  -------------------------------------------------------------------    -------------------
    SLICE_X39Y11         FDCE (Prop_fdce_C_Q)         0.141     0.551 r  u_chain/u_ddc/stage1_valid_reg/Q
                         net (fo=1, routed)           0.087     0.638    u_chain/u_ddc/stage1_valid
    SLICE_X38Y11         LUT2 (Prop_lut2_I1_O)        0.048     0.686 r  u_chain/u_ddc/stage2_valid_i_1/O
                         net (fo=103, routed)         0.000     0.686    u_chain/u_ddc/stage2_valid3_out
    SLICE_X38Y11         FDCE                                         r  u_chain/u_ddc/stage2_valid_reg/D
  -------------------------------------------------------------------    -------------------

                         (clock pl_clk rise edge)     0.000     0.000 r  
                                                      0.000     0.000 r  pl_clk (IN)
                         net (fo=3091, unset)         0.432     0.432    u_chain/u_ddc/pl_clk
    SLICE_X38Y11         FDCE                                         r  u_chain/u_ddc/stage2_valid_reg/C
                         clock pessimism              0.000     0.432    
    SLICE_X38Y11         FDCE (Hold_fdce_C_D)         0.123     0.555    u_chain/u_ddc/stage2_valid_reg
  -------------------------------------------------------------------
                         required time                         -0.555    
                         arrival time                           0.686    
  -------------------------------------------------------------------
                         slack                                  0.132    

Slack (MET) :             0.143ns  (arrival time - required time)
  Source:                 u_chain/u_fir/eng_phase_reg[10][1]/C
                            (rising edge-triggered cell FDRE clocked by pl_clk  {rise@0.000ns fall@5.000ns period=10.000ns})
  Destination:            u_chain/u_fir/eng_phase_reg[10][2]/D
                            (rising edge-triggered cell FDRE clocked by pl_clk  {rise@0.000ns fall@5.000ns period=10.000ns})
  Path Group:             pl_clk
  Path Type:              Hold (Min at Fast Process Corner)
  Requirement:            0.000ns  (pl_clk rise@0.000ns - pl_clk rise@0.000ns)
  Data Path Delay:        0.285ns  (logic 0.186ns (65.170%)  route 0.099ns (34.830%))
  Logic Levels:           1  (LUT6=1)
  Clock Path Skew:        0.022ns (DCD - SCD - CPR)
    Destination Clock Delay (DCD):    0.432ns
    Source Clock Delay      (SCD):    0.410ns
    Clock Pessimism Removal (CPR):    -0.000ns

    Location             Delay type                Incr(ns)  Path(ns)    Netlist Resource(s)
  -------------------------------------------------------------------    -------------------
                         (clock pl_clk rise edge)     0.000     0.000 r  
                                                      0.000     0.000 r  pl_clk (IN)
                         net (fo=3091, unset)         0.410     0.410    u_chain/u_fir/pl_clk
    SLICE_X39Y25         FDRE                                         r  u_chain/u_fir/eng_phase_reg[10][1]/C
  -------------------------------------------------------------------    -------------------
    SLICE_X39Y25         FDRE (Prop_fdre_C_Q)         0.141     0.551 r  u_chain/u_fir/eng_phase_reg[10][1]/Q
                         net (fo=25, routed)          0.099     0.651    u_chain/u_fir/eng_phase_reg_n_0_[10][1]
    SLICE_X38Y25         LUT6 (Prop_lut6_I4_O)        0.045     0.696 r  u_chain/u_fir/eng_phase[10][2]_i_1/O
                         net (fo=1, routed)           0.000     0.696    u_chain/u_fir/eng_phase[10][2]_i_1_n_0
    SLICE_X38Y25         FDRE                                         r  u_chain/u_fir/eng_phase_reg[10][2]/D
  -------------------------------------------------------------------    -------------------

                         (clock pl_clk rise edge)     0.000     0.000 r  
                                                      0.000     0.000 r  pl_clk (IN)
                         net (fo=3091, unset)         0.432     0.432    u_chain/u_fir/pl_clk
    SLICE_X38Y25         FDRE                                         r  u_chain/u_fir/eng_phase_reg[10][2]/C
                         clock pessimism              0.000     0.432    
    SLICE_X38Y25         FDRE (Hold_fdre_C_D)         0.121     0.553    u_chain/u_fir/eng_phase_reg[10][2]
  -------------------------------------------------------------------
                         required time                         -0.553    
                         arrival time                           0.696    
  -------------------------------------------------------------------
                         slack                                  0.143    

Slack (MET) :             0.159ns  (arrival time - required time)
  Source:                 u_lite/soft_rst_pulse_reg/C
                            (rising edge-triggered cell FDCE clocked by pl_clk  {rise@0.000ns fall@5.000ns period=10.000ns})
  Destination:            result_q_reg[23]/D
                            (rising edge-triggered cell FDCE clocked by pl_clk  {rise@0.000ns fall@5.000ns period=10.000ns})
  Path Group:             pl_clk
  Path Type:              Hold (Min at Fast Process Corner)
  Requirement:            0.000ns  (pl_clk rise@0.000ns - pl_clk rise@0.000ns)
  Data Path Delay:        0.311ns  (logic 0.189ns (60.706%)  route 0.122ns (39.294%))
  Logic Levels:           1  (LUT3=1)
  Clock Path Skew:        0.022ns (DCD - SCD - CPR)
    Destination Clock Delay (DCD):    0.432ns
    Source Clock Delay      (SCD):    0.410ns
    Clock Pessimism Removal (CPR):    -0.000ns

    Location             Delay type                Incr(ns)  Path(ns)    Netlist Resource(s)
  -------------------------------------------------------------------    -------------------
                         (clock pl_clk rise edge)     0.000     0.000 r  
                                                      0.000     0.000 r  pl_clk (IN)
                         net (fo=3091, unset)         0.410     0.410    u_lite/pl_clk
    SLICE_X5Y27          FDCE                                         r  u_lite/soft_rst_pulse_reg/C
  -------------------------------------------------------------------    -------------------
    SLICE_X5Y27          FDCE (Prop_fdce_C_Q)         0.141     0.551 f  u_lite/soft_rst_pulse_reg/Q
                         net (fo=59, routed)          0.122     0.673    u_chain/u_integration/soft_rst_pulse
    SLICE_X4Y27          LUT3 (Prop_lut3_I1_O)        0.048     0.721 r  u_chain/u_integration/result_q[23]_i_1/O
                         net (fo=1, routed)           0.000     0.721    u_chain_n_38
    SLICE_X4Y27          FDCE                                         r  result_q_reg[23]/D
  -------------------------------------------------------------------    -------------------

                         (clock pl_clk rise edge)     0.000     0.000 r  
                                                      0.000     0.000 r  pl_clk (IN)
                         net (fo=3091, unset)         0.432     0.432    pl_clk
    SLICE_X4Y27          FDCE                                         r  result_q_reg[23]/C
                         clock pessimism              0.000     0.432    
    SLICE_X4Y27          FDCE (Hold_fdce_C_D)         0.131     0.563    result_q_reg[23]
  -------------------------------------------------------------------
                         required time                         -0.563    
                         arrival time                           0.721    
  -------------------------------------------------------------------
                         slack                                  0.159    

Slack (MET) :             0.159ns  (arrival time - required time)
  Source:                 u_chain/u_ddc/iq_i_s0_reg[0]/C
                            (rising edge-triggered cell FDCE clocked by pl_clk  {rise@0.000ns fall@5.000ns period=10.000ns})
  Destination:            u_chain/u_ddc/iq_i_s1_reg[0]/D
                            (rising edge-triggered cell FDCE clocked by pl_clk  {rise@0.000ns fall@5.000ns period=10.000ns})
  Path Group:             pl_clk
  Path Type:              Hold (Min at Fast Process Corner)
  Requirement:            0.000ns  (pl_clk rise@0.000ns - pl_clk rise@0.000ns)
  Data Path Delay:        0.238ns  (logic 0.141ns (59.277%)  route 0.097ns (40.723%))
  Logic Levels:           0  
  Clock Path Skew:        0.022ns (DCD - SCD - CPR)
    Destination Clock Delay (DCD):    0.432ns
    Source Clock Delay      (SCD):    0.410ns
    Clock Pessimism Removal (CPR):    -0.000ns

    Location             Delay type                Incr(ns)  Path(ns)    Netlist Resource(s)
  -------------------------------------------------------------------    -------------------
                         (clock pl_clk rise edge)     0.000     0.000 r  
                                                      0.000     0.000 r  pl_clk (IN)
                         net (fo=3091, unset)         0.410     0.410    u_chain/u_ddc/pl_clk
    SLICE_X37Y5          FDCE                                         r  u_chain/u_ddc/iq_i_s0_reg[0]/C
  -------------------------------------------------------------------    -------------------
    SLICE_X37Y5          FDCE (Prop_fdce_C_Q)         0.141     0.551 r  u_chain/u_ddc/iq_i_s0_reg[0]/Q
                         net (fo=1, routed)           0.097     0.648    u_chain/u_ddc/iq_i_s0_reg_n_0_[0]
    SLICE_X36Y5          FDCE                                         r  u_chain/u_ddc/iq_i_s1_reg[0]/D
  -------------------------------------------------------------------    -------------------

                         (clock pl_clk rise edge)     0.000     0.000 r  
                                                      0.000     0.000 r  pl_clk (IN)
                         net (fo=3091, unset)         0.432     0.432    u_chain/u_ddc/pl_clk
    SLICE_X36Y5          FDCE                                         r  u_chain/u_ddc/iq_i_s1_reg[0]/C
                         clock pessimism              0.000     0.432    
    SLICE_X36Y5          FDCE (Hold_fdce_C_D)         0.057     0.489    u_chain/u_ddc/iq_i_s1_reg[0]
  -------------------------------------------------------------------
                         required time                         -0.489    
                         arrival time                           0.648    
  -------------------------------------------------------------------
                         slack                                  0.159    

Slack (MET) :             0.159ns  (arrival time - required time)
  Source:                 u_chain/u_ddc/iq_i_s0_reg[10]/C
                            (rising edge-triggered cell FDCE clocked by pl_clk  {rise@0.000ns fall@5.000ns period=10.000ns})
  Destination:            u_chain/u_ddc/iq_i_s1_reg[10]/D
                            (rising edge-triggered cell FDCE clocked by pl_clk  {rise@0.000ns fall@5.000ns period=10.000ns})
  Path Group:             pl_clk
  Path Type:              Hold (Min at Fast Process Corner)
  Requirement:            0.000ns  (pl_clk rise@0.000ns - pl_clk rise@0.000ns)
  Data Path Delay:        0.238ns  (logic 0.141ns (59.277%)  route 0.097ns (40.723%))
  Logic Levels:           0  
  Clock Path Skew:        0.022ns (DCD - SCD - CPR)
    Destination Clock Delay (DCD):    0.432ns
    Source Clock Delay      (SCD):    0.410ns
    Clock Pessimism Removal (CPR):    -0.000ns

    Location             Delay type                Incr(ns)  Path(ns)    Netlist Resource(s)
  -------------------------------------------------------------------    -------------------
                         (clock pl_clk rise edge)     0.000     0.000 r  
                                                      0.000     0.000 r  pl_clk (IN)
                         net (fo=3091, unset)         0.410     0.410    u_chain/u_ddc/pl_clk
    SLICE_X37Y6          FDCE                                         r  u_chain/u_ddc/iq_i_s0_reg[10]/C
  -------------------------------------------------------------------    -------------------
    SLICE_X37Y6          FDCE (Prop_fdce_C_Q)         0.141     0.551 r  u_chain/u_ddc/iq_i_s0_reg[10]/Q
                         net (fo=1, routed)           0.097     0.648    u_chain/u_ddc/iq_i_s0_reg_n_0_[10]
    SLICE_X36Y6          FDCE                                         r  u_chain/u_ddc/iq_i_s1_reg[10]/D
  -------------------------------------------------------------------    -------------------

                         (clock pl_clk rise edge)     0.000     0.000 r  
                                                      0.000     0.000 r  pl_clk (IN)
                         net (fo=3091, unset)         0.432     0.432    u_chain/u_ddc/pl_clk
    SLICE_X36Y6          FDCE                                         r  u_chain/u_ddc/iq_i_s1_reg[10]/C
                         clock pessimism              0.000     0.432    
    SLICE_X36Y6          FDCE (Hold_fdce_C_D)         0.057     0.489    u_chain/u_ddc/iq_i_s1_reg[10]
  -------------------------------------------------------------------
                         required time                         -0.489    
                         arrival time                           0.648    
  -------------------------------------------------------------------
                         slack                                  0.159    

Slack (MET) :             0.159ns  (arrival time - required time)
  Source:                 u_chain/u_ddc/iq_i_s0_reg[15]/C
                            (rising edge-triggered cell FDCE clocked by pl_clk  {rise@0.000ns fall@5.000ns period=10.000ns})
  Destination:            u_chain/u_ddc/iq_i_s1_reg[15]/D
                            (rising edge-triggered cell FDCE clocked by pl_clk  {rise@0.000ns fall@5.000ns period=10.000ns})
  Path Group:             pl_clk
  Path Type:              Hold (Min at Fast Process Corner)
  Requirement:            0.000ns  (pl_clk rise@0.000ns - pl_clk rise@0.000ns)
  Data Path Delay:        0.238ns  (logic 0.141ns (59.277%)  route 0.097ns (40.723%))
  Logic Levels:           0  
  Clock Path Skew:        0.022ns (DCD - SCD - CPR)
    Destination Clock Delay (DCD):    0.432ns
    Source Clock Delay      (SCD):    0.410ns
    Clock Pessimism Removal (CPR):    -0.000ns

    Location             Delay type                Incr(ns)  Path(ns)    Netlist Resource(s)
  -------------------------------------------------------------------    -------------------
                         (clock pl_clk rise edge)     0.000     0.000 r  
                                                      0.000     0.000 r  pl_clk (IN)
                         net (fo=3091, unset)         0.410     0.410    u_chain/u_ddc/pl_clk
    SLICE_X37Y7          FDCE                                         r  u_chain/u_ddc/iq_i_s0_reg[15]/C
  -------------------------------------------------------------------    -------------------
    SLICE_X37Y7          FDCE (Prop_fdce_C_Q)         0.141     0.551 r  u_chain/u_ddc/iq_i_s0_reg[15]/Q
                         net (fo=1, routed)           0.097     0.648    u_chain/u_ddc/iq_i_s0_reg_n_0_[15]
    SLICE_X36Y7          FDCE                                         r  u_chain/u_ddc/iq_i_s1_reg[15]/D
  -------------------------------------------------------------------    -------------------

                         (clock pl_clk rise edge)     0.000     0.000 r  
                                                      0.000     0.000 r  pl_clk (IN)
                         net (fo=3091, unset)         0.432     0.432    u_chain/u_ddc/pl_clk
    SLICE_X36Y7          FDCE                                         r  u_chain/u_ddc/iq_i_s1_reg[15]/C
                         clock pessimism              0.000     0.432    
    SLICE_X36Y7          FDCE (Hold_fdce_C_D)         0.057     0.489    u_chain/u_ddc/iq_i_s1_reg[15]
  -------------------------------------------------------------------
                         required time                         -0.489    
                         arrival time                           0.648    
  -------------------------------------------------------------------
                         slack                                  0.159    

Slack (MET) :             0.159ns  (arrival time - required time)
  Source:                 u_chain/u_ddc/iq_i_s2_reg[12]/C
                            (rising edge-triggered cell FDCE clocked by pl_clk  {rise@0.000ns fall@5.000ns period=10.000ns})
  Destination:            u_chain/u_ddc/iq_i_s3_reg[12]/D
                            (rising edge-triggered cell FDCE clocked by pl_clk  {rise@0.000ns fall@5.000ns period=10.000ns})
  Path Group:             pl_clk
  Path Type:              Hold (Min at Fast Process Corner)
  Requirement:            0.000ns  (pl_clk rise@0.000ns - pl_clk rise@0.000ns)
  Data Path Delay:        0.251ns  (logic 0.141ns (56.174%)  route 0.110ns (43.826%))
  Logic Levels:           0  
  Clock Path Skew:        0.022ns (DCD - SCD - CPR)
    Destination Clock Delay (DCD):    0.432ns
    Source Clock Delay      (SCD):    0.410ns
    Clock Pessimism Removal (CPR):    -0.000ns

    Location             Delay type                Incr(ns)  Path(ns)    Netlist Resource(s)
  -------------------------------------------------------------------    -------------------
                         (clock pl_clk rise edge)     0.000     0.000 r  
                                                      0.000     0.000 r  pl_clk (IN)
                         net (fo=3091, unset)         0.410     0.410    u_chain/u_ddc/pl_clk
    SLICE_X33Y8          FDCE                                         r  u_chain/u_ddc/iq_i_s2_reg[12]/C
  -------------------------------------------------------------------    -------------------
    SLICE_X33Y8          FDCE (Prop_fdce_C_Q)         0.141     0.551 r  u_chain/u_ddc/iq_i_s2_reg[12]/Q
                         net (fo=1, routed)           0.110     0.661    u_chain/u_ddc/iq_i_s2[12]
    SLICE_X33Y7          FDCE                                         r  u_chain/u_ddc/iq_i_s3_reg[12]/D
  -------------------------------------------------------------------    -------------------

                         (clock pl_clk rise edge)     0.000     0.000 r  
                                                      0.000     0.000 r  pl_clk (IN)
                         net (fo=3091, unset)         0.432     0.432    u_chain/u_ddc/pl_clk
    SLICE_X33Y7          FDCE                                         r  u_chain/u_ddc/iq_i_s3_reg[12]/C
                         clock pessimism              0.000     0.432    
    SLICE_X33Y7          FDCE (Hold_fdce_C_D)         0.070     0.502    u_chain/u_ddc/iq_i_s3_reg[12]
  -------------------------------------------------------------------
                         required time                         -0.502    
                         arrival time                           0.661    
  -------------------------------------------------------------------
                         slack                                  0.159    

Slack (MET) :             0.159ns  (arrival time - required time)
  Source:                 u_chain/u_ddc/iq_i_s2_reg[13]/C
                            (rising edge-triggered cell FDCE clocked by pl_clk  {rise@0.000ns fall@5.000ns period=10.000ns})
  Destination:            u_chain/u_ddc/iq_i_s3_reg[13]/D
                            (rising edge-triggered cell FDCE clocked by pl_clk  {rise@0.000ns fall@5.000ns period=10.000ns})
  Path Group:             pl_clk
  Path Type:              Hold (Min at Fast Process Corner)
  Requirement:            0.000ns  (pl_clk rise@0.000ns - pl_clk rise@0.000ns)
  Data Path Delay:        0.251ns  (logic 0.141ns (56.174%)  route 0.110ns (43.826%))
  Logic Levels:           0  
  Clock Path Skew:        0.022ns (DCD - SCD - CPR)
    Destination Clock Delay (DCD):    0.432ns
    Source Clock Delay      (SCD):    0.410ns
    Clock Pessimism Removal (CPR):    -0.000ns

    Location             Delay type                Incr(ns)  Path(ns)    Netlist Resource(s)
  -------------------------------------------------------------------    -------------------
                         (clock pl_clk rise edge)     0.000     0.000 r  
                                                      0.000     0.000 r  pl_clk (IN)
                         net (fo=3091, unset)         0.410     0.410    u_chain/u_ddc/pl_clk
    SLICE_X33Y11         FDCE                                         r  u_chain/u_ddc/iq_i_s2_reg[13]/C
  -------------------------------------------------------------------    -------------------
    SLICE_X33Y11         FDCE (Prop_fdce_C_Q)         0.141     0.551 r  u_chain/u_ddc/iq_i_s2_reg[13]/Q
                         net (fo=1, routed)           0.110     0.661    u_chain/u_ddc/iq_i_s2[13]
    SLICE_X33Y10         FDCE                                         r  u_chain/u_ddc/iq_i_s3_reg[13]/D
  -------------------------------------------------------------------    -------------------

                         (clock pl_clk rise edge)     0.000     0.000 r  
                                                      0.000     0.000 r  pl_clk (IN)
                         net (fo=3091, unset)         0.432     0.432    u_chain/u_ddc/pl_clk
    SLICE_X33Y10         FDCE                                         r  u_chain/u_ddc/iq_i_s3_reg[13]/C
                         clock pessimism              0.000     0.432    
    SLICE_X33Y10         FDCE (Hold_fdce_C_D)         0.070     0.502    u_chain/u_ddc/iq_i_s3_reg[13]
  -------------------------------------------------------------------
                         required time                         -0.502    
                         arrival time                           0.661    
  -------------------------------------------------------------------
                         slack                                  0.159    

Slack (MET) :             0.159ns  (arrival time - required time)
  Source:                 u_ingress/m_q_reg[8]/C
                            (rising edge-triggered cell FDCE clocked by pl_clk  {rise@0.000ns fall@5.000ns period=10.000ns})
  Destination:            u_chain/u_ddc/iq_q_s0_reg[8]/D
                            (rising edge-triggered cell FDCE clocked by pl_clk  {rise@0.000ns fall@5.000ns period=10.000ns})
  Path Group:             pl_clk
  Path Type:              Hold (Min at Fast Process Corner)
  Requirement:            0.000ns  (pl_clk rise@0.000ns - pl_clk rise@0.000ns)
  Data Path Delay:        0.251ns  (logic 0.141ns (56.174%)  route 0.110ns (43.826%))
  Logic Levels:           0  
  Clock Path Skew:        0.022ns (DCD - SCD - CPR)
    Destination Clock Delay (DCD):    0.432ns
    Source Clock Delay      (SCD):    0.410ns
    Clock Pessimism Removal (CPR):    -0.000ns

    Location             Delay type                Incr(ns)  Path(ns)    Netlist Resource(s)
  -------------------------------------------------------------------    -------------------
                         (clock pl_clk rise edge)     0.000     0.000 r  
                                                      0.000     0.000 r  pl_clk (IN)
                         net (fo=3091, unset)         0.410     0.410    u_ingress/pl_clk
    SLICE_X35Y13         FDCE                                         r  u_ingress/m_q_reg[8]/C
  -------------------------------------------------------------------    -------------------
    SLICE_X35Y13         FDCE (Prop_fdce_C_Q)         0.141     0.551 r  u_ingress/m_q_reg[8]/Q
                         net (fo=1, routed)           0.110     0.661    u_chain/u_ddc/iq_q_s0_reg[15]_0[8]
    SLICE_X35Y12         FDCE                                         r  u_chain/u_ddc/iq_q_s0_reg[8]/D
  -------------------------------------------------------------------    -------------------

                         (clock pl_clk rise edge)     0.000     0.000 r  
                                                      0.000     0.000 r  pl_clk (IN)
                         net (fo=3091, unset)         0.432     0.432    u_chain/u_ddc/pl_clk
    SLICE_X35Y12         FDCE                                         r  u_chain/u_ddc/iq_q_s0_reg[8]/C
                         clock pessimism              0.000     0.432    
    SLICE_X35Y12         FDCE (Hold_fdce_C_D)         0.070     0.502    u_chain/u_ddc/iq_q_s0_reg[8]
  -------------------------------------------------------------------
                         required time                         -0.502    
                         arrival time                           0.661    
  -------------------------------------------------------------------
                         slack                                  0.159    





Pulse Width Checks
--------------------------------------------------------------------------------------
Clock Name:         pl_clk
Waveform(ns):       { 0.000 5.000 }
Period(ns):         10.000
Sources:            { pl_clk }

Check Type        Corner  Lib Pin             Reference Pin  Required(ns)  Actual(ns)  Slack(ns)  Location      Pin
Min Period        n/a     RAMB18E1/CLKARDCLK  n/a            2.944         10.000      7.056      RAMB18_X0Y14  u_chain/u_fir/gen_tap_bram[0].mem_reg/CLKARDCLK
Min Period        n/a     RAMB18E1/CLKBWRCLK  n/a            2.944         10.000      7.056      RAMB18_X0Y14  u_chain/u_fir/gen_tap_bram[0].mem_reg/CLKBWRCLK
Min Period        n/a     RAMB18E1/CLKARDCLK  n/a            2.944         10.000      7.056      RAMB18_X2Y8   u_chain/u_fir/gen_tap_bram[10].mem_reg/CLKARDCLK
Min Period        n/a     RAMB18E1/CLKBWRCLK  n/a            2.944         10.000      7.056      RAMB18_X2Y8   u_chain/u_fir/gen_tap_bram[10].mem_reg/CLKBWRCLK
Min Period        n/a     RAMB18E1/CLKARDCLK  n/a            2.944         10.000      7.056      RAMB18_X1Y10  u_chain/u_fir/gen_tap_bram[11].mem_reg/CLKARDCLK
Min Period        n/a     RAMB18E1/CLKBWRCLK  n/a            2.944         10.000      7.056      RAMB18_X1Y10  u_chain/u_fir/gen_tap_bram[11].mem_reg/CLKBWRCLK
Min Period        n/a     RAMB18E1/CLKARDCLK  n/a            2.944         10.000      7.056      RAMB18_X0Y10  u_chain/u_fir/gen_tap_bram[12].mem_reg/CLKARDCLK
Min Period        n/a     RAMB18E1/CLKBWRCLK  n/a            2.944         10.000      7.056      RAMB18_X0Y10  u_chain/u_fir/gen_tap_bram[12].mem_reg/CLKBWRCLK
Min Period        n/a     RAMB18E1/CLKARDCLK  n/a            2.944         10.000      7.056      RAMB18_X1Y6   u_chain/u_fir/gen_tap_bram[13].mem_reg/CLKARDCLK
Min Period        n/a     RAMB18E1/CLKBWRCLK  n/a            2.944         10.000      7.056      RAMB18_X1Y6   u_chain/u_fir/gen_tap_bram[13].mem_reg/CLKBWRCLK
Low Pulse Width   Slow    FDCE/C              n/a            0.500         5.000       4.500      SLICE_X33Y9   out_i_reg[15]_i_19/C
Low Pulse Width   Fast    FDCE/C              n/a            0.500         5.000       4.500      SLICE_X33Y9   out_i_reg[15]_i_19/C
Low Pulse Width   Slow    FDCE/C              n/a            0.500         5.000       4.500      SLICE_X2Y13   result_decision_reg/C
Low Pulse Width   Fast    FDCE/C              n/a            0.500         5.000       4.500      SLICE_X2Y13   result_decision_reg/C
Low Pulse Width   Slow    FDCE/C              n/a            0.500         5.000       4.500      SLICE_X4Y15   result_i_reg[0]/C
Low Pulse Width   Fast    FDCE/C              n/a            0.500         5.000       4.500      SLICE_X4Y15   result_i_reg[0]/C
Low Pulse Width   Slow    FDCE/C              n/a            0.500         5.000       4.500      SLICE_X0Y17   result_i_reg[10]/C
Low Pulse Width   Fast    FDCE/C              n/a            0.500         5.000       4.500      SLICE_X0Y17   result_i_reg[10]/C
Low Pulse Width   Slow    FDCE/C              n/a            0.500         5.000       4.500      SLICE_X0Y17   result_i_reg[11]/C
Low Pulse Width   Fast    FDCE/C              n/a            0.500         5.000       4.500      SLICE_X0Y17   result_i_reg[11]/C
High Pulse Width  Slow    FDCE/C              n/a            0.500         5.000       4.500      SLICE_X33Y9   out_i_reg[15]_i_19/C
High Pulse Width  Fast    FDCE/C              n/a            0.500         5.000       4.500      SLICE_X33Y9   out_i_reg[15]_i_19/C
High Pulse Width  Slow    FDCE/C              n/a            0.500         5.000       4.500      SLICE_X2Y13   result_decision_reg/C
High Pulse Width  Fast    FDCE/C              n/a            0.500         5.000       4.500      SLICE_X2Y13   result_decision_reg/C
High Pulse Width  Slow    FDCE/C              n/a            0.500         5.000       4.500      SLICE_X4Y15   result_i_reg[0]/C
High Pulse Width  Fast    FDCE/C              n/a            0.500         5.000       4.500      SLICE_X4Y15   result_i_reg[0]/C
High Pulse Width  Slow    FDCE/C              n/a            0.500         5.000       4.500      SLICE_X0Y17   result_i_reg[10]/C
High Pulse Width  Fast    FDCE/C              n/a            0.500         5.000       4.500      SLICE_X0Y17   result_i_reg[10]/C
High Pulse Width  Slow    FDCE/C              n/a            0.500         5.000       4.500      SLICE_X0Y17   result_i_reg[11]/C
High Pulse Width  Fast    FDCE/C              n/a            0.500         5.000       4.500      SLICE_X0Y17   result_i_reg[11]/C



---------------------------------------------------------------------------------------------------
Path Group:  **async_default**
From Clock:  pl_clk
  To Clock:  pl_clk

Setup :            0  Failing Endpoints,  Worst Slack        1.910ns,  Total Violation        0.000ns
Hold  :            0  Failing Endpoints,  Worst Slack        0.653ns,  Total Violation        0.000ns
---------------------------------------------------------------------------------------------------


Max Delay Paths
--------------------------------------------------------------------------------------
Slack (MET) :             1.910ns  (required time - arrival time)
  Source:                 soft_rst_d_reg/C
                            (rising edge-triggered cell FDCE clocked by pl_clk  {rise@0.000ns fall@5.000ns period=10.000ns})
  Destination:            u_chain/u_ddc/out_i_reg[3]/CLR
                            (recovery check against rising-edge clock pl_clk  {rise@0.000ns fall@5.000ns period=10.000ns})
  Path Group:             **async_default**
  Path Type:              Recovery (Max at Slow Process Corner)
  Requirement:            10.000ns  (pl_clk rise@10.000ns - pl_clk rise@0.000ns)
  Data Path Delay:        7.601ns  (logic 0.580ns (7.630%)  route 7.021ns (92.370%))
  Logic Levels:           1  (LUT3=1)
  Clock Path Skew:        -0.049ns (DCD - SCD + CPR)
    Destination Clock Delay (DCD):    0.924ns = ( 10.924 - 10.000 ) 
    Source Clock Delay      (SCD):    0.973ns
    Clock Pessimism Removal (CPR):    0.000ns
  Clock Uncertainty:      0.035ns  ((TSJ^2 + TIJ^2)^1/2 + DJ) / 2 + PE
    Total System Jitter     (TSJ):    0.071ns
    Total Input Jitter      (TIJ):    0.000ns
    Discrete Jitter          (DJ):    0.000ns
    Phase Error              (PE):    0.000ns

    Location             Delay type                Incr(ns)  Path(ns)    Netlist Resource(s)
  -------------------------------------------------------------------    -------------------
                         (clock pl_clk rise edge)     0.000     0.000 r  
                                                      0.000     0.000 r  pl_clk (IN)
                         net (fo=3091, unset)         0.973     0.973    pl_clk
    SLICE_X5Y23          FDCE                                         r  soft_rst_d_reg/C
  -------------------------------------------------------------------    -------------------
    SLICE_X5Y23          FDCE (Prop_fdce_C_Q)         0.456     1.429 f  soft_rst_d_reg/Q
                         net (fo=58, routed)          1.214     2.643    u_lite/soft_rst_d
    SLICE_X5Y27          LUT3 (Prop_lut3_I1_O)        0.124     2.767 f  u_lite/s_axis_tready_INST_0_i_1/O
                         net (fo=1352, routed)        5.808     8.574    u_chain/u_ddc/addr_s0_reg[0]_rep__3_0
    SLICE_X36Y9          FDCE                                         f  u_chain/u_ddc/out_i_reg[3]/CLR
  -------------------------------------------------------------------    -------------------

                         (clock pl_clk rise edge)    10.000    10.000 r  
                                                      0.000    10.000 r  pl_clk (IN)
                         net (fo=3091, unset)         0.924    10.924    u_chain/u_ddc/pl_clk
    SLICE_X36Y9          FDCE                                         r  u_chain/u_ddc/out_i_reg[3]/C
                         clock pessimism              0.000    10.924    
                         clock uncertainty           -0.035    10.889    
    SLICE_X36Y9          FDCE (Recov_fdce_C_CLR)     -0.405    10.484    u_chain/u_ddc/out_i_reg[3]
  -------------------------------------------------------------------
                         required time                         10.484    
                         arrival time                          -8.574    
  -------------------------------------------------------------------
                         slack                                  1.910    

Slack (MET) :             1.910ns  (required time - arrival time)
  Source:                 soft_rst_d_reg/C
                            (rising edge-triggered cell FDCE clocked by pl_clk  {rise@0.000ns fall@5.000ns period=10.000ns})
  Destination:            u_chain/u_ddc/out_i_reg[4]/CLR
                            (recovery check against rising-edge clock pl_clk  {rise@0.000ns fall@5.000ns period=10.000ns})
  Path Group:             **async_default**
  Path Type:              Recovery (Max at Slow Process Corner)
  Requirement:            10.000ns  (pl_clk rise@10.000ns - pl_clk rise@0.000ns)
  Data Path Delay:        7.601ns  (logic 0.580ns (7.630%)  route 7.021ns (92.370%))
  Logic Levels:           1  (LUT3=1)
  Clock Path Skew:        -0.049ns (DCD - SCD + CPR)
    Destination Clock Delay (DCD):    0.924ns = ( 10.924 - 10.000 ) 
    Source Clock Delay      (SCD):    0.973ns
    Clock Pessimism Removal (CPR):    0.000ns
  Clock Uncertainty:      0.035ns  ((TSJ^2 + TIJ^2)^1/2 + DJ) / 2 + PE
    Total System Jitter     (TSJ):    0.071ns
    Total Input Jitter      (TIJ):    0.000ns
    Discrete Jitter          (DJ):    0.000ns
    Phase Error              (PE):    0.000ns

    Location             Delay type                Incr(ns)  Path(ns)    Netlist Resource(s)
  -------------------------------------------------------------------    -------------------
                         (clock pl_clk rise edge)     0.000     0.000 r  
                                                      0.000     0.000 r  pl_clk (IN)
                         net (fo=3091, unset)         0.973     0.973    pl_clk
    SLICE_X5Y23          FDCE                                         r  soft_rst_d_reg/C
  -------------------------------------------------------------------    -------------------
    SLICE_X5Y23          FDCE (Prop_fdce_C_Q)         0.456     1.429 f  soft_rst_d_reg/Q
                         net (fo=58, routed)          1.214     2.643    u_lite/soft_rst_d
    SLICE_X5Y27          LUT3 (Prop_lut3_I1_O)        0.124     2.767 f  u_lite/s_axis_tready_INST_0_i_1/O
                         net (fo=1352, routed)        5.808     8.574    u_chain/u_ddc/addr_s0_reg[0]_rep__3_0
    SLICE_X36Y9          FDCE                                         f  u_chain/u_ddc/out_i_reg[4]/CLR
  -------------------------------------------------------------------    -------------------

                         (clock pl_clk rise edge)    10.000    10.000 r  
                                                      0.000    10.000 r  pl_clk (IN)
                         net (fo=3091, unset)         0.924    10.924    u_chain/u_ddc/pl_clk
    SLICE_X36Y9          FDCE                                         r  u_chain/u_ddc/out_i_reg[4]/C
                         clock pessimism              0.000    10.924    
                         clock uncertainty           -0.035    10.889    
    SLICE_X36Y9          FDCE (Recov_fdce_C_CLR)     -0.405    10.484    u_chain/u_ddc/out_i_reg[4]
  -------------------------------------------------------------------
                         required time                         10.484    
                         arrival time                          -8.574    
  -------------------------------------------------------------------
                         slack                                  1.910    

Slack (MET) :             1.910ns  (required time - arrival time)
  Source:                 soft_rst_d_reg/C
                            (rising edge-triggered cell FDCE clocked by pl_clk  {rise@0.000ns fall@5.000ns period=10.000ns})
  Destination:            u_chain/u_ddc/out_q_reg[1]/CLR
                            (recovery check against rising-edge clock pl_clk  {rise@0.000ns fall@5.000ns period=10.000ns})
  Path Group:             **async_default**
  Path Type:              Recovery (Max at Slow Process Corner)
  Requirement:            10.000ns  (pl_clk rise@10.000ns - pl_clk rise@0.000ns)
  Data Path Delay:        7.601ns  (logic 0.580ns (7.630%)  route 7.021ns (92.370%))
  Logic Levels:           1  (LUT3=1)
  Clock Path Skew:        -0.049ns (DCD - SCD + CPR)
    Destination Clock Delay (DCD):    0.924ns = ( 10.924 - 10.000 ) 
    Source Clock Delay      (SCD):    0.973ns
    Clock Pessimism Removal (CPR):    0.000ns
  Clock Uncertainty:      0.035ns  ((TSJ^2 + TIJ^2)^1/2 + DJ) / 2 + PE
    Total System Jitter     (TSJ):    0.071ns
    Total Input Jitter      (TIJ):    0.000ns
    Discrete Jitter          (DJ):    0.000ns
    Phase Error              (PE):    0.000ns

    Location             Delay type                Incr(ns)  Path(ns)    Netlist Resource(s)
  -------------------------------------------------------------------    -------------------
                         (clock pl_clk rise edge)     0.000     0.000 r  
                                                      0.000     0.000 r  pl_clk (IN)
                         net (fo=3091, unset)         0.973     0.973    pl_clk
    SLICE_X5Y23          FDCE                                         r  soft_rst_d_reg/C
  -------------------------------------------------------------------    -------------------
    SLICE_X5Y23          FDCE (Prop_fdce_C_Q)         0.456     1.429 f  soft_rst_d_reg/Q
                         net (fo=58, routed)          1.214     2.643    u_lite/soft_rst_d
    SLICE_X5Y27          LUT3 (Prop_lut3_I1_O)        0.124     2.767 f  u_lite/s_axis_tready_INST_0_i_1/O
                         net (fo=1352, routed)        5.808     8.574    u_chain/u_ddc/addr_s0_reg[0]_rep__3_0
    SLICE_X36Y9          FDCE                                         f  u_chain/u_ddc/out_q_reg[1]/CLR
  -------------------------------------------------------------------    -------------------

                         (clock pl_clk rise edge)    10.000    10.000 r  
                                                      0.000    10.000 r  pl_clk (IN)
                         net (fo=3091, unset)         0.924    10.924    u_chain/u_ddc/pl_clk
    SLICE_X36Y9          FDCE                                         r  u_chain/u_ddc/out_q_reg[1]/C
                         clock pessimism              0.000    10.924    
                         clock uncertainty           -0.035    10.889    
    SLICE_X36Y9          FDCE (Recov_fdce_C_CLR)     -0.405    10.484    u_chain/u_ddc/out_q_reg[1]
  -------------------------------------------------------------------
                         required time                         10.484    
                         arrival time                          -8.574    
  -------------------------------------------------------------------
                         slack                                  1.910    

Slack (MET) :             1.910ns  (required time - arrival time)
  Source:                 soft_rst_d_reg/C
                            (rising edge-triggered cell FDCE clocked by pl_clk  {rise@0.000ns fall@5.000ns period=10.000ns})
  Destination:            u_chain/u_ddc/out_q_reg[2]/CLR
                            (recovery check against rising-edge clock pl_clk  {rise@0.000ns fall@5.000ns period=10.000ns})
  Path Group:             **async_default**
  Path Type:              Recovery (Max at Slow Process Corner)
  Requirement:            10.000ns  (pl_clk rise@10.000ns - pl_clk rise@0.000ns)
  Data Path Delay:        7.601ns  (logic 0.580ns (7.630%)  route 7.021ns (92.370%))
  Logic Levels:           1  (LUT3=1)
  Clock Path Skew:        -0.049ns (DCD - SCD + CPR)
    Destination Clock Delay (DCD):    0.924ns = ( 10.924 - 10.000 ) 
    Source Clock Delay      (SCD):    0.973ns
    Clock Pessimism Removal (CPR):    0.000ns
  Clock Uncertainty:      0.035ns  ((TSJ^2 + TIJ^2)^1/2 + DJ) / 2 + PE
    Total System Jitter     (TSJ):    0.071ns
    Total Input Jitter      (TIJ):    0.000ns
    Discrete Jitter          (DJ):    0.000ns
    Phase Error              (PE):    0.000ns

    Location             Delay type                Incr(ns)  Path(ns)    Netlist Resource(s)
  -------------------------------------------------------------------    -------------------
                         (clock pl_clk rise edge)     0.000     0.000 r  
                                                      0.000     0.000 r  pl_clk (IN)
                         net (fo=3091, unset)         0.973     0.973    pl_clk
    SLICE_X5Y23          FDCE                                         r  soft_rst_d_reg/C
  -------------------------------------------------------------------    -------------------
    SLICE_X5Y23          FDCE (Prop_fdce_C_Q)         0.456     1.429 f  soft_rst_d_reg/Q
                         net (fo=58, routed)          1.214     2.643    u_lite/soft_rst_d
    SLICE_X5Y27          LUT3 (Prop_lut3_I1_O)        0.124     2.767 f  u_lite/s_axis_tready_INST_0_i_1/O
                         net (fo=1352, routed)        5.808     8.574    u_chain/u_ddc/addr_s0_reg[0]_rep__3_0
    SLICE_X36Y9          FDCE                                         f  u_chain/u_ddc/out_q_reg[2]/CLR
  -------------------------------------------------------------------    -------------------

                         (clock pl_clk rise edge)    10.000    10.000 r  
                                                      0.000    10.000 r  pl_clk (IN)
                         net (fo=3091, unset)         0.924    10.924    u_chain/u_ddc/pl_clk
    SLICE_X36Y9          FDCE                                         r  u_chain/u_ddc/out_q_reg[2]/C
                         clock pessimism              0.000    10.924    
                         clock uncertainty           -0.035    10.889    
    SLICE_X36Y9          FDCE (Recov_fdce_C_CLR)     -0.405    10.484    u_chain/u_ddc/out_q_reg[2]
  -------------------------------------------------------------------
                         required time                         10.484    
                         arrival time                          -8.574    
  -------------------------------------------------------------------
                         slack                                  1.910    

Slack (MET) :             1.910ns  (required time - arrival time)
  Source:                 soft_rst_d_reg/C
                            (rising edge-triggered cell FDCE clocked by pl_clk  {rise@0.000ns fall@5.000ns period=10.000ns})
  Destination:            u_chain/u_ddc/out_q_reg[3]/CLR
                            (recovery check against rising-edge clock pl_clk  {rise@0.000ns fall@5.000ns period=10.000ns})
  Path Group:             **async_default**
  Path Type:              Recovery (Max at Slow Process Corner)
  Requirement:            10.000ns  (pl_clk rise@10.000ns - pl_clk rise@0.000ns)
  Data Path Delay:        7.601ns  (logic 0.580ns (7.630%)  route 7.021ns (92.370%))
  Logic Levels:           1  (LUT3=1)
  Clock Path Skew:        -0.049ns (DCD - SCD + CPR)
    Destination Clock Delay (DCD):    0.924ns = ( 10.924 - 10.000 ) 
    Source Clock Delay      (SCD):    0.973ns
    Clock Pessimism Removal (CPR):    0.000ns
  Clock Uncertainty:      0.035ns  ((TSJ^2 + TIJ^2)^1/2 + DJ) / 2 + PE
    Total System Jitter     (TSJ):    0.071ns
    Total Input Jitter      (TIJ):    0.000ns
    Discrete Jitter          (DJ):    0.000ns
    Phase Error              (PE):    0.000ns

    Location             Delay type                Incr(ns)  Path(ns)    Netlist Resource(s)
  -------------------------------------------------------------------    -------------------
                         (clock pl_clk rise edge)     0.000     0.000 r  
                                                      0.000     0.000 r  pl_clk (IN)
                         net (fo=3091, unset)         0.973     0.973    pl_clk
    SLICE_X5Y23          FDCE                                         r  soft_rst_d_reg/C
  -------------------------------------------------------------------    -------------------
    SLICE_X5Y23          FDCE (Prop_fdce_C_Q)         0.456     1.429 f  soft_rst_d_reg/Q
                         net (fo=58, routed)          1.214     2.643    u_lite/soft_rst_d
    SLICE_X5Y27          LUT3 (Prop_lut3_I1_O)        0.124     2.767 f  u_lite/s_axis_tready_INST_0_i_1/O
                         net (fo=1352, routed)        5.808     8.574    u_chain/u_ddc/addr_s0_reg[0]_rep__3_0
    SLICE_X36Y9          FDCE                                         f  u_chain/u_ddc/out_q_reg[3]/CLR
  -------------------------------------------------------------------    -------------------

                         (clock pl_clk rise edge)    10.000    10.000 r  
                                                      0.000    10.000 r  pl_clk (IN)
                         net (fo=3091, unset)         0.924    10.924    u_chain/u_ddc/pl_clk
    SLICE_X36Y9          FDCE                                         r  u_chain/u_ddc/out_q_reg[3]/C
                         clock pessimism              0.000    10.924    
                         clock uncertainty           -0.035    10.889    
    SLICE_X36Y9          FDCE (Recov_fdce_C_CLR)     -0.405    10.484    u_chain/u_ddc/out_q_reg[3]
  -------------------------------------------------------------------
                         required time                         10.484    
                         arrival time                          -8.574    
  -------------------------------------------------------------------
                         slack                                  1.910    

Slack (MET) :             1.910ns  (required time - arrival time)
  Source:                 soft_rst_d_reg/C
                            (rising edge-triggered cell FDCE clocked by pl_clk  {rise@0.000ns fall@5.000ns period=10.000ns})
  Destination:            u_chain/u_ddc/out_q_reg[4]/CLR
                            (recovery check against rising-edge clock pl_clk  {rise@0.000ns fall@5.000ns period=10.000ns})
  Path Group:             **async_default**
  Path Type:              Recovery (Max at Slow Process Corner)
  Requirement:            10.000ns  (pl_clk rise@10.000ns - pl_clk rise@0.000ns)
  Data Path Delay:        7.601ns  (logic 0.580ns (7.630%)  route 7.021ns (92.370%))
  Logic Levels:           1  (LUT3=1)
  Clock Path Skew:        -0.049ns (DCD - SCD + CPR)
    Destination Clock Delay (DCD):    0.924ns = ( 10.924 - 10.000 ) 
    Source Clock Delay      (SCD):    0.973ns
    Clock Pessimism Removal (CPR):    0.000ns
  Clock Uncertainty:      0.035ns  ((TSJ^2 + TIJ^2)^1/2 + DJ) / 2 + PE
    Total System Jitter     (TSJ):    0.071ns
    Total Input Jitter      (TIJ):    0.000ns
    Discrete Jitter          (DJ):    0.000ns
    Phase Error              (PE):    0.000ns

    Location             Delay type                Incr(ns)  Path(ns)    Netlist Resource(s)
  -------------------------------------------------------------------    -------------------
                         (clock pl_clk rise edge)     0.000     0.000 r  
                                                      0.000     0.000 r  pl_clk (IN)
                         net (fo=3091, unset)         0.973     0.973    pl_clk
    SLICE_X5Y23          FDCE                                         r  soft_rst_d_reg/C
  -------------------------------------------------------------------    -------------------
    SLICE_X5Y23          FDCE (Prop_fdce_C_Q)         0.456     1.429 f  soft_rst_d_reg/Q
                         net (fo=58, routed)          1.214     2.643    u_lite/soft_rst_d
    SLICE_X5Y27          LUT3 (Prop_lut3_I1_O)        0.124     2.767 f  u_lite/s_axis_tready_INST_0_i_1/O
                         net (fo=1352, routed)        5.808     8.574    u_chain/u_ddc/addr_s0_reg[0]_rep__3_0
    SLICE_X36Y9          FDCE                                         f  u_chain/u_ddc/out_q_reg[4]/CLR
  -------------------------------------------------------------------    -------------------

                         (clock pl_clk rise edge)    10.000    10.000 r  
                                                      0.000    10.000 r  pl_clk (IN)
                         net (fo=3091, unset)         0.924    10.924    u_chain/u_ddc/pl_clk
    SLICE_X36Y9          FDCE                                         r  u_chain/u_ddc/out_q_reg[4]/C
                         clock pessimism              0.000    10.924    
                         clock uncertainty           -0.035    10.889    
    SLICE_X36Y9          FDCE (Recov_fdce_C_CLR)     -0.405    10.484    u_chain/u_ddc/out_q_reg[4]
  -------------------------------------------------------------------
                         required time                         10.484    
                         arrival time                          -8.574    
  -------------------------------------------------------------------
                         slack                                  1.910    

Slack (MET) :             1.914ns  (required time - arrival time)
  Source:                 soft_rst_d_reg/C
                            (rising edge-triggered cell FDCE clocked by pl_clk  {rise@0.000ns fall@5.000ns period=10.000ns})
  Destination:            u_chain/u_ddc/out_i_reg[1]/CLR
                            (recovery check against rising-edge clock pl_clk  {rise@0.000ns fall@5.000ns period=10.000ns})
  Path Group:             **async_default**
  Path Type:              Recovery (Max at Slow Process Corner)
  Requirement:            10.000ns  (pl_clk rise@10.000ns - pl_clk rise@0.000ns)
  Data Path Delay:        7.597ns  (logic 0.580ns (7.635%)  route 7.017ns (92.365%))
  Logic Levels:           1  (LUT3=1)
  Clock Path Skew:        -0.049ns (DCD - SCD + CPR)
    Destination Clock Delay (DCD):    0.924ns = ( 10.924 - 10.000 ) 
    Source Clock Delay      (SCD):    0.973ns
    Clock Pessimism Removal (CPR):    0.000ns
  Clock Uncertainty:      0.035ns  ((TSJ^2 + TIJ^2)^1/2 + DJ) / 2 + PE
    Total System Jitter     (TSJ):    0.071ns
    Total Input Jitter      (TIJ):    0.000ns
    Discrete Jitter          (DJ):    0.000ns
    Phase Error              (PE):    0.000ns

    Location             Delay type                Incr(ns)  Path(ns)    Netlist Resource(s)
  -------------------------------------------------------------------    -------------------
                         (clock pl_clk rise edge)     0.000     0.000 r  
                                                      0.000     0.000 r  pl_clk (IN)
                         net (fo=3091, unset)         0.973     0.973    pl_clk
    SLICE_X5Y23          FDCE                                         r  soft_rst_d_reg/C
  -------------------------------------------------------------------    -------------------
    SLICE_X5Y23          FDCE (Prop_fdce_C_Q)         0.456     1.429 f  soft_rst_d_reg/Q
                         net (fo=58, routed)          1.214     2.643    u_lite/soft_rst_d
    SLICE_X5Y27          LUT3 (Prop_lut3_I1_O)        0.124     2.767 f  u_lite/s_axis_tready_INST_0_i_1/O
                         net (fo=1352, routed)        5.803     8.570    u_chain/u_ddc/addr_s0_reg[0]_rep__3_0
    SLICE_X37Y9          FDCE                                         f  u_chain/u_ddc/out_i_reg[1]/CLR
  -------------------------------------------------------------------    -------------------

                         (clock pl_clk rise edge)    10.000    10.000 r  
                                                      0.000    10.000 r  pl_clk (IN)
                         net (fo=3091, unset)         0.924    10.924    u_chain/u_ddc/pl_clk
    SLICE_X37Y9          FDCE                                         r  u_chain/u_ddc/out_i_reg[1]/C
                         clock pessimism              0.000    10.924    
                         clock uncertainty           -0.035    10.889    
    SLICE_X37Y9          FDCE (Recov_fdce_C_CLR)     -0.405    10.484    u_chain/u_ddc/out_i_reg[1]
  -------------------------------------------------------------------
                         required time                         10.484    
                         arrival time                          -8.570    
  -------------------------------------------------------------------
                         slack                                  1.914    

Slack (MET) :             1.914ns  (required time - arrival time)
  Source:                 soft_rst_d_reg/C
                            (rising edge-triggered cell FDCE clocked by pl_clk  {rise@0.000ns fall@5.000ns period=10.000ns})
  Destination:            u_chain/u_ddc/out_i_reg[2]/CLR
                            (recovery check against rising-edge clock pl_clk  {rise@0.000ns fall@5.000ns period=10.000ns})
  Path Group:             **async_default**
  Path Type:              Recovery (Max at Slow Process Corner)
  Requirement:            10.000ns  (pl_clk rise@10.000ns - pl_clk rise@0.000ns)
  Data Path Delay:        7.597ns  (logic 0.580ns (7.635%)  route 7.017ns (92.365%))
  Logic Levels:           1  (LUT3=1)
  Clock Path Skew:        -0.049ns (DCD - SCD + CPR)
    Destination Clock Delay (DCD):    0.924ns = ( 10.924 - 10.000 ) 
    Source Clock Delay      (SCD):    0.973ns
    Clock Pessimism Removal (CPR):    0.000ns
  Clock Uncertainty:      0.035ns  ((TSJ^2 + TIJ^2)^1/2 + DJ) / 2 + PE
    Total System Jitter     (TSJ):    0.071ns
    Total Input Jitter      (TIJ):    0.000ns
    Discrete Jitter          (DJ):    0.000ns
    Phase Error              (PE):    0.000ns

    Location             Delay type                Incr(ns)  Path(ns)    Netlist Resource(s)
  -------------------------------------------------------------------    -------------------
                         (clock pl_clk rise edge)     0.000     0.000 r  
                                                      0.000     0.000 r  pl_clk (IN)
                         net (fo=3091, unset)         0.973     0.973    pl_clk
    SLICE_X5Y23          FDCE                                         r  soft_rst_d_reg/C
  -------------------------------------------------------------------    -------------------
    SLICE_X5Y23          FDCE (Prop_fdce_C_Q)         0.456     1.429 f  soft_rst_d_reg/Q
                         net (fo=58, routed)          1.214     2.643    u_lite/soft_rst_d
    SLICE_X5Y27          LUT3 (Prop_lut3_I1_O)        0.124     2.767 f  u_lite/s_axis_tready_INST_0_i_1/O
                         net (fo=1352, routed)        5.803     8.570    u_chain/u_ddc/addr_s0_reg[0]_rep__3_0
    SLICE_X37Y9          FDCE                                         f  u_chain/u_ddc/out_i_reg[2]/CLR
  -------------------------------------------------------------------    -------------------

                         (clock pl_clk rise edge)    10.000    10.000 r  
                                                      0.000    10.000 r  pl_clk (IN)
                         net (fo=3091, unset)         0.924    10.924    u_chain/u_ddc/pl_clk
    SLICE_X37Y9          FDCE                                         r  u_chain/u_ddc/out_i_reg[2]/C
                         clock pessimism              0.000    10.924    
                         clock uncertainty           -0.035    10.889    
    SLICE_X37Y9          FDCE (Recov_fdce_C_CLR)     -0.405    10.484    u_chain/u_ddc/out_i_reg[2]
  -------------------------------------------------------------------
                         required time                         10.484    
                         arrival time                          -8.570    
  -------------------------------------------------------------------
                         slack                                  1.914    

Slack (MET) :             1.914ns  (required time - arrival time)
  Source:                 soft_rst_d_reg/C
                            (rising edge-triggered cell FDCE clocked by pl_clk  {rise@0.000ns fall@5.000ns period=10.000ns})
  Destination:            u_chain/u_ddc/out_i_reg[7]/CLR
                            (recovery check against rising-edge clock pl_clk  {rise@0.000ns fall@5.000ns period=10.000ns})
  Path Group:             **async_default**
  Path Type:              Recovery (Max at Slow Process Corner)
  Requirement:            10.000ns  (pl_clk rise@10.000ns - pl_clk rise@0.000ns)
  Data Path Delay:        7.597ns  (logic 0.580ns (7.635%)  route 7.017ns (92.365%))
  Logic Levels:           1  (LUT3=1)
  Clock Path Skew:        -0.049ns (DCD - SCD + CPR)
    Destination Clock Delay (DCD):    0.924ns = ( 10.924 - 10.000 ) 
    Source Clock Delay      (SCD):    0.973ns
    Clock Pessimism Removal (CPR):    0.000ns
  Clock Uncertainty:      0.035ns  ((TSJ^2 + TIJ^2)^1/2 + DJ) / 2 + PE
    Total System Jitter     (TSJ):    0.071ns
    Total Input Jitter      (TIJ):    0.000ns
    Discrete Jitter          (DJ):    0.000ns
    Phase Error              (PE):    0.000ns

    Location             Delay type                Incr(ns)  Path(ns)    Netlist Resource(s)
  -------------------------------------------------------------------    -------------------
                         (clock pl_clk rise edge)     0.000     0.000 r  
                                                      0.000     0.000 r  pl_clk (IN)
                         net (fo=3091, unset)         0.973     0.973    pl_clk
    SLICE_X5Y23          FDCE                                         r  soft_rst_d_reg/C
  -------------------------------------------------------------------    -------------------
    SLICE_X5Y23          FDCE (Prop_fdce_C_Q)         0.456     1.429 f  soft_rst_d_reg/Q
                         net (fo=58, routed)          1.214     2.643    u_lite/soft_rst_d
    SLICE_X5Y27          LUT3 (Prop_lut3_I1_O)        0.124     2.767 f  u_lite/s_axis_tready_INST_0_i_1/O
                         net (fo=1352, routed)        5.803     8.570    u_chain/u_ddc/addr_s0_reg[0]_rep__3_0
    SLICE_X37Y9          FDCE                                         f  u_chain/u_ddc/out_i_reg[7]/CLR
  -------------------------------------------------------------------    -------------------

                         (clock pl_clk rise edge)    10.000    10.000 r  
                                                      0.000    10.000 r  pl_clk (IN)
                         net (fo=3091, unset)         0.924    10.924    u_chain/u_ddc/pl_clk
    SLICE_X37Y9          FDCE                                         r  u_chain/u_ddc/out_i_reg[7]/C
                         clock pessimism              0.000    10.924    
                         clock uncertainty           -0.035    10.889    
    SLICE_X37Y9          FDCE (Recov_fdce_C_CLR)     -0.405    10.484    u_chain/u_ddc/out_i_reg[7]
  -------------------------------------------------------------------
                         required time                         10.484    
                         arrival time                          -8.570    
  -------------------------------------------------------------------
                         slack                                  1.914    

Slack (MET) :             1.914ns  (required time - arrival time)
  Source:                 soft_rst_d_reg/C
                            (rising edge-triggered cell FDCE clocked by pl_clk  {rise@0.000ns fall@5.000ns period=10.000ns})
  Destination:            u_chain/u_ddc/out_i_reg[8]/CLR
                            (recovery check against rising-edge clock pl_clk  {rise@0.000ns fall@5.000ns period=10.000ns})
  Path Group:             **async_default**
  Path Type:              Recovery (Max at Slow Process Corner)
  Requirement:            10.000ns  (pl_clk rise@10.000ns - pl_clk rise@0.000ns)
  Data Path Delay:        7.597ns  (logic 0.580ns (7.635%)  route 7.017ns (92.365%))
  Logic Levels:           1  (LUT3=1)
  Clock Path Skew:        -0.049ns (DCD - SCD + CPR)
    Destination Clock Delay (DCD):    0.924ns = ( 10.924 - 10.000 ) 
    Source Clock Delay      (SCD):    0.973ns
    Clock Pessimism Removal (CPR):    0.000ns
  Clock Uncertainty:      0.035ns  ((TSJ^2 + TIJ^2)^1/2 + DJ) / 2 + PE
    Total System Jitter     (TSJ):    0.071ns
    Total Input Jitter      (TIJ):    0.000ns
    Discrete Jitter          (DJ):    0.000ns
    Phase Error              (PE):    0.000ns

    Location             Delay type                Incr(ns)  Path(ns)    Netlist Resource(s)
  -------------------------------------------------------------------    -------------------
                         (clock pl_clk rise edge)     0.000     0.000 r  
                                                      0.000     0.000 r  pl_clk (IN)
                         net (fo=3091, unset)         0.973     0.973    pl_clk
    SLICE_X5Y23          FDCE                                         r  soft_rst_d_reg/C
  -------------------------------------------------------------------    -------------------
    SLICE_X5Y23          FDCE (Prop_fdce_C_Q)         0.456     1.429 f  soft_rst_d_reg/Q
                         net (fo=58, routed)          1.214     2.643    u_lite/soft_rst_d
    SLICE_X5Y27          LUT3 (Prop_lut3_I1_O)        0.124     2.767 f  u_lite/s_axis_tready_INST_0_i_1/O
                         net (fo=1352, routed)        5.803     8.570    u_chain/u_ddc/addr_s0_reg[0]_rep__3_0
    SLICE_X37Y9          FDCE                                         f  u_chain/u_ddc/out_i_reg[8]/CLR
  -------------------------------------------------------------------    -------------------

                         (clock pl_clk rise edge)    10.000    10.000 r  
                                                      0.000    10.000 r  pl_clk (IN)
                         net (fo=3091, unset)         0.924    10.924    u_chain/u_ddc/pl_clk
    SLICE_X37Y9          FDCE                                         r  u_chain/u_ddc/out_i_reg[8]/C
                         clock pessimism              0.000    10.924    
                         clock uncertainty           -0.035    10.889    
    SLICE_X37Y9          FDCE (Recov_fdce_C_CLR)     -0.405    10.484    u_chain/u_ddc/out_i_reg[8]
  -------------------------------------------------------------------
                         required time                         10.484    
                         arrival time                          -8.570    
  -------------------------------------------------------------------
                         slack                                  1.914    





Min Delay Paths
--------------------------------------------------------------------------------------
Slack (MET) :             0.653ns  (arrival time - required time)
  Source:                 u_lite/soft_rst_pulse_reg/C
                            (rising edge-triggered cell FDCE clocked by pl_clk  {rise@0.000ns fall@5.000ns period=10.000ns})
  Destination:            u_ingress/sample_count_reg[15]/CLR
                            (removal check against rising-edge clock pl_clk  {rise@0.000ns fall@5.000ns period=10.000ns})
  Path Group:             **async_default**
  Path Type:              Removal (Min at Fast Process Corner)
  Requirement:            0.000ns  (pl_clk rise@0.000ns - pl_clk rise@0.000ns)
  Data Path Delay:        0.583ns  (logic 0.186ns (31.920%)  route 0.397ns (68.080%))
  Logic Levels:           1  (LUT3=1)
  Clock Path Skew:        0.022ns (DCD - SCD - CPR)
    Destination Clock Delay (DCD):    0.432ns
    Source Clock Delay      (SCD):    0.410ns
    Clock Pessimism Removal (CPR):    -0.000ns

    Location             Delay type                Incr(ns)  Path(ns)    Netlist Resource(s)
  -------------------------------------------------------------------    -------------------
                         (clock pl_clk rise edge)     0.000     0.000 r  
                                                      0.000     0.000 r  pl_clk (IN)
                         net (fo=3091, unset)         0.410     0.410    u_lite/pl_clk
    SLICE_X5Y27          FDCE                                         r  u_lite/soft_rst_pulse_reg/C
  -------------------------------------------------------------------    -------------------
    SLICE_X5Y27          FDCE (Prop_fdce_C_Q)         0.141     0.551 f  u_lite/soft_rst_pulse_reg/Q
                         net (fo=59, routed)          0.242     0.793    u_lite/soft_rst_pulse
    SLICE_X5Y27          LUT3 (Prop_lut3_I0_O)        0.045     0.838 f  u_lite/s_axis_tready_INST_0_i_1/O
                         net (fo=1352, routed)        0.154     0.993    u_ingress/m_valid_reg_1
    SLICE_X5Y26          FDCE                                         f  u_ingress/sample_count_reg[15]/CLR
  -------------------------------------------------------------------    -------------------

                         (clock pl_clk rise edge)     0.000     0.000 r  
                                                      0.000     0.000 r  pl_clk (IN)
                         net (fo=3091, unset)         0.432     0.432    u_ingress/pl_clk
    SLICE_X5Y26          FDCE                                         r  u_ingress/sample_count_reg[15]/C
                         clock pessimism              0.000     0.432    
    SLICE_X5Y26          FDCE (Remov_fdce_C_CLR)     -0.092     0.340    u_ingress/sample_count_reg[15]
  -------------------------------------------------------------------
                         required time                         -0.340    
                         arrival time                           0.993    
  -------------------------------------------------------------------
                         slack                                  0.653    

Slack (MET) :             0.653ns  (arrival time - required time)
  Source:                 u_lite/soft_rst_pulse_reg/C
                            (rising edge-triggered cell FDCE clocked by pl_clk  {rise@0.000ns fall@5.000ns period=10.000ns})
  Destination:            u_ingress/sample_count_reg[16]/CLR
                            (removal check against rising-edge clock pl_clk  {rise@0.000ns fall@5.000ns period=10.000ns})
  Path Group:             **async_default**
  Path Type:              Removal (Min at Fast Process Corner)
  Requirement:            0.000ns  (pl_clk rise@0.000ns - pl_clk rise@0.000ns)
  Data Path Delay:        0.583ns  (logic 0.186ns (31.920%)  route 0.397ns (68.080%))
  Logic Levels:           1  (LUT3=1)
  Clock Path Skew:        0.022ns (DCD - SCD - CPR)
    Destination Clock Delay (DCD):    0.432ns
    Source Clock Delay      (SCD):    0.410ns
    Clock Pessimism Removal (CPR):    -0.000ns

    Location             Delay type                Incr(ns)  Path(ns)    Netlist Resource(s)
  -------------------------------------------------------------------    -------------------
                         (clock pl_clk rise edge)     0.000     0.000 r  
                                                      0.000     0.000 r  pl_clk (IN)
                         net (fo=3091, unset)         0.410     0.410    u_lite/pl_clk
    SLICE_X5Y27          FDCE                                         r  u_lite/soft_rst_pulse_reg/C
  -------------------------------------------------------------------    -------------------
    SLICE_X5Y27          FDCE (Prop_fdce_C_Q)         0.141     0.551 f  u_lite/soft_rst_pulse_reg/Q
                         net (fo=59, routed)          0.242     0.793    u_lite/soft_rst_pulse
    SLICE_X5Y27          LUT3 (Prop_lut3_I0_O)        0.045     0.838 f  u_lite/s_axis_tready_INST_0_i_1/O
                         net (fo=1352, routed)        0.154     0.993    u_ingress/m_valid_reg_1
    SLICE_X5Y26          FDCE                                         f  u_ingress/sample_count_reg[16]/CLR
  -------------------------------------------------------------------    -------------------

                         (clock pl_clk rise edge)     0.000     0.000 r  
                                                      0.000     0.000 r  pl_clk (IN)
                         net (fo=3091, unset)         0.432     0.432    u_ingress/pl_clk
    SLICE_X5Y26          FDCE                                         r  u_ingress/sample_count_reg[16]/C
                         clock pessimism              0.000     0.432    
    SLICE_X5Y26          FDCE (Remov_fdce_C_CLR)     -0.092     0.340    u_ingress/sample_count_reg[16]
  -------------------------------------------------------------------
                         required time                         -0.340    
                         arrival time                           0.993    
  -------------------------------------------------------------------
                         slack                                  0.653    

Slack (MET) :             0.653ns  (arrival time - required time)
  Source:                 u_lite/soft_rst_pulse_reg/C
                            (rising edge-triggered cell FDCE clocked by pl_clk  {rise@0.000ns fall@5.000ns period=10.000ns})
  Destination:            u_ingress/sample_count_reg[19]/CLR
                            (removal check against rising-edge clock pl_clk  {rise@0.000ns fall@5.000ns period=10.000ns})
  Path Group:             **async_default**
  Path Type:              Removal (Min at Fast Process Corner)
  Requirement:            0.000ns  (pl_clk rise@0.000ns - pl_clk rise@0.000ns)
  Data Path Delay:        0.583ns  (logic 0.186ns (31.920%)  route 0.397ns (68.080%))
  Logic Levels:           1  (LUT3=1)
  Clock Path Skew:        0.022ns (DCD - SCD - CPR)
    Destination Clock Delay (DCD):    0.432ns
    Source Clock Delay      (SCD):    0.410ns
    Clock Pessimism Removal (CPR):    -0.000ns

    Location             Delay type                Incr(ns)  Path(ns)    Netlist Resource(s)
  -------------------------------------------------------------------    -------------------
                         (clock pl_clk rise edge)     0.000     0.000 r  
                                                      0.000     0.000 r  pl_clk (IN)
                         net (fo=3091, unset)         0.410     0.410    u_lite/pl_clk
    SLICE_X5Y27          FDCE                                         r  u_lite/soft_rst_pulse_reg/C
  -------------------------------------------------------------------    -------------------
    SLICE_X5Y27          FDCE (Prop_fdce_C_Q)         0.141     0.551 f  u_lite/soft_rst_pulse_reg/Q
                         net (fo=59, routed)          0.242     0.793    u_lite/soft_rst_pulse
    SLICE_X5Y27          LUT3 (Prop_lut3_I0_O)        0.045     0.838 f  u_lite/s_axis_tready_INST_0_i_1/O
                         net (fo=1352, routed)        0.154     0.993    u_ingress/m_valid_reg_1
    SLICE_X5Y26          FDCE                                         f  u_ingress/sample_count_reg[19]/CLR
  -------------------------------------------------------------------    -------------------

                         (clock pl_clk rise edge)     0.000     0.000 r  
                                                      0.000     0.000 r  pl_clk (IN)
                         net (fo=3091, unset)         0.432     0.432    u_ingress/pl_clk
    SLICE_X5Y26          FDCE                                         r  u_ingress/sample_count_reg[19]/C
                         clock pessimism              0.000     0.432    
    SLICE_X5Y26          FDCE (Remov_fdce_C_CLR)     -0.092     0.340    u_ingress/sample_count_reg[19]
  -------------------------------------------------------------------
                         required time                         -0.340    
                         arrival time                           0.993    
  -------------------------------------------------------------------
                         slack                                  0.653    

Slack (MET) :             0.653ns  (arrival time - required time)
  Source:                 u_lite/soft_rst_pulse_reg/C
                            (rising edge-triggered cell FDCE clocked by pl_clk  {rise@0.000ns fall@5.000ns period=10.000ns})
  Destination:            u_ingress/sample_count_reg[20]/CLR
                            (removal check against rising-edge clock pl_clk  {rise@0.000ns fall@5.000ns period=10.000ns})
  Path Group:             **async_default**
  Path Type:              Removal (Min at Fast Process Corner)
  Requirement:            0.000ns  (pl_clk rise@0.000ns - pl_clk rise@0.000ns)
  Data Path Delay:        0.583ns  (logic 0.186ns (31.920%)  route 0.397ns (68.080%))
  Logic Levels:           1  (LUT3=1)
  Clock Path Skew:        0.022ns (DCD - SCD - CPR)
    Destination Clock Delay (DCD):    0.432ns
    Source Clock Delay      (SCD):    0.410ns
    Clock Pessimism Removal (CPR):    -0.000ns

    Location             Delay type                Incr(ns)  Path(ns)    Netlist Resource(s)
  -------------------------------------------------------------------    -------------------
                         (clock pl_clk rise edge)     0.000     0.000 r  
                                                      0.000     0.000 r  pl_clk (IN)
                         net (fo=3091, unset)         0.410     0.410    u_lite/pl_clk
    SLICE_X5Y27          FDCE                                         r  u_lite/soft_rst_pulse_reg/C
  -------------------------------------------------------------------    -------------------
    SLICE_X5Y27          FDCE (Prop_fdce_C_Q)         0.141     0.551 f  u_lite/soft_rst_pulse_reg/Q
                         net (fo=59, routed)          0.242     0.793    u_lite/soft_rst_pulse
    SLICE_X5Y27          LUT3 (Prop_lut3_I0_O)        0.045     0.838 f  u_lite/s_axis_tready_INST_0_i_1/O
                         net (fo=1352, routed)        0.154     0.993    u_ingress/m_valid_reg_1
    SLICE_X5Y26          FDCE                                         f  u_ingress/sample_count_reg[20]/CLR
  -------------------------------------------------------------------    -------------------

                         (clock pl_clk rise edge)     0.000     0.000 r  
                                                      0.000     0.000 r  pl_clk (IN)
                         net (fo=3091, unset)         0.432     0.432    u_ingress/pl_clk
    SLICE_X5Y26          FDCE                                         r  u_ingress/sample_count_reg[20]/C
                         clock pessimism              0.000     0.432    
    SLICE_X5Y26          FDCE (Remov_fdce_C_CLR)     -0.092     0.340    u_ingress/sample_count_reg[20]
  -------------------------------------------------------------------
                         required time                         -0.340    
                         arrival time                           0.993    
  -------------------------------------------------------------------
                         slack                                  0.653    

Slack (MET) :             0.655ns  (arrival time - required time)
  Source:                 u_lite/soft_rst_pulse_reg/C
                            (rising edge-triggered cell FDCE clocked by pl_clk  {rise@0.000ns fall@5.000ns period=10.000ns})
  Destination:            u_ingress/sample_count_reg[18]/CLR
                            (removal check against rising-edge clock pl_clk  {rise@0.000ns fall@5.000ns period=10.000ns})
  Path Group:             **async_default**
  Path Type:              Removal (Min at Fast Process Corner)
  Requirement:            0.000ns  (pl_clk rise@0.000ns - pl_clk rise@0.000ns)
  Data Path Delay:        0.585ns  (logic 0.186ns (31.798%)  route 0.399ns (68.202%))
  Logic Levels:           1  (LUT3=1)
  Clock Path Skew:        0.022ns (DCD - SCD - CPR)
    Destination Clock Delay (DCD):    0.432ns
    Source Clock Delay      (SCD):    0.410ns
    Clock Pessimism Removal (CPR):    -0.000ns

    Location             Delay type                Incr(ns)  Path(ns)    Netlist Resource(s)
  -------------------------------------------------------------------    -------------------
                         (clock pl_clk rise edge)     0.000     0.000 r  
                                                      0.000     0.000 r  pl_clk (IN)
                         net (fo=3091, unset)         0.410     0.410    u_lite/pl_clk
    SLICE_X5Y27          FDCE                                         r  u_lite/soft_rst_pulse_reg/C
  -------------------------------------------------------------------    -------------------
    SLICE_X5Y27          FDCE (Prop_fdce_C_Q)         0.141     0.551 f  u_lite/soft_rst_pulse_reg/Q
                         net (fo=59, routed)          0.242     0.793    u_lite/soft_rst_pulse
    SLICE_X5Y27          LUT3 (Prop_lut3_I0_O)        0.045     0.838 f  u_lite/s_axis_tready_INST_0_i_1/O
                         net (fo=1352, routed)        0.157     0.995    u_ingress/m_valid_reg_1
    SLICE_X2Y27          FDCE                                         f  u_ingress/sample_count_reg[18]/CLR
  -------------------------------------------------------------------    -------------------

                         (clock pl_clk rise edge)     0.000     0.000 r  
                                                      0.000     0.000 r  pl_clk (IN)
                         net (fo=3091, unset)         0.432     0.432    u_ingress/pl_clk
    SLICE_X2Y27          FDCE                                         r  u_ingress/sample_count_reg[18]/C
                         clock pessimism              0.000     0.432    
    SLICE_X2Y27          FDCE (Remov_fdce_C_CLR)     -0.092     0.340    u_ingress/sample_count_reg[18]
  -------------------------------------------------------------------
                         required time                         -0.340    
                         arrival time                           0.995    
  -------------------------------------------------------------------
                         slack                                  0.655    

Slack (MET) :             0.655ns  (arrival time - required time)
  Source:                 u_lite/soft_rst_pulse_reg/C
                            (rising edge-triggered cell FDCE clocked by pl_clk  {rise@0.000ns fall@5.000ns period=10.000ns})
  Destination:            u_ingress/sample_count_reg[21]/CLR
                            (removal check against rising-edge clock pl_clk  {rise@0.000ns fall@5.000ns period=10.000ns})
  Path Group:             **async_default**
  Path Type:              Removal (Min at Fast Process Corner)
  Requirement:            0.000ns  (pl_clk rise@0.000ns - pl_clk rise@0.000ns)
  Data Path Delay:        0.585ns  (logic 0.186ns (31.798%)  route 0.399ns (68.202%))
  Logic Levels:           1  (LUT3=1)
  Clock Path Skew:        0.022ns (DCD - SCD - CPR)
    Destination Clock Delay (DCD):    0.432ns
    Source Clock Delay      (SCD):    0.410ns
    Clock Pessimism Removal (CPR):    -0.000ns

    Location             Delay type                Incr(ns)  Path(ns)    Netlist Resource(s)
  -------------------------------------------------------------------    -------------------
                         (clock pl_clk rise edge)     0.000     0.000 r  
                                                      0.000     0.000 r  pl_clk (IN)
                         net (fo=3091, unset)         0.410     0.410    u_lite/pl_clk
    SLICE_X5Y27          FDCE                                         r  u_lite/soft_rst_pulse_reg/C
  -------------------------------------------------------------------    -------------------
    SLICE_X5Y27          FDCE (Prop_fdce_C_Q)         0.141     0.551 f  u_lite/soft_rst_pulse_reg/Q
                         net (fo=59, routed)          0.242     0.793    u_lite/soft_rst_pulse
    SLICE_X5Y27          LUT3 (Prop_lut3_I0_O)        0.045     0.838 f  u_lite/s_axis_tready_INST_0_i_1/O
                         net (fo=1352, routed)        0.157     0.995    u_ingress/m_valid_reg_1
    SLICE_X2Y27          FDCE                                         f  u_ingress/sample_count_reg[21]/CLR
  -------------------------------------------------------------------    -------------------

                         (clock pl_clk rise edge)     0.000     0.000 r  
                                                      0.000     0.000 r  pl_clk (IN)
                         net (fo=3091, unset)         0.432     0.432    u_ingress/pl_clk
    SLICE_X2Y27          FDCE                                         r  u_ingress/sample_count_reg[21]/C
                         clock pessimism              0.000     0.432    
    SLICE_X2Y27          FDCE (Remov_fdce_C_CLR)     -0.092     0.340    u_ingress/sample_count_reg[21]
  -------------------------------------------------------------------
                         required time                         -0.340    
                         arrival time                           0.995    
  -------------------------------------------------------------------
                         slack                                  0.655    

Slack (MET) :             0.655ns  (arrival time - required time)
  Source:                 u_lite/soft_rst_pulse_reg/C
                            (rising edge-triggered cell FDCE clocked by pl_clk  {rise@0.000ns fall@5.000ns period=10.000ns})
  Destination:            u_ingress/sample_count_reg[23]/CLR
                            (removal check against rising-edge clock pl_clk  {rise@0.000ns fall@5.000ns period=10.000ns})
  Path Group:             **async_default**
  Path Type:              Removal (Min at Fast Process Corner)
  Requirement:            0.000ns  (pl_clk rise@0.000ns - pl_clk rise@0.000ns)
  Data Path Delay:        0.585ns  (logic 0.186ns (31.798%)  route 0.399ns (68.202%))
  Logic Levels:           1  (LUT3=1)
  Clock Path Skew:        0.022ns (DCD - SCD - CPR)
    Destination Clock Delay (DCD):    0.432ns
    Source Clock Delay      (SCD):    0.410ns
    Clock Pessimism Removal (CPR):    -0.000ns

    Location             Delay type                Incr(ns)  Path(ns)    Netlist Resource(s)
  -------------------------------------------------------------------    -------------------
                         (clock pl_clk rise edge)     0.000     0.000 r  
                                                      0.000     0.000 r  pl_clk (IN)
                         net (fo=3091, unset)         0.410     0.410    u_lite/pl_clk
    SLICE_X5Y27          FDCE                                         r  u_lite/soft_rst_pulse_reg/C
  -------------------------------------------------------------------    -------------------
    SLICE_X5Y27          FDCE (Prop_fdce_C_Q)         0.141     0.551 f  u_lite/soft_rst_pulse_reg/Q
                         net (fo=59, routed)          0.242     0.793    u_lite/soft_rst_pulse
    SLICE_X5Y27          LUT3 (Prop_lut3_I0_O)        0.045     0.838 f  u_lite/s_axis_tready_INST_0_i_1/O
                         net (fo=1352, routed)        0.157     0.995    u_ingress/m_valid_reg_1
    SLICE_X2Y27          FDCE                                         f  u_ingress/sample_count_reg[23]/CLR
  -------------------------------------------------------------------    -------------------

                         (clock pl_clk rise edge)     0.000     0.000 r  
                                                      0.000     0.000 r  pl_clk (IN)
                         net (fo=3091, unset)         0.432     0.432    u_ingress/pl_clk
    SLICE_X2Y27          FDCE                                         r  u_ingress/sample_count_reg[23]/C
                         clock pessimism              0.000     0.432    
    SLICE_X2Y27          FDCE (Remov_fdce_C_CLR)     -0.092     0.340    u_ingress/sample_count_reg[23]
  -------------------------------------------------------------------
                         required time                         -0.340    
                         arrival time                           0.995    
  -------------------------------------------------------------------
                         slack                                  0.655    

Slack (MET) :             0.655ns  (arrival time - required time)
  Source:                 u_lite/soft_rst_pulse_reg/C
                            (rising edge-triggered cell FDCE clocked by pl_clk  {rise@0.000ns fall@5.000ns period=10.000ns})
  Destination:            u_ingress/sample_count_reg[24]/CLR
                            (removal check against rising-edge clock pl_clk  {rise@0.000ns fall@5.000ns period=10.000ns})
  Path Group:             **async_default**
  Path Type:              Removal (Min at Fast Process Corner)
  Requirement:            0.000ns  (pl_clk rise@0.000ns - pl_clk rise@0.000ns)
  Data Path Delay:        0.585ns  (logic 0.186ns (31.798%)  route 0.399ns (68.202%))
  Logic Levels:           1  (LUT3=1)
  Clock Path Skew:        0.022ns (DCD - SCD - CPR)
    Destination Clock Delay (DCD):    0.432ns
    Source Clock Delay      (SCD):    0.410ns
    Clock Pessimism Removal (CPR):    -0.000ns

    Location             Delay type                Incr(ns)  Path(ns)    Netlist Resource(s)
  -------------------------------------------------------------------    -------------------
                         (clock pl_clk rise edge)     0.000     0.000 r  
                                                      0.000     0.000 r  pl_clk (IN)
                         net (fo=3091, unset)         0.410     0.410    u_lite/pl_clk
    SLICE_X5Y27          FDCE                                         r  u_lite/soft_rst_pulse_reg/C
  -------------------------------------------------------------------    -------------------
    SLICE_X5Y27          FDCE (Prop_fdce_C_Q)         0.141     0.551 f  u_lite/soft_rst_pulse_reg/Q
                         net (fo=59, routed)          0.242     0.793    u_lite/soft_rst_pulse
    SLICE_X5Y27          LUT3 (Prop_lut3_I0_O)        0.045     0.838 f  u_lite/s_axis_tready_INST_0_i_1/O
                         net (fo=1352, routed)        0.157     0.995    u_ingress/m_valid_reg_1
    SLICE_X2Y27          FDCE                                         f  u_ingress/sample_count_reg[24]/CLR
  -------------------------------------------------------------------    -------------------

                         (clock pl_clk rise edge)     0.000     0.000 r  
                                                      0.000     0.000 r  pl_clk (IN)
                         net (fo=3091, unset)         0.432     0.432    u_ingress/pl_clk
    SLICE_X2Y27          FDCE                                         r  u_ingress/sample_count_reg[24]/C
                         clock pessimism              0.000     0.432    
    SLICE_X2Y27          FDCE (Remov_fdce_C_CLR)     -0.092     0.340    u_ingress/sample_count_reg[24]
  -------------------------------------------------------------------
                         required time                         -0.340    
                         arrival time                           0.995    
  -------------------------------------------------------------------
                         slack                                  0.655    

Slack (MET) :             0.720ns  (arrival time - required time)
  Source:                 u_lite/soft_rst_pulse_reg/C
                            (rising edge-triggered cell FDCE clocked by pl_clk  {rise@0.000ns fall@5.000ns period=10.000ns})
  Destination:            u_ingress/sample_count_reg[14]/CLR
                            (removal check against rising-edge clock pl_clk  {rise@0.000ns fall@5.000ns period=10.000ns})
  Path Group:             **async_default**
  Path Type:              Removal (Min at Fast Process Corner)
  Requirement:            0.000ns  (pl_clk rise@0.000ns - pl_clk rise@0.000ns)
  Data Path Delay:        0.649ns  (logic 0.186ns (28.649%)  route 0.463ns (71.351%))
  Logic Levels:           1  (LUT3=1)
  Clock Path Skew:        0.022ns (DCD - SCD - CPR)
    Destination Clock Delay (DCD):    0.432ns
    Source Clock Delay      (SCD):    0.410ns
    Clock Pessimism Removal (CPR):    -0.000ns

    Location             Delay type                Incr(ns)  Path(ns)    Netlist Resource(s)
  -------------------------------------------------------------------    -------------------
                         (clock pl_clk rise edge)     0.000     0.000 r  
                                                      0.000     0.000 r  pl_clk (IN)
                         net (fo=3091, unset)         0.410     0.410    u_lite/pl_clk
    SLICE_X5Y27          FDCE                                         r  u_lite/soft_rst_pulse_reg/C
  -------------------------------------------------------------------    -------------------
    SLICE_X5Y27          FDCE (Prop_fdce_C_Q)         0.141     0.551 f  u_lite/soft_rst_pulse_reg/Q
                         net (fo=59, routed)          0.242     0.793    u_lite/soft_rst_pulse
    SLICE_X5Y27          LUT3 (Prop_lut3_I0_O)        0.045     0.838 f  u_lite/s_axis_tready_INST_0_i_1/O
                         net (fo=1352, routed)        0.221     1.059    u_ingress/m_valid_reg_1
    SLICE_X2Y26          FDCE                                         f  u_ingress/sample_count_reg[14]/CLR
  -------------------------------------------------------------------    -------------------

                         (clock pl_clk rise edge)     0.000     0.000 r  
                                                      0.000     0.000 r  pl_clk (IN)
                         net (fo=3091, unset)         0.432     0.432    u_ingress/pl_clk
    SLICE_X2Y26          FDCE                                         r  u_ingress/sample_count_reg[14]/C
                         clock pessimism              0.000     0.432    
    SLICE_X2Y26          FDCE (Remov_fdce_C_CLR)     -0.092     0.340    u_ingress/sample_count_reg[14]
  -------------------------------------------------------------------
                         required time                         -0.340    
                         arrival time                           1.059    
  -------------------------------------------------------------------
                         slack                                  0.720    

Slack (MET) :             0.720ns  (arrival time - required time)
  Source:                 u_lite/soft_rst_pulse_reg/C
                            (rising edge-triggered cell FDCE clocked by pl_clk  {rise@0.000ns fall@5.000ns period=10.000ns})
  Destination:            u_ingress/sample_count_reg[17]/CLR
                            (removal check against rising-edge clock pl_clk  {rise@0.000ns fall@5.000ns period=10.000ns})
  Path Group:             **async_default**
  Path Type:              Removal (Min at Fast Process Corner)
  Requirement:            0.000ns  (pl_clk rise@0.000ns - pl_clk rise@0.000ns)
  Data Path Delay:        0.649ns  (logic 0.186ns (28.649%)  route 0.463ns (71.351%))
  Logic Levels:           1  (LUT3=1)
  Clock Path Skew:        0.022ns (DCD - SCD - CPR)
    Destination Clock Delay (DCD):    0.432ns
    Source Clock Delay      (SCD):    0.410ns
    Clock Pessimism Removal (CPR):    -0.000ns

    Location             Delay type                Incr(ns)  Path(ns)    Netlist Resource(s)
  -------------------------------------------------------------------    -------------------
                         (clock pl_clk rise edge)     0.000     0.000 r  
                                                      0.000     0.000 r  pl_clk (IN)
                         net (fo=3091, unset)         0.410     0.410    u_lite/pl_clk
    SLICE_X5Y27          FDCE                                         r  u_lite/soft_rst_pulse_reg/C
  -------------------------------------------------------------------    -------------------
    SLICE_X5Y27          FDCE (Prop_fdce_C_Q)         0.141     0.551 f  u_lite/soft_rst_pulse_reg/Q
                         net (fo=59, routed)          0.242     0.793    u_lite/soft_rst_pulse
    SLICE_X5Y27          LUT3 (Prop_lut3_I0_O)        0.045     0.838 f  u_lite/s_axis_tready_INST_0_i_1/O
                         net (fo=1352, routed)        0.221     1.059    u_ingress/m_valid_reg_1
    SLICE_X2Y26          FDCE                                         f  u_ingress/sample_count_reg[17]/CLR
  -------------------------------------------------------------------    -------------------

                         (clock pl_clk rise edge)     0.000     0.000 r  
                                                      0.000     0.000 r  pl_clk (IN)
                         net (fo=3091, unset)         0.432     0.432    u_ingress/pl_clk
    SLICE_X2Y26          FDCE                                         r  u_ingress/sample_count_reg[17]/C
                         clock pessimism              0.000     0.432    
    SLICE_X2Y26          FDCE (Remov_fdce_C_CLR)     -0.092     0.340    u_ingress/sample_count_reg[17]
  -------------------------------------------------------------------
                         required time                         -0.340    
                         arrival time                           1.059    
  -------------------------------------------------------------------
                         slack                                  0.720    





