Copyright 1986-2022 Xilinx, Inc. All Rights Reserved. Copyright 2022-2025 Advanced Micro Devices, Inc. All Rights Reserved.
------------------------------------------------------------------------------------------------------------------------------------------------------------------------------
| Tool Version : Vivado v.2025.1 (win64) Build 6140274 Thu May 22 00:12:29 MDT 2025
| Date         : Sun Sep 27 21:55:00 2026
| Host         : penguinw running 64-bit major release  (build 9200)
| Command      : report_timing_summary -file C:/Users/onepl/Desktop/coding/qubit-control-sim/hdl/vivado/out_cora_readout/timing_summary.rpt -delay_type min_max -max_paths 10
| Design       : cora_readout_pl
| Device       : 7z007s-clg400
| Speed File   : -1  PRODUCTION 1.12 2019-11-22
| Design State : Routed
------------------------------------------------------------------------------------------------------------------------------------------------------------------------------

Timing Summary Report

------------------------------------------------------------------------------------------------
| Timer Settings
| --------------
------------------------------------------------------------------------------------------------

  Enable Multi Corner Analysis               :  Yes
  Enable Pessimism Removal                   :  Yes
  Pessimism Removal Resolution               :  Nearest Common Node
  Enable Input Delay Default Clock           :  No
  Enable Preset / Clear Arcs                 :  No
  Disable Flight Delays                      :  No
  Ignore I/O Paths                           :  No
  Timing Early Launch at Borrowing Latches   :  No
  Borrow Time for Max Delay Exceptions       :  Yes
  Merge Timing Exceptions                    :  Yes
  Inter-SLR Compensation                     :  Conservative

  Corner  Analyze    Analyze    
  Name    Max Paths  Min Paths  
  ------  ---------  ---------  
  Slow    Yes        Yes        
  Fast    Yes        Yes        


------------------------------------------------------------------------------------------------
| Report Methodology
| ------------------
------------------------------------------------------------------------------------------------

No report available as report_methodology has not been run prior. Run report_methodology on the current design for the summary of methodology violations.



check_timing report

Table of Contents
-----------------
1. checking no_clock (0)
2. checking constant_clock (0)
3. checking pulse_width_clock (0)
4. checking unconstrained_internal_endpoints (0)
5. checking no_input_delay (83)
6. checking no_output_delay (38)
7. checking multiple_clock (0)
8. checking generated_clocks (0)
9. checking loops (0)
10. checking partial_input_delay (0)
11. checking partial_output_delay (0)
12. checking latch_loops (0)

1. checking no_clock (0)
------------------------
 There are 0 register/latch pins with no clock.


2. checking constant_clock (0)
------------------------------
 There are 0 register/latch pins with constant_clock.


3. checking pulse_width_clock (0)
---------------------------------
 There are 0 register/latch pins which need pulse_width check


4. checking unconstrained_internal_endpoints (0)
------------------------------------------------
 There are 0 pins that are not constrained for maximum delay.

 There are 0 pins that are not constrained for maximum delay due to constant clock.


5. checking no_input_delay (83)
-------------------------------
 There are 82 input ports with no input delay specified. (HIGH)

 There is 1 input port with no input delay but user has a false path constraint. (MEDIUM)


6. checking no_output_delay (38)
--------------------------------
 There are 38 ports with no output delay specified. (HIGH)

 There are 0 ports with no output delay but user has a false path constraint

 There are 0 ports with no output delay but with a timing clock defined on it or propagating through it


7. checking multiple_clock (0)
------------------------------
 There are 0 register/latch pins with multiple clocks.


8. checking generated_clocks (0)
--------------------------------
 There are 0 generated clocks that are not connected to a clock source.


9. checking loops (0)
---------------------
 There are 0 combinational loops in the design.


10. checking partial_input_delay (0)
------------------------------------
 There are 0 input ports with partial input delay specified.


11. checking partial_output_delay (0)
-------------------------------------
 There are 0 ports with partial output delay specified.


12. checking latch_loops (0)
----------------------------
 There are 0 combinational latch loops in the design through latch input



------------------------------------------------------------------------------------------------
| Design Timing Summary
| ---------------------
------------------------------------------------------------------------------------------------

    WNS(ns)      TNS(ns)  TNS Failing Endpoints  TNS Total Endpoints      WHS(ns)      THS(ns)  THS Failing Endpoints  THS Total Endpoints     WPWS(ns)     TPWS(ns)  TPWS Failing Endpoints  TPWS Total Endpoints  
    -------      -------  ---------------------  -------------------      -------      -------  ---------------------  -------------------     --------     --------  ----------------------  --------------------  
     -2.464     -223.574                    571                10689        0.131        0.000                      0                10689        4.500        0.000                       0                  3053  


Timing constraints are not met.


------------------------------------------------------------------------------------------------
| Clock Summary
| -------------
------------------------------------------------------------------------------------------------

Clock   Waveform(ns)       Period(ns)      Frequency(MHz)
-----   ------------       ----------      --------------
pl_clk  {0.000 5.000}      10.000          100.000         


------------------------------------------------------------------------------------------------
| Intra Clock Table
| -----------------
------------------------------------------------------------------------------------------------

Clock             WNS(ns)      TNS(ns)  TNS Failing Endpoints  TNS Total Endpoints      WHS(ns)      THS(ns)  THS Failing Endpoints  THS Total Endpoints     WPWS(ns)     TPWS(ns)  TPWS Failing Endpoints  TPWS Total Endpoints  
-----             -------      -------  ---------------------  -------------------      -------      -------  ---------------------  -------------------     --------     --------  ----------------------  --------------------  
pl_clk             -2.464     -223.574                    571                10186        0.131        0.000                      0                10186        4.500        0.000                       0                  3053  


------------------------------------------------------------------------------------------------
| Inter Clock Table
| -----------------
------------------------------------------------------------------------------------------------

From Clock    To Clock          WNS(ns)      TNS(ns)  TNS Failing Endpoints  TNS Total Endpoints      WHS(ns)      THS(ns)  THS Failing Endpoints  THS Total Endpoints  
----------    --------          -------      -------  ---------------------  -------------------      -------      -------  ---------------------  -------------------  


------------------------------------------------------------------------------------------------
| Other Path Groups Table
| -----------------------
------------------------------------------------------------------------------------------------

Path Group         From Clock         To Clock               WNS(ns)      TNS(ns)  TNS Failing Endpoints  TNS Total Endpoints      WHS(ns)      THS(ns)  THS Failing Endpoints  THS Total Endpoints  
----------         ----------         --------               -------      -------  ---------------------  -------------------      -------      -------  ---------------------  -------------------  
**async_default**  pl_clk             pl_clk                   1.615        0.000                      0                  503        0.964        0.000                      0                  503  


------------------------------------------------------------------------------------------------
| Timing Details
| --------------
------------------------------------------------------------------------------------------------


---------------------------------------------------------------------------------------------------
From Clock:  pl_clk
  To Clock:  pl_clk

Setup :          571  Failing Endpoints,  Worst Slack       -2.464ns,  Total Violation     -223.574ns
Hold  :            0  Failing Endpoints,  Worst Slack        0.131ns,  Total Violation        0.000ns
PW    :            0  Failing Endpoints,  Worst Slack        4.500ns,  Total Violation        0.000ns
---------------------------------------------------------------------------------------------------


Max Delay Paths
--------------------------------------------------------------------------------------
Slack (VIOLATED) :        -2.464ns  (required time - arrival time)
  Source:                 u_chain/u_ddc/frac_s1_reg[4]/C
                            (rising edge-triggered cell FDCE clocked by pl_clk  {rise@0.000ns fall@5.000ns period=10.000ns})
  Destination:            u_chain/u_ddc/cos_nco_reg[13]/D
                            (rising edge-triggered cell FDCE clocked by pl_clk  {rise@0.000ns fall@5.000ns period=10.000ns})
  Path Group:             pl_clk
  Path Type:              Setup (Max at Slow Process Corner)
  Requirement:            10.000ns  (pl_clk rise@10.000ns - pl_clk rise@0.000ns)
  Data Path Delay:        12.411ns  (logic 7.719ns (62.195%)  route 4.692ns (37.805%))
  Logic Levels:           10  (CARRY4=4 DSP48E1=2 LUT1=1 LUT3=1 LUT6=2)
  Clock Path Skew:        -0.049ns (DCD - SCD + CPR)
    Destination Clock Delay (DCD):    0.924ns = ( 10.924 - 10.000 ) 
    Source Clock Delay      (SCD):    0.973ns
    Clock Pessimism Removal (CPR):    0.000ns
  Clock Uncertainty:      0.035ns  ((TSJ^2 + TIJ^2)^1/2 + DJ) / 2 + PE
    Total System Jitter     (TSJ):    0.071ns
    Total Input Jitter      (TIJ):    0.000ns
    Discrete Jitter          (DJ):    0.000ns
    Phase Error              (PE):    0.000ns

    Location             Delay type                Incr(ns)  Path(ns)    Netlist Resource(s)
  -------------------------------------------------------------------    -------------------
                         (clock pl_clk rise edge)     0.000     0.000 r  
                                                      0.000     0.000 r  pl_clk (IN)
                         net (fo=3052, unset)         0.973     0.973    u_chain/u_ddc/pl_clk
    SLICE_X21Y11         FDCE                                         r  u_chain/u_ddc/frac_s1_reg[4]/C
  -------------------------------------------------------------------    -------------------
    SLICE_X21Y11         FDCE (Prop_fdce_C_Q)         0.456     1.429 f  u_chain/u_ddc/frac_s1_reg[4]/Q
                         net (fo=3, routed)           0.840     2.269    u_chain/u_ddc/frac_s1[4]
    SLICE_X21Y10         LUT6 (Prop_lut6_I0_O)        0.124     2.393 r  u_chain/u_ddc/cos_interp_num0_i_9/O
                         net (fo=3, routed)           0.330     2.723    u_chain/u_ddc/cos_interp_num0_i_9_n_0
    SLICE_X20Y11         LUT3 (Prop_lut3_I1_O)        0.124     2.847 r  u_chain/u_ddc/cos_interp_num0_i_1/O
                         net (fo=2, routed)           0.876     3.723    u_chain/u_ddc/cos_interp_num0_i_1_n_0
    DSP48_X0Y4           DSP48E1 (Prop_dsp48e1_B[8]_P[23])
                                                      3.656     7.379 r  u_chain/u_ddc/cos_interp_num0/P[23]
                         net (fo=25, routed)          0.957     8.336    u_chain/u_ddc/cos_interp_num0_n_82
    DSP48_X0Y2           DSP48E1 (Prop_dsp48e1_C[42]_P[9])
                                                      1.820    10.156 f  u_chain/u_ddc/cos_interp_num/P[9]
                         net (fo=3, routed)           1.090    11.246    u_chain/u_ddc/cos_q[1]
    SLICE_X18Y7          LUT1 (Prop_lut1_I0_O)        0.124    11.370 r  u_chain/u_ddc/sin_nco[3]_i_6/O
                         net (fo=1, routed)           0.000    11.370    u_chain/u_ddc/sin_nco[3]_i_6_n_0
    SLICE_X18Y7          CARRY4 (Prop_carry4_S[1]_CO[3])
                                                      0.550    11.920 r  u_chain/u_ddc/sin_nco_reg[3]_i_2/CO[3]
                         net (fo=1, routed)           0.000    11.920    u_chain/u_ddc/sin_nco_reg[3]_i_2_n_0
    SLICE_X18Y8          CARRY4 (Prop_carry4_CI_CO[3])
                                                      0.114    12.034 r  u_chain/u_ddc/sin_nco_reg[7]_i_2/CO[3]
                         net (fo=1, routed)           0.000    12.034    u_chain/u_ddc/sin_nco_reg[7]_i_2_n_0
    SLICE_X18Y9          CARRY4 (Prop_carry4_CI_CO[3])
                                                      0.114    12.148 r  u_chain/u_ddc/sin_nco_reg[11]_i_2/CO[3]
                         net (fo=1, routed)           0.000    12.148    u_chain/u_ddc/sin_nco_reg[11]_i_2_n_0
    SLICE_X18Y10         CARRY4 (Prop_carry4_CI_O[1])
                                                      0.334    12.482 r  u_chain/u_ddc/sin_nco_reg[15]_i_2/O[1]
                         net (fo=2, routed)           0.599    13.081    u_chain/u_ddc/cos_nco_c0[13]
    SLICE_X25Y10         LUT6 (Prop_lut6_I5_O)        0.303    13.384 r  u_chain/u_ddc/cos_nco[13]_i_1/O
                         net (fo=1, routed)           0.000    13.384    u_chain/u_ddc/cos_nco_c[13]
    SLICE_X25Y10         FDCE                                         r  u_chain/u_ddc/cos_nco_reg[13]/D
  -------------------------------------------------------------------    -------------------

                         (clock pl_clk rise edge)    10.000    10.000 r  
                                                      0.000    10.000 r  pl_clk (IN)
                         net (fo=3052, unset)         0.924    10.924    u_chain/u_ddc/pl_clk
    SLICE_X25Y10         FDCE                                         r  u_chain/u_ddc/cos_nco_reg[13]/C
                         clock pessimism              0.000    10.924    
                         clock uncertainty           -0.035    10.889    
    SLICE_X25Y10         FDCE (Setup_fdce_C_D)        0.031    10.920    u_chain/u_ddc/cos_nco_reg[13]
  -------------------------------------------------------------------
                         required time                         10.920    
                         arrival time                         -13.384    
  -------------------------------------------------------------------
                         slack                                 -2.464    

Slack (VIOLATED) :        -2.461ns  (required time - arrival time)
  Source:                 u_chain/u_ddc/frac_s1_reg[4]/C
                            (rising edge-triggered cell FDCE clocked by pl_clk  {rise@0.000ns fall@5.000ns period=10.000ns})
  Destination:            u_chain/u_ddc/sin_nco_reg[13]/D
                            (rising edge-triggered cell FDCE clocked by pl_clk  {rise@0.000ns fall@5.000ns period=10.000ns})
  Path Group:             pl_clk
  Path Type:              Setup (Max at Slow Process Corner)
  Requirement:            10.000ns  (pl_clk rise@10.000ns - pl_clk rise@0.000ns)
  Data Path Delay:        12.408ns  (logic 7.719ns (62.211%)  route 4.689ns (37.789%))
  Logic Levels:           10  (CARRY4=4 DSP48E1=2 LUT1=1 LUT3=1 LUT6=2)
  Clock Path Skew:        -0.049ns (DCD - SCD + CPR)
    Destination Clock Delay (DCD):    0.924ns = ( 10.924 - 10.000 ) 
    Source Clock Delay      (SCD):    0.973ns
    Clock Pessimism Removal (CPR):    0.000ns
  Clock Uncertainty:      0.035ns  ((TSJ^2 + TIJ^2)^1/2 + DJ) / 2 + PE
    Total System Jitter     (TSJ):    0.071ns
    Total Input Jitter      (TIJ):    0.000ns
    Discrete Jitter          (DJ):    0.000ns
    Phase Error              (PE):    0.000ns

    Location             Delay type                Incr(ns)  Path(ns)    Netlist Resource(s)
  -------------------------------------------------------------------    -------------------
                         (clock pl_clk rise edge)     0.000     0.000 r  
                                                      0.000     0.000 r  pl_clk (IN)
                         net (fo=3052, unset)         0.973     0.973    u_chain/u_ddc/pl_clk
    SLICE_X21Y11         FDCE                                         r  u_chain/u_ddc/frac_s1_reg[4]/C
  -------------------------------------------------------------------    -------------------
    SLICE_X21Y11         FDCE (Prop_fdce_C_Q)         0.456     1.429 f  u_chain/u_ddc/frac_s1_reg[4]/Q
                         net (fo=3, routed)           0.840     2.269    u_chain/u_ddc/frac_s1[4]
    SLICE_X21Y10         LUT6 (Prop_lut6_I0_O)        0.124     2.393 r  u_chain/u_ddc/cos_interp_num0_i_9/O
                         net (fo=3, routed)           0.330     2.723    u_chain/u_ddc/cos_interp_num0_i_9_n_0
    SLICE_X20Y11         LUT3 (Prop_lut3_I1_O)        0.124     2.847 r  u_chain/u_ddc/cos_interp_num0_i_1/O
                         net (fo=2, routed)           0.876     3.723    u_chain/u_ddc/cos_interp_num0_i_1_n_0
    DSP48_X0Y4           DSP48E1 (Prop_dsp48e1_B[8]_P[23])
                                                      3.656     7.379 r  u_chain/u_ddc/cos_interp_num0/P[23]
                         net (fo=25, routed)          0.957     8.336    u_chain/u_ddc/cos_interp_num0_n_82
    DSP48_X0Y2           DSP48E1 (Prop_dsp48e1_C[42]_P[9])
                                                      1.820    10.156 f  u_chain/u_ddc/cos_interp_num/P[9]
                         net (fo=3, routed)           1.090    11.246    u_chain/u_ddc/cos_q[1]
    SLICE_X18Y7          LUT1 (Prop_lut1_I0_O)        0.124    11.370 r  u_chain/u_ddc/sin_nco[3]_i_6/O
                         net (fo=1, routed)           0.000    11.370    u_chain/u_ddc/sin_nco[3]_i_6_n_0
    SLICE_X18Y7          CARRY4 (Prop_carry4_S[1]_CO[3])
                                                      0.550    11.920 r  u_chain/u_ddc/sin_nco_reg[3]_i_2/CO[3]
                         net (fo=1, routed)           0.000    11.920    u_chain/u_ddc/sin_nco_reg[3]_i_2_n_0
    SLICE_X18Y8          CARRY4 (Prop_carry4_CI_CO[3])
                                                      0.114    12.034 r  u_chain/u_ddc/sin_nco_reg[7]_i_2/CO[3]
                         net (fo=1, routed)           0.000    12.034    u_chain/u_ddc/sin_nco_reg[7]_i_2_n_0
    SLICE_X18Y9          CARRY4 (Prop_carry4_CI_CO[3])
                                                      0.114    12.148 r  u_chain/u_ddc/sin_nco_reg[11]_i_2/CO[3]
                         net (fo=1, routed)           0.000    12.148    u_chain/u_ddc/sin_nco_reg[11]_i_2_n_0
    SLICE_X18Y10         CARRY4 (Prop_carry4_CI_O[1])
                                                      0.334    12.482 r  u_chain/u_ddc/sin_nco_reg[15]_i_2/O[1]
                         net (fo=2, routed)           0.596    13.078    u_chain/u_ddc/cos_nco_c0[13]
    SLICE_X21Y10         LUT6 (Prop_lut6_I2_O)        0.303    13.381 r  u_chain/u_ddc/sin_nco[13]_i_1/O
                         net (fo=1, routed)           0.000    13.381    u_chain/u_ddc/sin_nco_c[13]
    SLICE_X21Y10         FDCE                                         r  u_chain/u_ddc/sin_nco_reg[13]/D
  -------------------------------------------------------------------    -------------------

                         (clock pl_clk rise edge)    10.000    10.000 r  
                                                      0.000    10.000 r  pl_clk (IN)
                         net (fo=3052, unset)         0.924    10.924    u_chain/u_ddc/pl_clk
    SLICE_X21Y10         FDCE                                         r  u_chain/u_ddc/sin_nco_reg[13]/C
                         clock pessimism              0.000    10.924    
                         clock uncertainty           -0.035    10.889    
    SLICE_X21Y10         FDCE (Setup_fdce_C_D)        0.031    10.920    u_chain/u_ddc/sin_nco_reg[13]
  -------------------------------------------------------------------
                         required time                         10.920    
                         arrival time                         -13.381    
  -------------------------------------------------------------------
                         slack                                 -2.461    

Slack (VIOLATED) :        -2.455ns  (required time - arrival time)
  Source:                 u_chain/u_ddc/frac_s1_reg[4]/C
                            (rising edge-triggered cell FDCE clocked by pl_clk  {rise@0.000ns fall@5.000ns period=10.000ns})
  Destination:            u_chain/u_ddc/cos_nco_reg[15]/D
                            (rising edge-triggered cell FDCE clocked by pl_clk  {rise@0.000ns fall@5.000ns period=10.000ns})
  Path Group:             pl_clk
  Path Type:              Setup (Max at Slow Process Corner)
  Requirement:            10.000ns  (pl_clk rise@10.000ns - pl_clk rise@0.000ns)
  Data Path Delay:        12.402ns  (logic 7.701ns (62.096%)  route 4.701ns (37.904%))
  Logic Levels:           10  (CARRY4=4 DSP48E1=2 LUT1=1 LUT3=1 LUT6=2)
  Clock Path Skew:        -0.049ns (DCD - SCD + CPR)
    Destination Clock Delay (DCD):    0.924ns = ( 10.924 - 10.000 ) 
    Source Clock Delay      (SCD):    0.973ns
    Clock Pessimism Removal (CPR):    0.000ns
  Clock Uncertainty:      0.035ns  ((TSJ^2 + TIJ^2)^1/2 + DJ) / 2 + PE
    Total System Jitter     (TSJ):    0.071ns
    Total Input Jitter      (TIJ):    0.000ns
    Discrete Jitter          (DJ):    0.000ns
    Phase Error              (PE):    0.000ns

    Location             Delay type                Incr(ns)  Path(ns)    Netlist Resource(s)
  -------------------------------------------------------------------    -------------------
                         (clock pl_clk rise edge)     0.000     0.000 r  
                                                      0.000     0.000 r  pl_clk (IN)
                         net (fo=3052, unset)         0.973     0.973    u_chain/u_ddc/pl_clk
    SLICE_X21Y11         FDCE                                         r  u_chain/u_ddc/frac_s1_reg[4]/C
  -------------------------------------------------------------------    -------------------
    SLICE_X21Y11         FDCE (Prop_fdce_C_Q)         0.456     1.429 f  u_chain/u_ddc/frac_s1_reg[4]/Q
                         net (fo=3, routed)           0.840     2.269    u_chain/u_ddc/frac_s1[4]
    SLICE_X21Y10         LUT6 (Prop_lut6_I0_O)        0.124     2.393 r  u_chain/u_ddc/cos_interp_num0_i_9/O
                         net (fo=3, routed)           0.330     2.723    u_chain/u_ddc/cos_interp_num0_i_9_n_0
    SLICE_X20Y11         LUT3 (Prop_lut3_I1_O)        0.124     2.847 r  u_chain/u_ddc/cos_interp_num0_i_1/O
                         net (fo=2, routed)           0.876     3.723    u_chain/u_ddc/cos_interp_num0_i_1_n_0
    DSP48_X0Y4           DSP48E1 (Prop_dsp48e1_B[8]_P[23])
                                                      3.656     7.379 r  u_chain/u_ddc/cos_interp_num0/P[23]
                         net (fo=25, routed)          0.957     8.336    u_chain/u_ddc/cos_interp_num0_n_82
    DSP48_X0Y2           DSP48E1 (Prop_dsp48e1_C[42]_P[9])
                                                      1.820    10.156 f  u_chain/u_ddc/cos_interp_num/P[9]
                         net (fo=3, routed)           1.090    11.246    u_chain/u_ddc/cos_q[1]
    SLICE_X18Y7          LUT1 (Prop_lut1_I0_O)        0.124    11.370 r  u_chain/u_ddc/sin_nco[3]_i_6/O
                         net (fo=1, routed)           0.000    11.370    u_chain/u_ddc/sin_nco[3]_i_6_n_0
    SLICE_X18Y7          CARRY4 (Prop_carry4_S[1]_CO[3])
                                                      0.550    11.920 r  u_chain/u_ddc/sin_nco_reg[3]_i_2/CO[3]
                         net (fo=1, routed)           0.000    11.920    u_chain/u_ddc/sin_nco_reg[3]_i_2_n_0
    SLICE_X18Y8          CARRY4 (Prop_carry4_CI_CO[3])
                                                      0.114    12.034 r  u_chain/u_ddc/sin_nco_reg[7]_i_2/CO[3]
                         net (fo=1, routed)           0.000    12.034    u_chain/u_ddc/sin_nco_reg[7]_i_2_n_0
    SLICE_X18Y9          CARRY4 (Prop_carry4_CI_CO[3])
                                                      0.114    12.148 r  u_chain/u_ddc/sin_nco_reg[11]_i_2/CO[3]
                         net (fo=1, routed)           0.000    12.148    u_chain/u_ddc/sin_nco_reg[11]_i_2_n_0
    SLICE_X18Y10         CARRY4 (Prop_carry4_CI_O[3])
                                                      0.313    12.461 r  u_chain/u_ddc/sin_nco_reg[15]_i_2/O[3]
                         net (fo=2, routed)           0.608    13.069    u_chain/u_ddc/cos_nco_c0[15]
    SLICE_X22Y9          LUT6 (Prop_lut6_I5_O)        0.306    13.375 r  u_chain/u_ddc/cos_nco[15]_i_1/O
                         net (fo=1, routed)           0.000    13.375    u_chain/u_ddc/cos_nco_c[15]
    SLICE_X22Y9          FDCE                                         r  u_chain/u_ddc/cos_nco_reg[15]/D
  -------------------------------------------------------------------    -------------------

                         (clock pl_clk rise edge)    10.000    10.000 r  
                                                      0.000    10.000 r  pl_clk (IN)
                         net (fo=3052, unset)         0.924    10.924    u_chain/u_ddc/pl_clk
    SLICE_X22Y9          FDCE                                         r  u_chain/u_ddc/cos_nco_reg[15]/C
                         clock pessimism              0.000    10.924    
                         clock uncertainty           -0.035    10.889    
    SLICE_X22Y9          FDCE (Setup_fdce_C_D)        0.031    10.920    u_chain/u_ddc/cos_nco_reg[15]
  -------------------------------------------------------------------
                         required time                         10.920    
                         arrival time                         -13.375    
  -------------------------------------------------------------------
                         slack                                 -2.455    

Slack (VIOLATED) :        -2.430ns  (required time - arrival time)
  Source:                 u_chain/u_ddc/frac_s1_reg[4]/C
                            (rising edge-triggered cell FDCE clocked by pl_clk  {rise@0.000ns fall@5.000ns period=10.000ns})
  Destination:            u_chain/u_ddc/sin_nco_reg[15]/D
                            (rising edge-triggered cell FDCE clocked by pl_clk  {rise@0.000ns fall@5.000ns period=10.000ns})
  Path Group:             pl_clk
  Path Type:              Setup (Max at Slow Process Corner)
  Requirement:            10.000ns  (pl_clk rise@10.000ns - pl_clk rise@0.000ns)
  Data Path Delay:        12.378ns  (logic 7.701ns (62.215%)  route 4.677ns (37.785%))
  Logic Levels:           10  (CARRY4=4 DSP48E1=2 LUT1=1 LUT3=1 LUT6=2)
  Clock Path Skew:        -0.049ns (DCD - SCD + CPR)
    Destination Clock Delay (DCD):    0.924ns = ( 10.924 - 10.000 ) 
    Source Clock Delay      (SCD):    0.973ns
    Clock Pessimism Removal (CPR):    0.000ns
  Clock Uncertainty:      0.035ns  ((TSJ^2 + TIJ^2)^1/2 + DJ) / 2 + PE
    Total System Jitter     (TSJ):    0.071ns
    Total Input Jitter      (TIJ):    0.000ns
    Discrete Jitter          (DJ):    0.000ns
    Phase Error              (PE):    0.000ns

    Location             Delay type                Incr(ns)  Path(ns)    Netlist Resource(s)
  -------------------------------------------------------------------    -------------------
                         (clock pl_clk rise edge)     0.000     0.000 r  
                                                      0.000     0.000 r  pl_clk (IN)
                         net (fo=3052, unset)         0.973     0.973    u_chain/u_ddc/pl_clk
    SLICE_X21Y11         FDCE                                         r  u_chain/u_ddc/frac_s1_reg[4]/C
  -------------------------------------------------------------------    -------------------
    SLICE_X21Y11         FDCE (Prop_fdce_C_Q)         0.456     1.429 f  u_chain/u_ddc/frac_s1_reg[4]/Q
                         net (fo=3, routed)           0.840     2.269    u_chain/u_ddc/frac_s1[4]
    SLICE_X21Y10         LUT6 (Prop_lut6_I0_O)        0.124     2.393 r  u_chain/u_ddc/cos_interp_num0_i_9/O
                         net (fo=3, routed)           0.330     2.723    u_chain/u_ddc/cos_interp_num0_i_9_n_0
    SLICE_X20Y11         LUT3 (Prop_lut3_I1_O)        0.124     2.847 r  u_chain/u_ddc/cos_interp_num0_i_1/O
                         net (fo=2, routed)           0.876     3.723    u_chain/u_ddc/cos_interp_num0_i_1_n_0
    DSP48_X0Y4           DSP48E1 (Prop_dsp48e1_B[8]_P[23])
                                                      3.656     7.379 r  u_chain/u_ddc/cos_interp_num0/P[23]
                         net (fo=25, routed)          0.957     8.336    u_chain/u_ddc/cos_interp_num0_n_82
    DSP48_X0Y2           DSP48E1 (Prop_dsp48e1_C[42]_P[9])
                                                      1.820    10.156 f  u_chain/u_ddc/cos_interp_num/P[9]
                         net (fo=3, routed)           1.090    11.246    u_chain/u_ddc/cos_q[1]
    SLICE_X18Y7          LUT1 (Prop_lut1_I0_O)        0.124    11.370 r  u_chain/u_ddc/sin_nco[3]_i_6/O
                         net (fo=1, routed)           0.000    11.370    u_chain/u_ddc/sin_nco[3]_i_6_n_0
    SLICE_X18Y7          CARRY4 (Prop_carry4_S[1]_CO[3])
                                                      0.550    11.920 r  u_chain/u_ddc/sin_nco_reg[3]_i_2/CO[3]
                         net (fo=1, routed)           0.000    11.920    u_chain/u_ddc/sin_nco_reg[3]_i_2_n_0
    SLICE_X18Y8          CARRY4 (Prop_carry4_CI_CO[3])
                                                      0.114    12.034 r  u_chain/u_ddc/sin_nco_reg[7]_i_2/CO[3]
                         net (fo=1, routed)           0.000    12.034    u_chain/u_ddc/sin_nco_reg[7]_i_2_n_0
    SLICE_X18Y9          CARRY4 (Prop_carry4_CI_CO[3])
                                                      0.114    12.148 r  u_chain/u_ddc/sin_nco_reg[11]_i_2/CO[3]
                         net (fo=1, routed)           0.000    12.148    u_chain/u_ddc/sin_nco_reg[11]_i_2_n_0
    SLICE_X18Y10         CARRY4 (Prop_carry4_CI_O[3])
                                                      0.313    12.461 r  u_chain/u_ddc/sin_nco_reg[15]_i_2/O[3]
                         net (fo=2, routed)           0.584    13.045    u_chain/u_ddc/cos_nco_c0[15]
    SLICE_X22Y9          LUT6 (Prop_lut6_I2_O)        0.306    13.351 r  u_chain/u_ddc/sin_nco[15]_i_1/O
                         net (fo=1, routed)           0.000    13.351    u_chain/u_ddc/sin_nco_c[15]
    SLICE_X22Y9          FDCE                                         r  u_chain/u_ddc/sin_nco_reg[15]/D
  -------------------------------------------------------------------    -------------------

                         (clock pl_clk rise edge)    10.000    10.000 r  
                                                      0.000    10.000 r  pl_clk (IN)
                         net (fo=3052, unset)         0.924    10.924    u_chain/u_ddc/pl_clk
    SLICE_X22Y9          FDCE                                         r  u_chain/u_ddc/sin_nco_reg[15]/C
                         clock pessimism              0.000    10.924    
                         clock uncertainty           -0.035    10.889    
    SLICE_X22Y9          FDCE (Setup_fdce_C_D)        0.032    10.921    u_chain/u_ddc/sin_nco_reg[15]
  -------------------------------------------------------------------
                         required time                         10.921    
                         arrival time                         -13.351    
  -------------------------------------------------------------------
                         slack                                 -2.430    

Slack (VIOLATED) :        -2.378ns  (required time - arrival time)
  Source:                 u_chain/u_ddc/frac_s1_reg[4]/C
                            (rising edge-triggered cell FDCE clocked by pl_clk  {rise@0.000ns fall@5.000ns period=10.000ns})
  Destination:            u_chain/u_ddc/cos_nco_reg[14]/D
                            (rising edge-triggered cell FDCE clocked by pl_clk  {rise@0.000ns fall@5.000ns period=10.000ns})
  Path Group:             pl_clk
  Path Type:              Setup (Max at Slow Process Corner)
  Requirement:            10.000ns  (pl_clk rise@10.000ns - pl_clk rise@0.000ns)
  Data Path Delay:        12.326ns  (logic 7.623ns (61.845%)  route 4.703ns (38.155%))
  Logic Levels:           10  (CARRY4=4 DSP48E1=2 LUT1=1 LUT3=1 LUT6=2)
  Clock Path Skew:        -0.049ns (DCD - SCD + CPR)
    Destination Clock Delay (DCD):    0.924ns = ( 10.924 - 10.000 ) 
    Source Clock Delay      (SCD):    0.973ns
    Clock Pessimism Removal (CPR):    0.000ns
  Clock Uncertainty:      0.035ns  ((TSJ^2 + TIJ^2)^1/2 + DJ) / 2 + PE
    Total System Jitter     (TSJ):    0.071ns
    Total Input Jitter      (TIJ):    0.000ns
    Discrete Jitter          (DJ):    0.000ns
    Phase Error              (PE):    0.000ns

    Location             Delay type                Incr(ns)  Path(ns)    Netlist Resource(s)
  -------------------------------------------------------------------    -------------------
                         (clock pl_clk rise edge)     0.000     0.000 r  
                                                      0.000     0.000 r  pl_clk (IN)
                         net (fo=3052, unset)         0.973     0.973    u_chain/u_ddc/pl_clk
    SLICE_X21Y11         FDCE                                         r  u_chain/u_ddc/frac_s1_reg[4]/C
  -------------------------------------------------------------------    -------------------
    SLICE_X21Y11         FDCE (Prop_fdce_C_Q)         0.456     1.429 f  u_chain/u_ddc/frac_s1_reg[4]/Q
                         net (fo=3, routed)           0.840     2.269    u_chain/u_ddc/frac_s1[4]
    SLICE_X21Y10         LUT6 (Prop_lut6_I0_O)        0.124     2.393 r  u_chain/u_ddc/cos_interp_num0_i_9/O
                         net (fo=3, routed)           0.330     2.723    u_chain/u_ddc/cos_interp_num0_i_9_n_0
    SLICE_X20Y11         LUT3 (Prop_lut3_I1_O)        0.124     2.847 r  u_chain/u_ddc/cos_interp_num0_i_1/O
                         net (fo=2, routed)           0.876     3.723    u_chain/u_ddc/cos_interp_num0_i_1_n_0
    DSP48_X0Y4           DSP48E1 (Prop_dsp48e1_B[8]_P[23])
                                                      3.656     7.379 r  u_chain/u_ddc/cos_interp_num0/P[23]
                         net (fo=25, routed)          0.957     8.336    u_chain/u_ddc/cos_interp_num0_n_82
    DSP48_X0Y2           DSP48E1 (Prop_dsp48e1_C[42]_P[9])
                                                      1.820    10.156 f  u_chain/u_ddc/cos_interp_num/P[9]
                         net (fo=3, routed)           1.090    11.246    u_chain/u_ddc/cos_q[1]
    SLICE_X18Y7          LUT1 (Prop_lut1_I0_O)        0.124    11.370 r  u_chain/u_ddc/sin_nco[3]_i_6/O
                         net (fo=1, routed)           0.000    11.370    u_chain/u_ddc/sin_nco[3]_i_6_n_0
    SLICE_X18Y7          CARRY4 (Prop_carry4_S[1]_CO[3])
                                                      0.550    11.920 r  u_chain/u_ddc/sin_nco_reg[3]_i_2/CO[3]
                         net (fo=1, routed)           0.000    11.920    u_chain/u_ddc/sin_nco_reg[3]_i_2_n_0
    SLICE_X18Y8          CARRY4 (Prop_carry4_CI_CO[3])
                                                      0.114    12.034 r  u_chain/u_ddc/sin_nco_reg[7]_i_2/CO[3]
                         net (fo=1, routed)           0.000    12.034    u_chain/u_ddc/sin_nco_reg[7]_i_2_n_0
    SLICE_X18Y9          CARRY4 (Prop_carry4_CI_CO[3])
                                                      0.114    12.148 r  u_chain/u_ddc/sin_nco_reg[11]_i_2/CO[3]
                         net (fo=1, routed)           0.000    12.148    u_chain/u_ddc/sin_nco_reg[11]_i_2_n_0
    SLICE_X18Y10         CARRY4 (Prop_carry4_CI_O[2])
                                                      0.239    12.387 r  u_chain/u_ddc/sin_nco_reg[15]_i_2/O[2]
                         net (fo=2, routed)           0.610    12.997    u_chain/u_ddc/cos_nco_c0[14]
    SLICE_X22Y8          LUT6 (Prop_lut6_I5_O)        0.302    13.299 r  u_chain/u_ddc/cos_nco[14]_i_1/O
                         net (fo=1, routed)           0.000    13.299    u_chain/u_ddc/cos_nco_c[14]
    SLICE_X22Y8          FDCE                                         r  u_chain/u_ddc/cos_nco_reg[14]/D
  -------------------------------------------------------------------    -------------------

                         (clock pl_clk rise edge)    10.000    10.000 r  
                                                      0.000    10.000 r  pl_clk (IN)
                         net (fo=3052, unset)         0.924    10.924    u_chain/u_ddc/pl_clk
    SLICE_X22Y8          FDCE                                         r  u_chain/u_ddc/cos_nco_reg[14]/C
                         clock pessimism              0.000    10.924    
                         clock uncertainty           -0.035    10.889    
    SLICE_X22Y8          FDCE (Setup_fdce_C_D)        0.032    10.921    u_chain/u_ddc/cos_nco_reg[14]
  -------------------------------------------------------------------
                         required time                         10.921    
                         arrival time                         -13.299    
  -------------------------------------------------------------------
                         slack                                 -2.378    

Slack (VIOLATED) :        -2.357ns  (required time - arrival time)
  Source:                 u_chain/u_ddc/frac_s1_reg[4]/C
                            (rising edge-triggered cell FDCE clocked by pl_clk  {rise@0.000ns fall@5.000ns period=10.000ns})
  Destination:            u_chain/u_ddc/sin_nco_reg[14]/D
                            (rising edge-triggered cell FDCE clocked by pl_clk  {rise@0.000ns fall@5.000ns period=10.000ns})
  Path Group:             pl_clk
  Path Type:              Setup (Max at Slow Process Corner)
  Requirement:            10.000ns  (pl_clk rise@10.000ns - pl_clk rise@0.000ns)
  Data Path Delay:        12.352ns  (logic 7.623ns (61.714%)  route 4.729ns (38.286%))
  Logic Levels:           10  (CARRY4=4 DSP48E1=2 LUT1=1 LUT3=1 LUT6=2)
  Clock Path Skew:        -0.049ns (DCD - SCD + CPR)
    Destination Clock Delay (DCD):    0.924ns = ( 10.924 - 10.000 ) 
    Source Clock Delay      (SCD):    0.973ns
    Clock Pessimism Removal (CPR):    0.000ns
  Clock Uncertainty:      0.035ns  ((TSJ^2 + TIJ^2)^1/2 + DJ) / 2 + PE
    Total System Jitter     (TSJ):    0.071ns
    Total Input Jitter      (TIJ):    0.000ns
    Discrete Jitter          (DJ):    0.000ns
    Phase Error              (PE):    0.000ns

    Location             Delay type                Incr(ns)  Path(ns)    Netlist Resource(s)
  -------------------------------------------------------------------    -------------------
                         (clock pl_clk rise edge)     0.000     0.000 r  
                                                      0.000     0.000 r  pl_clk (IN)
                         net (fo=3052, unset)         0.973     0.973    u_chain/u_ddc/pl_clk
    SLICE_X21Y11         FDCE                                         r  u_chain/u_ddc/frac_s1_reg[4]/C
  -------------------------------------------------------------------    -------------------
    SLICE_X21Y11         FDCE (Prop_fdce_C_Q)         0.456     1.429 f  u_chain/u_ddc/frac_s1_reg[4]/Q
                         net (fo=3, routed)           0.840     2.269    u_chain/u_ddc/frac_s1[4]
    SLICE_X21Y10         LUT6 (Prop_lut6_I0_O)        0.124     2.393 r  u_chain/u_ddc/cos_interp_num0_i_9/O
                         net (fo=3, routed)           0.330     2.723    u_chain/u_ddc/cos_interp_num0_i_9_n_0
    SLICE_X20Y11         LUT3 (Prop_lut3_I1_O)        0.124     2.847 r  u_chain/u_ddc/cos_interp_num0_i_1/O
                         net (fo=2, routed)           0.876     3.723    u_chain/u_ddc/cos_interp_num0_i_1_n_0
    DSP48_X0Y4           DSP48E1 (Prop_dsp48e1_B[8]_P[23])
                                                      3.656     7.379 r  u_chain/u_ddc/cos_interp_num0/P[23]
                         net (fo=25, routed)          0.957     8.336    u_chain/u_ddc/cos_interp_num0_n_82
    DSP48_X0Y2           DSP48E1 (Prop_dsp48e1_C[42]_P[9])
                                                      1.820    10.156 f  u_chain/u_ddc/cos_interp_num/P[9]
                         net (fo=3, routed)           1.090    11.246    u_chain/u_ddc/cos_q[1]
    SLICE_X18Y7          LUT1 (Prop_lut1_I0_O)        0.124    11.370 r  u_chain/u_ddc/sin_nco[3]_i_6/O
                         net (fo=1, routed)           0.000    11.370    u_chain/u_ddc/sin_nco[3]_i_6_n_0
    SLICE_X18Y7          CARRY4 (Prop_carry4_S[1]_CO[3])
                                                      0.550    11.920 r  u_chain/u_ddc/sin_nco_reg[3]_i_2/CO[3]
                         net (fo=1, routed)           0.000    11.920    u_chain/u_ddc/sin_nco_reg[3]_i_2_n_0
    SLICE_X18Y8          CARRY4 (Prop_carry4_CI_CO[3])
                                                      0.114    12.034 r  u_chain/u_ddc/sin_nco_reg[7]_i_2/CO[3]
                         net (fo=1, routed)           0.000    12.034    u_chain/u_ddc/sin_nco_reg[7]_i_2_n_0
    SLICE_X18Y9          CARRY4 (Prop_carry4_CI_CO[3])
                                                      0.114    12.148 r  u_chain/u_ddc/sin_nco_reg[11]_i_2/CO[3]
                         net (fo=1, routed)           0.000    12.148    u_chain/u_ddc/sin_nco_reg[11]_i_2_n_0
    SLICE_X18Y10         CARRY4 (Prop_carry4_CI_O[2])
                                                      0.239    12.387 r  u_chain/u_ddc/sin_nco_reg[15]_i_2/O[2]
                         net (fo=2, routed)           0.636    13.023    u_chain/u_ddc/cos_nco_c0[14]
    SLICE_X20Y9          LUT6 (Prop_lut6_I2_O)        0.302    13.325 r  u_chain/u_ddc/sin_nco[14]_i_1/O
                         net (fo=1, routed)           0.000    13.325    u_chain/u_ddc/sin_nco_c[14]
    SLICE_X20Y9          FDCE                                         r  u_chain/u_ddc/sin_nco_reg[14]/D
  -------------------------------------------------------------------    -------------------

                         (clock pl_clk rise edge)    10.000    10.000 r  
                                                      0.000    10.000 r  pl_clk (IN)
                         net (fo=3052, unset)         0.924    10.924    u_chain/u_ddc/pl_clk
    SLICE_X20Y9          FDCE                                         r  u_chain/u_ddc/sin_nco_reg[14]/C
                         clock pessimism              0.000    10.924    
                         clock uncertainty           -0.035    10.889    
    SLICE_X20Y9          FDCE (Setup_fdce_C_D)        0.079    10.968    u_chain/u_ddc/sin_nco_reg[14]
  -------------------------------------------------------------------
                         required time                         10.968    
                         arrival time                         -13.325    
  -------------------------------------------------------------------
                         slack                                 -2.357    

Slack (VIOLATED) :        -2.346ns  (required time - arrival time)
  Source:                 u_chain/u_ddc/frac_s1_reg[4]/C
                            (rising edge-triggered cell FDCE clocked by pl_clk  {rise@0.000ns fall@5.000ns period=10.000ns})
  Destination:            u_chain/u_ddc/cos_nco_reg[11]/D
                            (rising edge-triggered cell FDCE clocked by pl_clk  {rise@0.000ns fall@5.000ns period=10.000ns})
  Path Group:             pl_clk
  Path Type:              Setup (Max at Slow Process Corner)
  Requirement:            10.000ns  (pl_clk rise@10.000ns - pl_clk rise@0.000ns)
  Data Path Delay:        12.291ns  (logic 7.587ns (61.726%)  route 4.704ns (38.274%))
  Logic Levels:           9  (CARRY4=3 DSP48E1=2 LUT1=1 LUT3=1 LUT6=2)
  Clock Path Skew:        -0.049ns (DCD - SCD + CPR)
    Destination Clock Delay (DCD):    0.924ns = ( 10.924 - 10.000 ) 
    Source Clock Delay      (SCD):    0.973ns
    Clock Pessimism Removal (CPR):    0.000ns
  Clock Uncertainty:      0.035ns  ((TSJ^2 + TIJ^2)^1/2 + DJ) / 2 + PE
    Total System Jitter     (TSJ):    0.071ns
    Total Input Jitter      (TIJ):    0.000ns
    Discrete Jitter          (DJ):    0.000ns
    Phase Error              (PE):    0.000ns

    Location             Delay type                Incr(ns)  Path(ns)    Netlist Resource(s)
  -------------------------------------------------------------------    -------------------
                         (clock pl_clk rise edge)     0.000     0.000 r  
                                                      0.000     0.000 r  pl_clk (IN)
                         net (fo=3052, unset)         0.973     0.973    u_chain/u_ddc/pl_clk
    SLICE_X21Y11         FDCE                                         r  u_chain/u_ddc/frac_s1_reg[4]/C
  -------------------------------------------------------------------    -------------------
    SLICE_X21Y11         FDCE (Prop_fdce_C_Q)         0.456     1.429 f  u_chain/u_ddc/frac_s1_reg[4]/Q
                         net (fo=3, routed)           0.840     2.269    u_chain/u_ddc/frac_s1[4]
    SLICE_X21Y10         LUT6 (Prop_lut6_I0_O)        0.124     2.393 r  u_chain/u_ddc/cos_interp_num0_i_9/O
                         net (fo=3, routed)           0.330     2.723    u_chain/u_ddc/cos_interp_num0_i_9_n_0
    SLICE_X20Y11         LUT3 (Prop_lut3_I1_O)        0.124     2.847 r  u_chain/u_ddc/cos_interp_num0_i_1/O
                         net (fo=2, routed)           0.876     3.723    u_chain/u_ddc/cos_interp_num0_i_1_n_0
    DSP48_X0Y4           DSP48E1 (Prop_dsp48e1_B[8]_P[23])
                                                      3.656     7.379 r  u_chain/u_ddc/cos_interp_num0/P[23]
                         net (fo=25, routed)          0.957     8.336    u_chain/u_ddc/cos_interp_num0_n_82
    DSP48_X0Y2           DSP48E1 (Prop_dsp48e1_C[42]_P[9])
                                                      1.820    10.156 f  u_chain/u_ddc/cos_interp_num/P[9]
                         net (fo=3, routed)           1.090    11.246    u_chain/u_ddc/cos_q[1]
    SLICE_X18Y7          LUT1 (Prop_lut1_I0_O)        0.124    11.370 r  u_chain/u_ddc/sin_nco[3]_i_6/O
                         net (fo=1, routed)           0.000    11.370    u_chain/u_ddc/sin_nco[3]_i_6_n_0
    SLICE_X18Y7          CARRY4 (Prop_carry4_S[1]_CO[3])
                                                      0.550    11.920 r  u_chain/u_ddc/sin_nco_reg[3]_i_2/CO[3]
                         net (fo=1, routed)           0.000    11.920    u_chain/u_ddc/sin_nco_reg[3]_i_2_n_0
    SLICE_X18Y8          CARRY4 (Prop_carry4_CI_CO[3])
                                                      0.114    12.034 r  u_chain/u_ddc/sin_nco_reg[7]_i_2/CO[3]
                         net (fo=1, routed)           0.000    12.034    u_chain/u_ddc/sin_nco_reg[7]_i_2_n_0
    SLICE_X18Y9          CARRY4 (Prop_carry4_CI_O[3])
                                                      0.313    12.347 r  u_chain/u_ddc/sin_nco_reg[11]_i_2/O[3]
                         net (fo=2, routed)           0.612    12.958    u_chain/u_ddc/cos_nco_c0[11]
    SLICE_X23Y8          LUT6 (Prop_lut6_I5_O)        0.306    13.264 r  u_chain/u_ddc/cos_nco[11]_i_1/O
                         net (fo=1, routed)           0.000    13.264    u_chain/u_ddc/cos_nco_c[11]
    SLICE_X23Y8          FDCE                                         r  u_chain/u_ddc/cos_nco_reg[11]/D
  -------------------------------------------------------------------    -------------------

                         (clock pl_clk rise edge)    10.000    10.000 r  
                                                      0.000    10.000 r  pl_clk (IN)
                         net (fo=3052, unset)         0.924    10.924    u_chain/u_ddc/pl_clk
    SLICE_X23Y8          FDCE                                         r  u_chain/u_ddc/cos_nco_reg[11]/C
                         clock pessimism              0.000    10.924    
                         clock uncertainty           -0.035    10.889    
    SLICE_X23Y8          FDCE (Setup_fdce_C_D)        0.029    10.918    u_chain/u_ddc/cos_nco_reg[11]
  -------------------------------------------------------------------
                         required time                         10.918    
                         arrival time                         -13.264    
  -------------------------------------------------------------------
                         slack                                 -2.346    

Slack (VIOLATED) :        -2.337ns  (required time - arrival time)
  Source:                 u_chain/u_ddc/frac_s1_reg[4]/C
                            (rising edge-triggered cell FDCE clocked by pl_clk  {rise@0.000ns fall@5.000ns period=10.000ns})
  Destination:            u_chain/u_ddc/cos_nco_reg[10]/D
                            (rising edge-triggered cell FDCE clocked by pl_clk  {rise@0.000ns fall@5.000ns period=10.000ns})
  Path Group:             pl_clk
  Path Type:              Setup (Max at Slow Process Corner)
  Requirement:            10.000ns  (pl_clk rise@10.000ns - pl_clk rise@0.000ns)
  Data Path Delay:        12.284ns  (logic 7.509ns (61.129%)  route 4.775ns (38.871%))
  Logic Levels:           9  (CARRY4=3 DSP48E1=2 LUT1=1 LUT3=1 LUT6=2)
  Clock Path Skew:        -0.049ns (DCD - SCD + CPR)
    Destination Clock Delay (DCD):    0.924ns = ( 10.924 - 10.000 ) 
    Source Clock Delay      (SCD):    0.973ns
    Clock Pessimism Removal (CPR):    0.000ns
  Clock Uncertainty:      0.035ns  ((TSJ^2 + TIJ^2)^1/2 + DJ) / 2 + PE
    Total System Jitter     (TSJ):    0.071ns
    Total Input Jitter      (TIJ):    0.000ns
    Discrete Jitter          (DJ):    0.000ns
    Phase Error              (PE):    0.000ns

    Location             Delay type                Incr(ns)  Path(ns)    Netlist Resource(s)
  -------------------------------------------------------------------    -------------------
                         (clock pl_clk rise edge)     0.000     0.000 r  
                                                      0.000     0.000 r  pl_clk (IN)
                         net (fo=3052, unset)         0.973     0.973    u_chain/u_ddc/pl_clk
    SLICE_X21Y11         FDCE                                         r  u_chain/u_ddc/frac_s1_reg[4]/C
  -------------------------------------------------------------------    -------------------
    SLICE_X21Y11         FDCE (Prop_fdce_C_Q)         0.456     1.429 f  u_chain/u_ddc/frac_s1_reg[4]/Q
                         net (fo=3, routed)           0.840     2.269    u_chain/u_ddc/frac_s1[4]
    SLICE_X21Y10         LUT6 (Prop_lut6_I0_O)        0.124     2.393 r  u_chain/u_ddc/cos_interp_num0_i_9/O
                         net (fo=3, routed)           0.330     2.723    u_chain/u_ddc/cos_interp_num0_i_9_n_0
    SLICE_X20Y11         LUT3 (Prop_lut3_I1_O)        0.124     2.847 r  u_chain/u_ddc/cos_interp_num0_i_1/O
                         net (fo=2, routed)           0.876     3.723    u_chain/u_ddc/cos_interp_num0_i_1_n_0
    DSP48_X0Y4           DSP48E1 (Prop_dsp48e1_B[8]_P[23])
                                                      3.656     7.379 r  u_chain/u_ddc/cos_interp_num0/P[23]
                         net (fo=25, routed)          0.957     8.336    u_chain/u_ddc/cos_interp_num0_n_82
    DSP48_X0Y2           DSP48E1 (Prop_dsp48e1_C[42]_P[9])
                                                      1.820    10.156 f  u_chain/u_ddc/cos_interp_num/P[9]
                         net (fo=3, routed)           1.090    11.246    u_chain/u_ddc/cos_q[1]
    SLICE_X18Y7          LUT1 (Prop_lut1_I0_O)        0.124    11.370 r  u_chain/u_ddc/sin_nco[3]_i_6/O
                         net (fo=1, routed)           0.000    11.370    u_chain/u_ddc/sin_nco[3]_i_6_n_0
    SLICE_X18Y7          CARRY4 (Prop_carry4_S[1]_CO[3])
                                                      0.550    11.920 r  u_chain/u_ddc/sin_nco_reg[3]_i_2/CO[3]
                         net (fo=1, routed)           0.000    11.920    u_chain/u_ddc/sin_nco_reg[3]_i_2_n_0
    SLICE_X18Y8          CARRY4 (Prop_carry4_CI_CO[3])
                                                      0.114    12.034 r  u_chain/u_ddc/sin_nco_reg[7]_i_2/CO[3]
                         net (fo=1, routed)           0.000    12.034    u_chain/u_ddc/sin_nco_reg[7]_i_2_n_0
    SLICE_X18Y9          CARRY4 (Prop_carry4_CI_O[2])
                                                      0.239    12.273 r  u_chain/u_ddc/sin_nco_reg[11]_i_2/O[2]
                         net (fo=2, routed)           0.682    12.955    u_chain/u_ddc/cos_nco_c0[10]
    SLICE_X22Y8          LUT6 (Prop_lut6_I5_O)        0.302    13.257 r  u_chain/u_ddc/cos_nco[10]_i_1/O
                         net (fo=1, routed)           0.000    13.257    u_chain/u_ddc/cos_nco_c[10]
    SLICE_X22Y8          FDCE                                         r  u_chain/u_ddc/cos_nco_reg[10]/D
  -------------------------------------------------------------------    -------------------

                         (clock pl_clk rise edge)    10.000    10.000 r  
                                                      0.000    10.000 r  pl_clk (IN)
                         net (fo=3052, unset)         0.924    10.924    u_chain/u_ddc/pl_clk
    SLICE_X22Y8          FDCE                                         r  u_chain/u_ddc/cos_nco_reg[10]/C
                         clock pessimism              0.000    10.924    
                         clock uncertainty           -0.035    10.889    
    SLICE_X22Y8          FDCE (Setup_fdce_C_D)        0.031    10.920    u_chain/u_ddc/cos_nco_reg[10]
  -------------------------------------------------------------------
                         required time                         10.920    
                         arrival time                         -13.257    
  -------------------------------------------------------------------
                         slack                                 -2.337    

Slack (VIOLATED) :        -2.334ns  (required time - arrival time)
  Source:                 u_chain/u_ddc/frac_s1_reg[4]/C
                            (rising edge-triggered cell FDCE clocked by pl_clk  {rise@0.000ns fall@5.000ns period=10.000ns})
  Destination:            u_chain/u_ddc/sin_nco_reg[9]/D
                            (rising edge-triggered cell FDCE clocked by pl_clk  {rise@0.000ns fall@5.000ns period=10.000ns})
  Path Group:             pl_clk
  Path Type:              Setup (Max at Slow Process Corner)
  Requirement:            10.000ns  (pl_clk rise@10.000ns - pl_clk rise@0.000ns)
  Data Path Delay:        12.282ns  (logic 7.605ns (61.922%)  route 4.677ns (38.078%))
  Logic Levels:           9  (CARRY4=3 DSP48E1=2 LUT1=1 LUT3=1 LUT6=2)
  Clock Path Skew:        -0.049ns (DCD - SCD + CPR)
    Destination Clock Delay (DCD):    0.924ns = ( 10.924 - 10.000 ) 
    Source Clock Delay      (SCD):    0.973ns
    Clock Pessimism Removal (CPR):    0.000ns
  Clock Uncertainty:      0.035ns  ((TSJ^2 + TIJ^2)^1/2 + DJ) / 2 + PE
    Total System Jitter     (TSJ):    0.071ns
    Total Input Jitter      (TIJ):    0.000ns
    Discrete Jitter          (DJ):    0.000ns
    Phase Error              (PE):    0.000ns

    Location             Delay type                Incr(ns)  Path(ns)    Netlist Resource(s)
  -------------------------------------------------------------------    -------------------
                         (clock pl_clk rise edge)     0.000     0.000 r  
                                                      0.000     0.000 r  pl_clk (IN)
                         net (fo=3052, unset)         0.973     0.973    u_chain/u_ddc/pl_clk
    SLICE_X21Y11         FDCE                                         r  u_chain/u_ddc/frac_s1_reg[4]/C
  -------------------------------------------------------------------    -------------------
    SLICE_X21Y11         FDCE (Prop_fdce_C_Q)         0.456     1.429 f  u_chain/u_ddc/frac_s1_reg[4]/Q
                         net (fo=3, routed)           0.840     2.269    u_chain/u_ddc/frac_s1[4]
    SLICE_X21Y10         LUT6 (Prop_lut6_I0_O)        0.124     2.393 r  u_chain/u_ddc/cos_interp_num0_i_9/O
                         net (fo=3, routed)           0.330     2.723    u_chain/u_ddc/cos_interp_num0_i_9_n_0
    SLICE_X20Y11         LUT3 (Prop_lut3_I1_O)        0.124     2.847 r  u_chain/u_ddc/cos_interp_num0_i_1/O
                         net (fo=2, routed)           0.876     3.723    u_chain/u_ddc/cos_interp_num0_i_1_n_0
    DSP48_X0Y4           DSP48E1 (Prop_dsp48e1_B[8]_P[23])
                                                      3.656     7.379 r  u_chain/u_ddc/cos_interp_num0/P[23]
                         net (fo=25, routed)          0.957     8.336    u_chain/u_ddc/cos_interp_num0_n_82
    DSP48_X0Y2           DSP48E1 (Prop_dsp48e1_C[42]_P[9])
                                                      1.820    10.156 f  u_chain/u_ddc/cos_interp_num/P[9]
                         net (fo=3, routed)           1.090    11.246    u_chain/u_ddc/cos_q[1]
    SLICE_X18Y7          LUT1 (Prop_lut1_I0_O)        0.124    11.370 r  u_chain/u_ddc/sin_nco[3]_i_6/O
                         net (fo=1, routed)           0.000    11.370    u_chain/u_ddc/sin_nco[3]_i_6_n_0
    SLICE_X18Y7          CARRY4 (Prop_carry4_S[1]_CO[3])
                                                      0.550    11.920 r  u_chain/u_ddc/sin_nco_reg[3]_i_2/CO[3]
                         net (fo=1, routed)           0.000    11.920    u_chain/u_ddc/sin_nco_reg[3]_i_2_n_0
    SLICE_X18Y8          CARRY4 (Prop_carry4_CI_CO[3])
                                                      0.114    12.034 r  u_chain/u_ddc/sin_nco_reg[7]_i_2/CO[3]
                         net (fo=1, routed)           0.000    12.034    u_chain/u_ddc/sin_nco_reg[7]_i_2_n_0
    SLICE_X18Y9          CARRY4 (Prop_carry4_CI_O[1])
                                                      0.334    12.368 r  u_chain/u_ddc/sin_nco_reg[11]_i_2/O[1]
                         net (fo=2, routed)           0.584    12.952    u_chain/u_ddc/cos_nco_c0[9]
    SLICE_X23Y8          LUT6 (Prop_lut6_I2_O)        0.303    13.255 r  u_chain/u_ddc/sin_nco[9]_i_1/O
                         net (fo=1, routed)           0.000    13.255    u_chain/u_ddc/sin_nco_c[9]
    SLICE_X23Y8          FDCE                                         r  u_chain/u_ddc/sin_nco_reg[9]/D
  -------------------------------------------------------------------    -------------------

                         (clock pl_clk rise edge)    10.000    10.000 r  
                                                      0.000    10.000 r  pl_clk (IN)
                         net (fo=3052, unset)         0.924    10.924    u_chain/u_ddc/pl_clk
    SLICE_X23Y8          FDCE                                         r  u_chain/u_ddc/sin_nco_reg[9]/C
                         clock pessimism              0.000    10.924    
                         clock uncertainty           -0.035    10.889    
    SLICE_X23Y8          FDCE (Setup_fdce_C_D)        0.032    10.921    u_chain/u_ddc/sin_nco_reg[9]
  -------------------------------------------------------------------
                         required time                         10.921    
                         arrival time                         -13.255    
  -------------------------------------------------------------------
                         slack                                 -2.334    

Slack (VIOLATED) :        -2.262ns  (required time - arrival time)
  Source:                 u_chain/u_ddc/frac_s1_reg[4]/C
                            (rising edge-triggered cell FDCE clocked by pl_clk  {rise@0.000ns fall@5.000ns period=10.000ns})
  Destination:            u_chain/u_ddc/sin_nco_reg[10]/D
                            (rising edge-triggered cell FDCE clocked by pl_clk  {rise@0.000ns fall@5.000ns period=10.000ns})
  Path Group:             pl_clk
  Path Type:              Setup (Max at Slow Process Corner)
  Requirement:            10.000ns  (pl_clk rise@10.000ns - pl_clk rise@0.000ns)
  Data Path Delay:        12.209ns  (logic 7.509ns (61.504%)  route 4.700ns (38.496%))
  Logic Levels:           9  (CARRY4=3 DSP48E1=2 LUT1=1 LUT3=1 LUT6=2)
  Clock Path Skew:        -0.049ns (DCD - SCD + CPR)
    Destination Clock Delay (DCD):    0.924ns = ( 10.924 - 10.000 ) 
    Source Clock Delay      (SCD):    0.973ns
    Clock Pessimism Removal (CPR):    0.000ns
  Clock Uncertainty:      0.035ns  ((TSJ^2 + TIJ^2)^1/2 + DJ) / 2 + PE
    Total System Jitter     (TSJ):    0.071ns
    Total Input Jitter      (TIJ):    0.000ns
    Discrete Jitter          (DJ):    0.000ns
    Phase Error              (PE):    0.000ns

    Location             Delay type                Incr(ns)  Path(ns)    Netlist Resource(s)
  -------------------------------------------------------------------    -------------------
                         (clock pl_clk rise edge)     0.000     0.000 r  
                                                      0.000     0.000 r  pl_clk (IN)
                         net (fo=3052, unset)         0.973     0.973    u_chain/u_ddc/pl_clk
    SLICE_X21Y11         FDCE                                         r  u_chain/u_ddc/frac_s1_reg[4]/C
  -------------------------------------------------------------------    -------------------
    SLICE_X21Y11         FDCE (Prop_fdce_C_Q)         0.456     1.429 f  u_chain/u_ddc/frac_s1_reg[4]/Q
                         net (fo=3, routed)           0.840     2.269    u_chain/u_ddc/frac_s1[4]
    SLICE_X21Y10         LUT6 (Prop_lut6_I0_O)        0.124     2.393 r  u_chain/u_ddc/cos_interp_num0_i_9/O
                         net (fo=3, routed)           0.330     2.723    u_chain/u_ddc/cos_interp_num0_i_9_n_0
    SLICE_X20Y11         LUT3 (Prop_lut3_I1_O)        0.124     2.847 r  u_chain/u_ddc/cos_interp_num0_i_1/O
                         net (fo=2, routed)           0.876     3.723    u_chain/u_ddc/cos_interp_num0_i_1_n_0
    DSP48_X0Y4           DSP48E1 (Prop_dsp48e1_B[8]_P[23])
                                                      3.656     7.379 r  u_chain/u_ddc/cos_interp_num0/P[23]
                         net (fo=25, routed)          0.957     8.336    u_chain/u_ddc/cos_interp_num0_n_82
    DSP48_X0Y2           DSP48E1 (Prop_dsp48e1_C[42]_P[9])
                                                      1.820    10.156 f  u_chain/u_ddc/cos_interp_num/P[9]
                         net (fo=3, routed)           1.090    11.246    u_chain/u_ddc/cos_q[1]
    SLICE_X18Y7          LUT1 (Prop_lut1_I0_O)        0.124    11.370 r  u_chain/u_ddc/sin_nco[3]_i_6/O
                         net (fo=1, routed)           0.000    11.370    u_chain/u_ddc/sin_nco[3]_i_6_n_0
    SLICE_X18Y7          CARRY4 (Prop_carry4_S[1]_CO[3])
                                                      0.550    11.920 r  u_chain/u_ddc/sin_nco_reg[3]_i_2/CO[3]
                         net (fo=1, routed)           0.000    11.920    u_chain/u_ddc/sin_nco_reg[3]_i_2_n_0
    SLICE_X18Y8          CARRY4 (Prop_carry4_CI_CO[3])
                                                      0.114    12.034 r  u_chain/u_ddc/sin_nco_reg[7]_i_2/CO[3]
                         net (fo=1, routed)           0.000    12.034    u_chain/u_ddc/sin_nco_reg[7]_i_2_n_0
    SLICE_X18Y9          CARRY4 (Prop_carry4_CI_O[2])
                                                      0.239    12.273 r  u_chain/u_ddc/sin_nco_reg[11]_i_2/O[2]
                         net (fo=2, routed)           0.607    12.880    u_chain/u_ddc/cos_nco_c0[10]
    SLICE_X23Y8          LUT6 (Prop_lut6_I2_O)        0.302    13.182 r  u_chain/u_ddc/sin_nco[10]_i_1/O
                         net (fo=1, routed)           0.000    13.182    u_chain/u_ddc/sin_nco_c[10]
    SLICE_X23Y8          FDCE                                         r  u_chain/u_ddc/sin_nco_reg[10]/D
  -------------------------------------------------------------------    -------------------

                         (clock pl_clk rise edge)    10.000    10.000 r  
                                                      0.000    10.000 r  pl_clk (IN)
                         net (fo=3052, unset)         0.924    10.924    u_chain/u_ddc/pl_clk
    SLICE_X23Y8          FDCE                                         r  u_chain/u_ddc/sin_nco_reg[10]/C
                         clock pessimism              0.000    10.924    
                         clock uncertainty           -0.035    10.889    
    SLICE_X23Y8          FDCE (Setup_fdce_C_D)        0.031    10.920    u_chain/u_ddc/sin_nco_reg[10]
  -------------------------------------------------------------------
                         required time                         10.920    
                         arrival time                         -13.182    
  -------------------------------------------------------------------
                         slack                                 -2.262    





Min Delay Paths
--------------------------------------------------------------------------------------
Slack (MET) :             0.131ns  (arrival time - required time)
  Source:                 u_ingress/m_i_reg[8]/C
                            (rising edge-triggered cell FDCE clocked by pl_clk  {rise@0.000ns fall@5.000ns period=10.000ns})
  Destination:            u_chain/u_ddc/iq_i_s0_reg[8]/D
                            (rising edge-triggered cell FDCE clocked by pl_clk  {rise@0.000ns fall@5.000ns period=10.000ns})
  Path Group:             pl_clk
  Path Type:              Hold (Min at Fast Process Corner)
  Requirement:            0.000ns  (pl_clk rise@0.000ns - pl_clk rise@0.000ns)
  Data Path Delay:        0.199ns  (logic 0.141ns (70.737%)  route 0.058ns (29.263%))
  Logic Levels:           0  
  Clock Path Skew:        0.022ns (DCD - SCD - CPR)
    Destination Clock Delay (DCD):    0.432ns
    Source Clock Delay      (SCD):    0.410ns
    Clock Pessimism Removal (CPR):    -0.000ns

    Location             Delay type                Incr(ns)  Path(ns)    Netlist Resource(s)
  -------------------------------------------------------------------    -------------------
                         (clock pl_clk rise edge)     0.000     0.000 r  
                                                      0.000     0.000 r  pl_clk (IN)
                         net (fo=3052, unset)         0.410     0.410    u_ingress/pl_clk
    SLICE_X23Y7          FDCE                                         r  u_ingress/m_i_reg[8]/C
  -------------------------------------------------------------------    -------------------
    SLICE_X23Y7          FDCE (Prop_fdce_C_Q)         0.141     0.551 r  u_ingress/m_i_reg[8]/Q
                         net (fo=1, routed)           0.058     0.609    u_chain/u_ddc/iq_i_s0_reg[15]_0[8]
    SLICE_X22Y7          FDCE                                         r  u_chain/u_ddc/iq_i_s0_reg[8]/D
  -------------------------------------------------------------------    -------------------

                         (clock pl_clk rise edge)     0.000     0.000 r  
                                                      0.000     0.000 r  pl_clk (IN)
                         net (fo=3052, unset)         0.432     0.432    u_chain/u_ddc/pl_clk
    SLICE_X22Y7          FDCE                                         r  u_chain/u_ddc/iq_i_s0_reg[8]/C
                         clock pessimism              0.000     0.432    
    SLICE_X22Y7          FDCE (Hold_fdce_C_D)         0.047     0.479    u_chain/u_ddc/iq_i_s0_reg[8]
  -------------------------------------------------------------------
                         required time                         -0.479    
                         arrival time                           0.609    
  -------------------------------------------------------------------
                         slack                                  0.131    

Slack (MET) :             0.144ns  (arrival time - required time)
  Source:                 u_chain/u_integration/out_i_reg[20]/C
                            (rising edge-triggered cell FDCE clocked by pl_clk  {rise@0.000ns fall@5.000ns period=10.000ns})
  Destination:            result_i_reg[20]/D
                            (rising edge-triggered cell FDCE clocked by pl_clk  {rise@0.000ns fall@5.000ns period=10.000ns})
  Path Group:             pl_clk
  Path Type:              Hold (Min at Fast Process Corner)
  Requirement:            0.000ns  (pl_clk rise@0.000ns - pl_clk rise@0.000ns)
  Data Path Delay:        0.285ns  (logic 0.186ns (65.209%)  route 0.099ns (34.791%))
  Logic Levels:           1  (LUT3=1)
  Clock Path Skew:        0.022ns (DCD - SCD - CPR)
    Destination Clock Delay (DCD):    0.432ns
    Source Clock Delay      (SCD):    0.410ns
    Clock Pessimism Removal (CPR):    -0.000ns

    Location             Delay type                Incr(ns)  Path(ns)    Netlist Resource(s)
  -------------------------------------------------------------------    -------------------
                         (clock pl_clk rise edge)     0.000     0.000 r  
                                                      0.000     0.000 r  pl_clk (IN)
                         net (fo=3052, unset)         0.410     0.410    u_chain/u_integration/pl_clk
    SLICE_X7Y26          FDCE                                         r  u_chain/u_integration/out_i_reg[20]/C
  -------------------------------------------------------------------    -------------------
    SLICE_X7Y26          FDCE (Prop_fdce_C_Q)         0.141     0.551 r  u_chain/u_integration/out_i_reg[20]/Q
                         net (fo=3, routed)           0.099     0.650    u_chain/u_integration/Q[20]
    SLICE_X6Y26          LUT3 (Prop_lut3_I0_O)        0.045     0.695 r  u_chain/u_integration/result_i[20]_i_1/O
                         net (fo=1, routed)           0.000     0.695    u_chain_n_65
    SLICE_X6Y26          FDCE                                         r  result_i_reg[20]/D
  -------------------------------------------------------------------    -------------------

                         (clock pl_clk rise edge)     0.000     0.000 r  
                                                      0.000     0.000 r  pl_clk (IN)
                         net (fo=3052, unset)         0.432     0.432    pl_clk
    SLICE_X6Y26          FDCE                                         r  result_i_reg[20]/C
                         clock pessimism              0.000     0.432    
    SLICE_X6Y26          FDCE (Hold_fdce_C_D)         0.120     0.552    result_i_reg[20]
  -------------------------------------------------------------------
                         required time                         -0.552    
                         arrival time                           0.695    
  -------------------------------------------------------------------
                         slack                                  0.144    

Slack (MET) :             0.151ns  (arrival time - required time)
  Source:                 u_ingress/m_q_reg[4]/C
                            (rising edge-triggered cell FDCE clocked by pl_clk  {rise@0.000ns fall@5.000ns period=10.000ns})
  Destination:            u_chain/u_ddc/iq_q_s0_reg[4]/D
                            (rising edge-triggered cell FDCE clocked by pl_clk  {rise@0.000ns fall@5.000ns period=10.000ns})
  Path Group:             pl_clk
  Path Type:              Hold (Min at Fast Process Corner)
  Requirement:            0.000ns  (pl_clk rise@0.000ns - pl_clk rise@0.000ns)
  Data Path Delay:        0.245ns  (logic 0.141ns (57.590%)  route 0.104ns (42.410%))
  Logic Levels:           0  
  Clock Path Skew:        0.022ns (DCD - SCD - CPR)
    Destination Clock Delay (DCD):    0.432ns
    Source Clock Delay      (SCD):    0.410ns
    Clock Pessimism Removal (CPR):    -0.000ns

    Location             Delay type                Incr(ns)  Path(ns)    Netlist Resource(s)
  -------------------------------------------------------------------    -------------------
                         (clock pl_clk rise edge)     0.000     0.000 r  
                                                      0.000     0.000 r  pl_clk (IN)
                         net (fo=3052, unset)         0.410     0.410    u_ingress/pl_clk
    SLICE_X18Y3          FDCE                                         r  u_ingress/m_q_reg[4]/C
  -------------------------------------------------------------------    -------------------
    SLICE_X18Y3          FDCE (Prop_fdce_C_Q)         0.141     0.551 r  u_ingress/m_q_reg[4]/Q
                         net (fo=1, routed)           0.104     0.655    u_chain/u_ddc/iq_q_s0_reg[15]_0[4]
    SLICE_X17Y3          FDCE                                         r  u_chain/u_ddc/iq_q_s0_reg[4]/D
  -------------------------------------------------------------------    -------------------

                         (clock pl_clk rise edge)     0.000     0.000 r  
                                                      0.000     0.000 r  pl_clk (IN)
                         net (fo=3052, unset)         0.432     0.432    u_chain/u_ddc/pl_clk
    SLICE_X17Y3          FDCE                                         r  u_chain/u_ddc/iq_q_s0_reg[4]/C
                         clock pessimism              0.000     0.432    
    SLICE_X17Y3          FDCE (Hold_fdce_C_D)         0.072     0.504    u_chain/u_ddc/iq_q_s0_reg[4]
  -------------------------------------------------------------------
                         required time                         -0.504    
                         arrival time                           0.655    
  -------------------------------------------------------------------
                         slack                                  0.151    

Slack (MET) :             0.156ns  (arrival time - required time)
  Source:                 u_ingress/m_i_reg[14]/C
                            (rising edge-triggered cell FDCE clocked by pl_clk  {rise@0.000ns fall@5.000ns period=10.000ns})
  Destination:            u_chain/u_ddc/iq_i_s0_reg[14]/D
                            (rising edge-triggered cell FDCE clocked by pl_clk  {rise@0.000ns fall@5.000ns period=10.000ns})
  Path Group:             pl_clk
  Path Type:              Hold (Min at Fast Process Corner)
  Requirement:            0.000ns  (pl_clk rise@0.000ns - pl_clk rise@0.000ns)
  Data Path Delay:        0.240ns  (logic 0.141ns (58.691%)  route 0.099ns (41.309%))
  Logic Levels:           0  
  Clock Path Skew:        0.022ns (DCD - SCD - CPR)
    Destination Clock Delay (DCD):    0.432ns
    Source Clock Delay      (SCD):    0.410ns
    Clock Pessimism Removal (CPR):    -0.000ns

    Location             Delay type                Incr(ns)  Path(ns)    Netlist Resource(s)
  -------------------------------------------------------------------    -------------------
                         (clock pl_clk rise edge)     0.000     0.000 r  
                                                      0.000     0.000 r  pl_clk (IN)
                         net (fo=3052, unset)         0.410     0.410    u_ingress/pl_clk
    SLICE_X19Y11         FDCE                                         r  u_ingress/m_i_reg[14]/C
  -------------------------------------------------------------------    -------------------
    SLICE_X19Y11         FDCE (Prop_fdce_C_Q)         0.141     0.551 r  u_ingress/m_i_reg[14]/Q
                         net (fo=1, routed)           0.099     0.650    u_chain/u_ddc/iq_i_s0_reg[15]_0[14]
    SLICE_X16Y10         FDCE                                         r  u_chain/u_ddc/iq_i_s0_reg[14]/D
  -------------------------------------------------------------------    -------------------

                         (clock pl_clk rise edge)     0.000     0.000 r  
                                                      0.000     0.000 r  pl_clk (IN)
                         net (fo=3052, unset)         0.432     0.432    u_chain/u_ddc/pl_clk
    SLICE_X16Y10         FDCE                                         r  u_chain/u_ddc/iq_i_s0_reg[14]/C
                         clock pessimism              0.000     0.432    
    SLICE_X16Y10         FDCE (Hold_fdce_C_D)         0.063     0.495    u_chain/u_ddc/iq_i_s0_reg[14]
  -------------------------------------------------------------------
                         required time                         -0.495    
                         arrival time                           0.650    
  -------------------------------------------------------------------
                         slack                                  0.156    

Slack (MET) :             0.157ns  (arrival time - required time)
  Source:                 u_ingress/m_i_reg[7]/C
                            (rising edge-triggered cell FDCE clocked by pl_clk  {rise@0.000ns fall@5.000ns period=10.000ns})
  Destination:            u_chain/u_ddc/iq_i_s0_reg[7]/D
                            (rising edge-triggered cell FDCE clocked by pl_clk  {rise@0.000ns fall@5.000ns period=10.000ns})
  Path Group:             pl_clk
  Path Type:              Hold (Min at Fast Process Corner)
  Requirement:            0.000ns  (pl_clk rise@0.000ns - pl_clk rise@0.000ns)
  Data Path Delay:        0.241ns  (logic 0.141ns (58.447%)  route 0.100ns (41.553%))
  Logic Levels:           0  
  Clock Path Skew:        0.022ns (DCD - SCD - CPR)
    Destination Clock Delay (DCD):    0.432ns
    Source Clock Delay      (SCD):    0.410ns
    Clock Pessimism Removal (CPR):    -0.000ns

    Location             Delay type                Incr(ns)  Path(ns)    Netlist Resource(s)
  -------------------------------------------------------------------    -------------------
                         (clock pl_clk rise edge)     0.000     0.000 r  
                                                      0.000     0.000 r  pl_clk (IN)
                         net (fo=3052, unset)         0.410     0.410    u_ingress/pl_clk
    SLICE_X23Y6          FDCE                                         r  u_ingress/m_i_reg[7]/C
  -------------------------------------------------------------------    -------------------
    SLICE_X23Y6          FDCE (Prop_fdce_C_Q)         0.141     0.551 r  u_ingress/m_i_reg[7]/Q
                         net (fo=1, routed)           0.100     0.651    u_chain/u_ddc/iq_i_s0_reg[15]_0[7]
    SLICE_X24Y5          FDCE                                         r  u_chain/u_ddc/iq_i_s0_reg[7]/D
  -------------------------------------------------------------------    -------------------

                         (clock pl_clk rise edge)     0.000     0.000 r  
                                                      0.000     0.000 r  pl_clk (IN)
                         net (fo=3052, unset)         0.432     0.432    u_chain/u_ddc/pl_clk
    SLICE_X24Y5          FDCE                                         r  u_chain/u_ddc/iq_i_s0_reg[7]/C
                         clock pessimism              0.000     0.432    
    SLICE_X24Y5          FDCE (Hold_fdce_C_D)         0.063     0.495    u_chain/u_ddc/iq_i_s0_reg[7]
  -------------------------------------------------------------------
                         required time                         -0.495    
                         arrival time                           0.651    
  -------------------------------------------------------------------
                         slack                                  0.157    

Slack (MET) :             0.159ns  (arrival time - required time)
  Source:                 u_ingress/m_i_reg[10]/C
                            (rising edge-triggered cell FDCE clocked by pl_clk  {rise@0.000ns fall@5.000ns period=10.000ns})
  Destination:            u_chain/u_ddc/iq_i_s0_reg[10]/D
                            (rising edge-triggered cell FDCE clocked by pl_clk  {rise@0.000ns fall@5.000ns period=10.000ns})
  Path Group:             pl_clk
  Path Type:              Hold (Min at Fast Process Corner)
  Requirement:            0.000ns  (pl_clk rise@0.000ns - pl_clk rise@0.000ns)
  Data Path Delay:        0.251ns  (logic 0.141ns (56.174%)  route 0.110ns (43.826%))
  Logic Levels:           0  
  Clock Path Skew:        0.022ns (DCD - SCD - CPR)
    Destination Clock Delay (DCD):    0.432ns
    Source Clock Delay      (SCD):    0.410ns
    Clock Pessimism Removal (CPR):    -0.000ns

    Location             Delay type                Incr(ns)  Path(ns)    Netlist Resource(s)
  -------------------------------------------------------------------    -------------------
                         (clock pl_clk rise edge)     0.000     0.000 r  
                                                      0.000     0.000 r  pl_clk (IN)
                         net (fo=3052, unset)         0.410     0.410    u_ingress/pl_clk
    SLICE_X25Y6          FDCE                                         r  u_ingress/m_i_reg[10]/C
  -------------------------------------------------------------------    -------------------
    SLICE_X25Y6          FDCE (Prop_fdce_C_Q)         0.141     0.551 r  u_ingress/m_i_reg[10]/Q
                         net (fo=1, routed)           0.110     0.661    u_chain/u_ddc/iq_i_s0_reg[15]_0[10]
    SLICE_X25Y5          FDCE                                         r  u_chain/u_ddc/iq_i_s0_reg[10]/D
  -------------------------------------------------------------------    -------------------

                         (clock pl_clk rise edge)     0.000     0.000 r  
                                                      0.000     0.000 r  pl_clk (IN)
                         net (fo=3052, unset)         0.432     0.432    u_chain/u_ddc/pl_clk
    SLICE_X25Y5          FDCE                                         r  u_chain/u_ddc/iq_i_s0_reg[10]/C
                         clock pessimism              0.000     0.432    
    SLICE_X25Y5          FDCE (Hold_fdce_C_D)         0.070     0.502    u_chain/u_ddc/iq_i_s0_reg[10]
  -------------------------------------------------------------------
                         required time                         -0.502    
                         arrival time                           0.661    
  -------------------------------------------------------------------
                         slack                                  0.159    

Slack (MET) :             0.161ns  (arrival time - required time)
  Source:                 u_ingress/m_q_reg[3]/C
                            (rising edge-triggered cell FDCE clocked by pl_clk  {rise@0.000ns fall@5.000ns period=10.000ns})
  Destination:            u_chain/u_ddc/iq_q_s0_reg[3]/D
                            (rising edge-triggered cell FDCE clocked by pl_clk  {rise@0.000ns fall@5.000ns period=10.000ns})
  Path Group:             pl_clk
  Path Type:              Hold (Min at Fast Process Corner)
  Requirement:            0.000ns  (pl_clk rise@0.000ns - pl_clk rise@0.000ns)
  Data Path Delay:        0.253ns  (logic 0.141ns (55.730%)  route 0.112ns (44.270%))
  Logic Levels:           0  
  Clock Path Skew:        0.022ns (DCD - SCD - CPR)
    Destination Clock Delay (DCD):    0.432ns
    Source Clock Delay      (SCD):    0.410ns
    Clock Pessimism Removal (CPR):    -0.000ns

    Location             Delay type                Incr(ns)  Path(ns)    Netlist Resource(s)
  -------------------------------------------------------------------    -------------------
                         (clock pl_clk rise edge)     0.000     0.000 r  
                                                      0.000     0.000 r  pl_clk (IN)
                         net (fo=3052, unset)         0.410     0.410    u_ingress/pl_clk
    SLICE_X21Y0          FDCE                                         r  u_ingress/m_q_reg[3]/C
  -------------------------------------------------------------------    -------------------
    SLICE_X21Y0          FDCE (Prop_fdce_C_Q)         0.141     0.551 r  u_ingress/m_q_reg[3]/Q
                         net (fo=1, routed)           0.112     0.663    u_chain/u_ddc/iq_q_s0_reg[15]_0[3]
    SLICE_X21Y1          FDCE                                         r  u_chain/u_ddc/iq_q_s0_reg[3]/D
  -------------------------------------------------------------------    -------------------

                         (clock pl_clk rise edge)     0.000     0.000 r  
                                                      0.000     0.000 r  pl_clk (IN)
                         net (fo=3052, unset)         0.432     0.432    u_chain/u_ddc/pl_clk
    SLICE_X21Y1          FDCE                                         r  u_chain/u_ddc/iq_q_s0_reg[3]/C
                         clock pessimism              0.000     0.432    
    SLICE_X21Y1          FDCE (Hold_fdce_C_D)         0.070     0.502    u_chain/u_ddc/iq_q_s0_reg[3]
  -------------------------------------------------------------------
                         required time                         -0.502    
                         arrival time                           0.663    
  -------------------------------------------------------------------
                         slack                                  0.161    

Slack (MET) :             0.162ns  (arrival time - required time)
  Source:                 u_ingress/m_q_reg[11]/C
                            (rising edge-triggered cell FDCE clocked by pl_clk  {rise@0.000ns fall@5.000ns period=10.000ns})
  Destination:            u_chain/u_ddc/iq_q_s0_reg[11]/D
                            (rising edge-triggered cell FDCE clocked by pl_clk  {rise@0.000ns fall@5.000ns period=10.000ns})
  Path Group:             pl_clk
  Path Type:              Hold (Min at Fast Process Corner)
  Requirement:            0.000ns  (pl_clk rise@0.000ns - pl_clk rise@0.000ns)
  Data Path Delay:        0.259ns  (logic 0.141ns (54.469%)  route 0.118ns (45.531%))
  Logic Levels:           0  
  Clock Path Skew:        0.022ns (DCD - SCD - CPR)
    Destination Clock Delay (DCD):    0.432ns
    Source Clock Delay      (SCD):    0.410ns
    Clock Pessimism Removal (CPR):    -0.000ns

    Location             Delay type                Incr(ns)  Path(ns)    Netlist Resource(s)
  -------------------------------------------------------------------    -------------------
                         (clock pl_clk rise edge)     0.000     0.000 r  
                                                      0.000     0.000 r  pl_clk (IN)
                         net (fo=3052, unset)         0.410     0.410    u_ingress/pl_clk
    SLICE_X23Y7          FDCE                                         r  u_ingress/m_q_reg[11]/C
  -------------------------------------------------------------------    -------------------
    SLICE_X23Y7          FDCE (Prop_fdce_C_Q)         0.141     0.551 r  u_ingress/m_q_reg[11]/Q
                         net (fo=1, routed)           0.118     0.669    u_chain/u_ddc/iq_q_s0_reg[15]_0[11]
    SLICE_X22Y7          FDCE                                         r  u_chain/u_ddc/iq_q_s0_reg[11]/D
  -------------------------------------------------------------------    -------------------

                         (clock pl_clk rise edge)     0.000     0.000 r  
                                                      0.000     0.000 r  pl_clk (IN)
                         net (fo=3052, unset)         0.432     0.432    u_chain/u_ddc/pl_clk
    SLICE_X22Y7          FDCE                                         r  u_chain/u_ddc/iq_q_s0_reg[11]/C
                         clock pessimism              0.000     0.432    
    SLICE_X22Y7          FDCE (Hold_fdce_C_D)         0.075     0.507    u_chain/u_ddc/iq_q_s0_reg[11]
  -------------------------------------------------------------------
                         required time                         -0.507    
                         arrival time                           0.669    
  -------------------------------------------------------------------
                         slack                                  0.162    

Slack (MET) :             0.163ns  (arrival time - required time)
  Source:                 u_chain/u_fir/eng_phase_reg[9][4]/C
                            (rising edge-triggered cell FDRE clocked by pl_clk  {rise@0.000ns fall@5.000ns period=10.000ns})
  Destination:            u_chain/u_fir/eng_phase_reg[9][5]/D
                            (rising edge-triggered cell FDRE clocked by pl_clk  {rise@0.000ns fall@5.000ns period=10.000ns})
  Path Group:             pl_clk
  Path Type:              Hold (Min at Fast Process Corner)
  Requirement:            0.000ns  (pl_clk rise@0.000ns - pl_clk rise@0.000ns)
  Data Path Delay:        0.275ns  (logic 0.186ns (67.575%)  route 0.089ns (32.425%))
  Logic Levels:           1  (LUT6=1)
  Clock Path Skew:        0.022ns (DCD - SCD - CPR)
    Destination Clock Delay (DCD):    0.432ns
    Source Clock Delay      (SCD):    0.410ns
    Clock Pessimism Removal (CPR):    -0.000ns

    Location             Delay type                Incr(ns)  Path(ns)    Netlist Resource(s)
  -------------------------------------------------------------------    -------------------
                         (clock pl_clk rise edge)     0.000     0.000 r  
                                                      0.000     0.000 r  pl_clk (IN)
                         net (fo=3052, unset)         0.410     0.410    u_chain/u_fir/pl_clk
    SLICE_X18Y28         FDRE                                         r  u_chain/u_fir/eng_phase_reg[9][4]/C
  -------------------------------------------------------------------    -------------------
    SLICE_X18Y28         FDRE (Prop_fdre_C_Q)         0.141     0.551 r  u_chain/u_fir/eng_phase_reg[9][4]/Q
                         net (fo=23, routed)          0.089     0.640    u_chain/u_fir/eng_phase_reg_n_0_[9][4]
    SLICE_X19Y28         LUT6 (Prop_lut6_I0_O)        0.045     0.685 r  u_chain/u_fir/eng_phase[9][5]_i_3/O
                         net (fo=1, routed)           0.000     0.685    u_chain/u_fir/eng_phase[9][5]_i_3_n_0
    SLICE_X19Y28         FDRE                                         r  u_chain/u_fir/eng_phase_reg[9][5]/D
  -------------------------------------------------------------------    -------------------

                         (clock pl_clk rise edge)     0.000     0.000 r  
                                                      0.000     0.000 r  pl_clk (IN)
                         net (fo=3052, unset)         0.432     0.432    u_chain/u_fir/pl_clk
    SLICE_X19Y28         FDRE                                         r  u_chain/u_fir/eng_phase_reg[9][5]/C
                         clock pessimism              0.000     0.432    
    SLICE_X19Y28         FDRE (Hold_fdre_C_D)         0.091     0.523    u_chain/u_fir/eng_phase_reg[9][5]
  -------------------------------------------------------------------
                         required time                         -0.523    
                         arrival time                           0.685    
  -------------------------------------------------------------------
                         slack                                  0.163    

Slack (MET) :             0.163ns  (arrival time - required time)
  Source:                 u_ingress/m_q_reg[12]/C
                            (rising edge-triggered cell FDCE clocked by pl_clk  {rise@0.000ns fall@5.000ns period=10.000ns})
  Destination:            u_chain/u_ddc/iq_q_s0_reg[12]/D
                            (rising edge-triggered cell FDCE clocked by pl_clk  {rise@0.000ns fall@5.000ns period=10.000ns})
  Path Group:             pl_clk
  Path Type:              Hold (Min at Fast Process Corner)
  Requirement:            0.000ns  (pl_clk rise@0.000ns - pl_clk rise@0.000ns)
  Data Path Delay:        0.251ns  (logic 0.141ns (56.174%)  route 0.110ns (43.826%))
  Logic Levels:           0  
  Clock Path Skew:        0.022ns (DCD - SCD - CPR)
    Destination Clock Delay (DCD):    0.432ns
    Source Clock Delay      (SCD):    0.410ns
    Clock Pessimism Removal (CPR):    -0.000ns

    Location             Delay type                Incr(ns)  Path(ns)    Netlist Resource(s)
  -------------------------------------------------------------------    -------------------
                         (clock pl_clk rise edge)     0.000     0.000 r  
                                                      0.000     0.000 r  pl_clk (IN)
                         net (fo=3052, unset)         0.410     0.410    u_ingress/pl_clk
    SLICE_X25Y6          FDCE                                         r  u_ingress/m_q_reg[12]/C
  -------------------------------------------------------------------    -------------------
    SLICE_X25Y6          FDCE (Prop_fdce_C_Q)         0.141     0.551 r  u_ingress/m_q_reg[12]/Q
                         net (fo=1, routed)           0.110     0.661    u_chain/u_ddc/iq_q_s0_reg[15]_0[12]
    SLICE_X25Y5          FDCE                                         r  u_chain/u_ddc/iq_q_s0_reg[12]/D
  -------------------------------------------------------------------    -------------------

                         (clock pl_clk rise edge)     0.000     0.000 r  
                                                      0.000     0.000 r  pl_clk (IN)
                         net (fo=3052, unset)         0.432     0.432    u_chain/u_ddc/pl_clk
    SLICE_X25Y5          FDCE                                         r  u_chain/u_ddc/iq_q_s0_reg[12]/C
                         clock pessimism              0.000     0.432    
    SLICE_X25Y5          FDCE (Hold_fdce_C_D)         0.066     0.498    u_chain/u_ddc/iq_q_s0_reg[12]
  -------------------------------------------------------------------
                         required time                         -0.498    
                         arrival time                           0.661    
  -------------------------------------------------------------------
                         slack                                  0.163    





Pulse Width Checks
--------------------------------------------------------------------------------------
Clock Name:         pl_clk
Waveform(ns):       { 0.000 5.000 }
Period(ns):         10.000
Sources:            { pl_clk }

Check Type        Corner  Lib Pin             Reference Pin  Required(ns)  Actual(ns)  Slack(ns)  Location      Pin
Min Period        n/a     RAMB18E1/CLKARDCLK  n/a            2.944         10.000      7.056      RAMB18_X0Y20  u_chain/u_fir/gen_tap_bram[0].mem_reg/CLKARDCLK
Min Period        n/a     RAMB18E1/CLKBWRCLK  n/a            2.944         10.000      7.056      RAMB18_X0Y20  u_chain/u_fir/gen_tap_bram[0].mem_reg/CLKBWRCLK
Min Period        n/a     RAMB18E1/CLKARDCLK  n/a            2.944         10.000      7.056      RAMB18_X1Y18  u_chain/u_fir/gen_tap_bram[10].mem_reg/CLKARDCLK
Min Period        n/a     RAMB18E1/CLKBWRCLK  n/a            2.944         10.000      7.056      RAMB18_X1Y18  u_chain/u_fir/gen_tap_bram[10].mem_reg/CLKBWRCLK
Min Period        n/a     RAMB18E1/CLKARDCLK  n/a            2.944         10.000      7.056      RAMB18_X1Y10  u_chain/u_fir/gen_tap_bram[11].mem_reg/CLKARDCLK
Min Period        n/a     RAMB18E1/CLKBWRCLK  n/a            2.944         10.000      7.056      RAMB18_X1Y10  u_chain/u_fir/gen_tap_bram[11].mem_reg/CLKBWRCLK
Min Period        n/a     RAMB18E1/CLKARDCLK  n/a            2.944         10.000      7.056      RAMB18_X2Y4   u_chain/u_fir/gen_tap_bram[12].mem_reg/CLKARDCLK
Min Period        n/a     RAMB18E1/CLKBWRCLK  n/a            2.944         10.000      7.056      RAMB18_X2Y4   u_chain/u_fir/gen_tap_bram[12].mem_reg/CLKBWRCLK
Min Period        n/a     RAMB18E1/CLKARDCLK  n/a            2.944         10.000      7.056      RAMB18_X2Y3   u_chain/u_fir/gen_tap_bram[13].mem_reg/CLKARDCLK
Min Period        n/a     RAMB18E1/CLKBWRCLK  n/a            2.944         10.000      7.056      RAMB18_X2Y3   u_chain/u_fir/gen_tap_bram[13].mem_reg/CLKBWRCLK
Low Pulse Width   Slow    FDCE/C              n/a            0.500         5.000       4.500      SLICE_X4Y19   result_decision_reg/C
Low Pulse Width   Fast    FDCE/C              n/a            0.500         5.000       4.500      SLICE_X4Y19   result_decision_reg/C
Low Pulse Width   Slow    FDCE/C              n/a            0.500         5.000       4.500      SLICE_X3Y19   result_i_reg[0]/C
Low Pulse Width   Fast    FDCE/C              n/a            0.500         5.000       4.500      SLICE_X3Y19   result_i_reg[0]/C
Low Pulse Width   Slow    FDCE/C              n/a            0.500         5.000       4.500      SLICE_X2Y24   result_i_reg[10]/C
Low Pulse Width   Fast    FDCE/C              n/a            0.500         5.000       4.500      SLICE_X2Y24   result_i_reg[10]/C
Low Pulse Width   Slow    FDCE/C              n/a            0.500         5.000       4.500      SLICE_X2Y24   result_i_reg[11]/C
Low Pulse Width   Fast    FDCE/C              n/a            0.500         5.000       4.500      SLICE_X2Y24   result_i_reg[11]/C
Low Pulse Width   Slow    FDCE/C              n/a            0.500         5.000       4.500      SLICE_X2Y25   result_i_reg[12]/C
Low Pulse Width   Fast    FDCE/C              n/a            0.500         5.000       4.500      SLICE_X2Y25   result_i_reg[12]/C
High Pulse Width  Slow    FDCE/C              n/a            0.500         5.000       4.500      SLICE_X4Y19   result_decision_reg/C
High Pulse Width  Fast    FDCE/C              n/a            0.500         5.000       4.500      SLICE_X4Y19   result_decision_reg/C
High Pulse Width  Slow    FDCE/C              n/a            0.500         5.000       4.500      SLICE_X3Y19   result_i_reg[0]/C
High Pulse Width  Fast    FDCE/C              n/a            0.500         5.000       4.500      SLICE_X3Y19   result_i_reg[0]/C
High Pulse Width  Slow    FDCE/C              n/a            0.500         5.000       4.500      SLICE_X2Y24   result_i_reg[10]/C
High Pulse Width  Fast    FDCE/C              n/a            0.500         5.000       4.500      SLICE_X2Y24   result_i_reg[10]/C
High Pulse Width  Slow    FDCE/C              n/a            0.500         5.000       4.500      SLICE_X2Y24   result_i_reg[11]/C
High Pulse Width  Fast    FDCE/C              n/a            0.500         5.000       4.500      SLICE_X2Y24   result_i_reg[11]/C
High Pulse Width  Slow    FDCE/C              n/a            0.500         5.000       4.500      SLICE_X2Y25   result_i_reg[12]/C
High Pulse Width  Fast    FDCE/C              n/a            0.500         5.000       4.500      SLICE_X2Y25   result_i_reg[12]/C



---------------------------------------------------------------------------------------------------
Path Group:  **async_default**
From Clock:  pl_clk
  To Clock:  pl_clk

Setup :            0  Failing Endpoints,  Worst Slack        1.615ns,  Total Violation        0.000ns
Hold  :            0  Failing Endpoints,  Worst Slack        0.964ns,  Total Violation        0.000ns
---------------------------------------------------------------------------------------------------


Max Delay Paths
--------------------------------------------------------------------------------------
Slack (MET) :             1.615ns  (required time - arrival time)
  Source:                 u_lite/soft_rst_pulse_reg/C
                            (rising edge-triggered cell FDCE clocked by pl_clk  {rise@0.000ns fall@5.000ns period=10.000ns})
  Destination:            u_chain/u_ddc/iq_q_s1_reg[1]/CLR
                            (recovery check against rising-edge clock pl_clk  {rise@0.000ns fall@5.000ns period=10.000ns})
  Path Group:             **async_default**
  Path Type:              Recovery (Max at Slow Process Corner)
  Requirement:            10.000ns  (pl_clk rise@10.000ns - pl_clk rise@0.000ns)
  Data Path Delay:        7.896ns  (logic 0.580ns (7.346%)  route 7.316ns (92.654%))
  Logic Levels:           1  (LUT3=1)
  Clock Path Skew:        -0.049ns (DCD - SCD + CPR)
    Destination Clock Delay (DCD):    0.924ns = ( 10.924 - 10.000 ) 
    Source Clock Delay      (SCD):    0.973ns
    Clock Pessimism Removal (CPR):    0.000ns
  Clock Uncertainty:      0.035ns  ((TSJ^2 + TIJ^2)^1/2 + DJ) / 2 + PE
    Total System Jitter     (TSJ):    0.071ns
    Total Input Jitter      (TIJ):    0.000ns
    Discrete Jitter          (DJ):    0.000ns
    Phase Error              (PE):    0.000ns

    Location             Delay type                Incr(ns)  Path(ns)    Netlist Resource(s)
  -------------------------------------------------------------------    -------------------
                         (clock pl_clk rise edge)     0.000     0.000 r  
                                                      0.000     0.000 r  pl_clk (IN)
                         net (fo=3052, unset)         0.973     0.973    u_lite/pl_clk
    SLICE_X1Y25          FDCE                                         r  u_lite/soft_rst_pulse_reg/C
  -------------------------------------------------------------------    -------------------
    SLICE_X1Y25          FDCE (Prop_fdce_C_Q)         0.456     1.429 f  u_lite/soft_rst_pulse_reg/Q
                         net (fo=59, routed)          1.319     2.748    u_lite/soft_rst_pulse
    SLICE_X6Y23          LUT3 (Prop_lut3_I0_O)        0.124     2.872 f  u_lite/s_axis_tready_INST_0_i_1/O
                         net (fo=1319, routed)        5.997     8.869    u_chain/u_ddc/addr_s0_reg[0]_rep__3_0
    SLICE_X22Y1          FDCE                                         f  u_chain/u_ddc/iq_q_s1_reg[1]/CLR
  -------------------------------------------------------------------    -------------------

                         (clock pl_clk rise edge)    10.000    10.000 r  
                                                      0.000    10.000 r  pl_clk (IN)
                         net (fo=3052, unset)         0.924    10.924    u_chain/u_ddc/pl_clk
    SLICE_X22Y1          FDCE                                         r  u_chain/u_ddc/iq_q_s1_reg[1]/C
                         clock pessimism              0.000    10.924    
                         clock uncertainty           -0.035    10.889    
    SLICE_X22Y1          FDCE (Recov_fdce_C_CLR)     -0.405    10.484    u_chain/u_ddc/iq_q_s1_reg[1]
  -------------------------------------------------------------------
                         required time                         10.484    
                         arrival time                          -8.869    
  -------------------------------------------------------------------
                         slack                                  1.615    

Slack (MET) :             1.620ns  (required time - arrival time)
  Source:                 u_lite/soft_rst_pulse_reg/C
                            (rising edge-triggered cell FDCE clocked by pl_clk  {rise@0.000ns fall@5.000ns period=10.000ns})
  Destination:            u_chain/u_ddc/iq_q_s1_reg[7]/CLR
                            (recovery check against rising-edge clock pl_clk  {rise@0.000ns fall@5.000ns period=10.000ns})
  Path Group:             **async_default**
  Path Type:              Recovery (Max at Slow Process Corner)
  Requirement:            10.000ns  (pl_clk rise@10.000ns - pl_clk rise@0.000ns)
  Data Path Delay:        7.891ns  (logic 0.580ns (7.350%)  route 7.311ns (92.650%))
  Logic Levels:           1  (LUT3=1)
  Clock Path Skew:        -0.049ns (DCD - SCD + CPR)
    Destination Clock Delay (DCD):    0.924ns = ( 10.924 - 10.000 ) 
    Source Clock Delay      (SCD):    0.973ns
    Clock Pessimism Removal (CPR):    0.000ns
  Clock Uncertainty:      0.035ns  ((TSJ^2 + TIJ^2)^1/2 + DJ) / 2 + PE
    Total System Jitter     (TSJ):    0.071ns
    Total Input Jitter      (TIJ):    0.000ns
    Discrete Jitter          (DJ):    0.000ns
    Phase Error              (PE):    0.000ns

    Location             Delay type                Incr(ns)  Path(ns)    Netlist Resource(s)
  -------------------------------------------------------------------    -------------------
                         (clock pl_clk rise edge)     0.000     0.000 r  
                                                      0.000     0.000 r  pl_clk (IN)
                         net (fo=3052, unset)         0.973     0.973    u_lite/pl_clk
    SLICE_X1Y25          FDCE                                         r  u_lite/soft_rst_pulse_reg/C
  -------------------------------------------------------------------    -------------------
    SLICE_X1Y25          FDCE (Prop_fdce_C_Q)         0.456     1.429 f  u_lite/soft_rst_pulse_reg/Q
                         net (fo=59, routed)          1.319     2.748    u_lite/soft_rst_pulse
    SLICE_X6Y23          LUT3 (Prop_lut3_I0_O)        0.124     2.872 f  u_lite/s_axis_tready_INST_0_i_1/O
                         net (fo=1319, routed)        5.993     8.864    u_chain/u_ddc/addr_s0_reg[0]_rep__3_0
    SLICE_X23Y1          FDCE                                         f  u_chain/u_ddc/iq_q_s1_reg[7]/CLR
  -------------------------------------------------------------------    -------------------

                         (clock pl_clk rise edge)    10.000    10.000 r  
                                                      0.000    10.000 r  pl_clk (IN)
                         net (fo=3052, unset)         0.924    10.924    u_chain/u_ddc/pl_clk
    SLICE_X23Y1          FDCE                                         r  u_chain/u_ddc/iq_q_s1_reg[7]/C
                         clock pessimism              0.000    10.924    
                         clock uncertainty           -0.035    10.889    
    SLICE_X23Y1          FDCE (Recov_fdce_C_CLR)     -0.405    10.484    u_chain/u_ddc/iq_q_s1_reg[7]
  -------------------------------------------------------------------
                         required time                         10.484    
                         arrival time                          -8.864    
  -------------------------------------------------------------------
                         slack                                  1.620    

Slack (MET) :             1.698ns  (required time - arrival time)
  Source:                 u_lite/soft_rst_pulse_reg/C
                            (rising edge-triggered cell FDCE clocked by pl_clk  {rise@0.000ns fall@5.000ns period=10.000ns})
  Destination:            u_chain/u_ddc/s0_r_reg[0]/CLR
                            (recovery check against rising-edge clock pl_clk  {rise@0.000ns fall@5.000ns period=10.000ns})
  Path Group:             **async_default**
  Path Type:              Recovery (Max at Slow Process Corner)
  Requirement:            10.000ns  (pl_clk rise@10.000ns - pl_clk rise@0.000ns)
  Data Path Delay:        7.899ns  (logic 0.580ns (7.343%)  route 7.319ns (92.657%))
  Logic Levels:           1  (LUT3=1)
  Clock Path Skew:        -0.049ns (DCD - SCD + CPR)
    Destination Clock Delay (DCD):    0.924ns = ( 10.924 - 10.000 ) 
    Source Clock Delay      (SCD):    0.973ns
    Clock Pessimism Removal (CPR):    0.000ns
  Clock Uncertainty:      0.035ns  ((TSJ^2 + TIJ^2)^1/2 + DJ) / 2 + PE
    Total System Jitter     (TSJ):    0.071ns
    Total Input Jitter      (TIJ):    0.000ns
    Discrete Jitter          (DJ):    0.000ns
    Phase Error              (PE):    0.000ns

    Location             Delay type                Incr(ns)  Path(ns)    Netlist Resource(s)
  -------------------------------------------------------------------    -------------------
                         (clock pl_clk rise edge)     0.000     0.000 r  
                                                      0.000     0.000 r  pl_clk (IN)
                         net (fo=3052, unset)         0.973     0.973    u_lite/pl_clk
    SLICE_X1Y25          FDCE                                         r  u_lite/soft_rst_pulse_reg/C
  -------------------------------------------------------------------    -------------------
    SLICE_X1Y25          FDCE (Prop_fdce_C_Q)         0.456     1.429 f  u_lite/soft_rst_pulse_reg/Q
                         net (fo=59, routed)          1.319     2.748    u_lite/soft_rst_pulse
    SLICE_X6Y23          LUT3 (Prop_lut3_I0_O)        0.124     2.872 f  u_lite/s_axis_tready_INST_0_i_1/O
                         net (fo=1319, routed)        6.000     8.872    u_chain/u_ddc/addr_s0_reg[0]_rep__3_0
    SLICE_X32Y7          FDCE                                         f  u_chain/u_ddc/s0_r_reg[0]/CLR
  -------------------------------------------------------------------    -------------------

                         (clock pl_clk rise edge)    10.000    10.000 r  
                                                      0.000    10.000 r  pl_clk (IN)
                         net (fo=3052, unset)         0.924    10.924    u_chain/u_ddc/pl_clk
    SLICE_X32Y7          FDCE                                         r  u_chain/u_ddc/s0_r_reg[0]/C
                         clock pessimism              0.000    10.924    
                         clock uncertainty           -0.035    10.889    
    SLICE_X32Y7          FDCE (Recov_fdce_C_CLR)     -0.319    10.570    u_chain/u_ddc/s0_r_reg[0]
  -------------------------------------------------------------------
                         required time                         10.570    
                         arrival time                          -8.872    
  -------------------------------------------------------------------
                         slack                                  1.698    

Slack (MET) :             1.753ns  (required time - arrival time)
  Source:                 u_lite/soft_rst_pulse_reg/C
                            (rising edge-triggered cell FDCE clocked by pl_clk  {rise@0.000ns fall@5.000ns period=10.000ns})
  Destination:            u_chain/u_ddc/s0_r_reg[2]/CLR
                            (recovery check against rising-edge clock pl_clk  {rise@0.000ns fall@5.000ns period=10.000ns})
  Path Group:             **async_default**
  Path Type:              Recovery (Max at Slow Process Corner)
  Requirement:            10.000ns  (pl_clk rise@10.000ns - pl_clk rise@0.000ns)
  Data Path Delay:        7.844ns  (logic 0.580ns (7.394%)  route 7.264ns (92.606%))
  Logic Levels:           1  (LUT3=1)
  Clock Path Skew:        -0.049ns (DCD - SCD + CPR)
    Destination Clock Delay (DCD):    0.924ns = ( 10.924 - 10.000 ) 
    Source Clock Delay      (SCD):    0.973ns
    Clock Pessimism Removal (CPR):    0.000ns
  Clock Uncertainty:      0.035ns  ((TSJ^2 + TIJ^2)^1/2 + DJ) / 2 + PE
    Total System Jitter     (TSJ):    0.071ns
    Total Input Jitter      (TIJ):    0.000ns
    Discrete Jitter          (DJ):    0.000ns
    Phase Error              (PE):    0.000ns

    Location             Delay type                Incr(ns)  Path(ns)    Netlist Resource(s)
  -------------------------------------------------------------------    -------------------
                         (clock pl_clk rise edge)     0.000     0.000 r  
                                                      0.000     0.000 r  pl_clk (IN)
                         net (fo=3052, unset)         0.973     0.973    u_lite/pl_clk
    SLICE_X1Y25          FDCE                                         r  u_lite/soft_rst_pulse_reg/C
  -------------------------------------------------------------------    -------------------
    SLICE_X1Y25          FDCE (Prop_fdce_C_Q)         0.456     1.429 f  u_lite/soft_rst_pulse_reg/Q
                         net (fo=59, routed)          1.319     2.748    u_lite/soft_rst_pulse
    SLICE_X6Y23          LUT3 (Prop_lut3_I0_O)        0.124     2.872 f  u_lite/s_axis_tready_INST_0_i_1/O
                         net (fo=1319, routed)        5.946     8.817    u_chain/u_ddc/addr_s0_reg[0]_rep__3_0
    SLICE_X34Y11         FDCE                                         f  u_chain/u_ddc/s0_r_reg[2]/CLR
  -------------------------------------------------------------------    -------------------

                         (clock pl_clk rise edge)    10.000    10.000 r  
                                                      0.000    10.000 r  pl_clk (IN)
                         net (fo=3052, unset)         0.924    10.924    u_chain/u_ddc/pl_clk
    SLICE_X34Y11         FDCE                                         r  u_chain/u_ddc/s0_r_reg[2]/C
                         clock pessimism              0.000    10.924    
                         clock uncertainty           -0.035    10.889    
    SLICE_X34Y11         FDCE (Recov_fdce_C_CLR)     -0.319    10.570    u_chain/u_ddc/s0_r_reg[2]
  -------------------------------------------------------------------
                         required time                         10.570    
                         arrival time                          -8.817    
  -------------------------------------------------------------------
                         slack                                  1.753    

Slack (MET) :             1.753ns  (required time - arrival time)
  Source:                 u_lite/soft_rst_pulse_reg/C
                            (rising edge-triggered cell FDCE clocked by pl_clk  {rise@0.000ns fall@5.000ns period=10.000ns})
  Destination:            u_chain/u_ddc/s0_r_reg[4]/CLR
                            (recovery check against rising-edge clock pl_clk  {rise@0.000ns fall@5.000ns period=10.000ns})
  Path Group:             **async_default**
  Path Type:              Recovery (Max at Slow Process Corner)
  Requirement:            10.000ns  (pl_clk rise@10.000ns - pl_clk rise@0.000ns)
  Data Path Delay:        7.844ns  (logic 0.580ns (7.394%)  route 7.264ns (92.606%))
  Logic Levels:           1  (LUT3=1)
  Clock Path Skew:        -0.049ns (DCD - SCD + CPR)
    Destination Clock Delay (DCD):    0.924ns = ( 10.924 - 10.000 ) 
    Source Clock Delay      (SCD):    0.973ns
    Clock Pessimism Removal (CPR):    0.000ns
  Clock Uncertainty:      0.035ns  ((TSJ^2 + TIJ^2)^1/2 + DJ) / 2 + PE
    Total System Jitter     (TSJ):    0.071ns
    Total Input Jitter      (TIJ):    0.000ns
    Discrete Jitter          (DJ):    0.000ns
    Phase Error              (PE):    0.000ns

    Location             Delay type                Incr(ns)  Path(ns)    Netlist Resource(s)
  -------------------------------------------------------------------    -------------------
                         (clock pl_clk rise edge)     0.000     0.000 r  
                                                      0.000     0.000 r  pl_clk (IN)
                         net (fo=3052, unset)         0.973     0.973    u_lite/pl_clk
    SLICE_X1Y25          FDCE                                         r  u_lite/soft_rst_pulse_reg/C
  -------------------------------------------------------------------    -------------------
    SLICE_X1Y25          FDCE (Prop_fdce_C_Q)         0.456     1.429 f  u_lite/soft_rst_pulse_reg/Q
                         net (fo=59, routed)          1.319     2.748    u_lite/soft_rst_pulse
    SLICE_X6Y23          LUT3 (Prop_lut3_I0_O)        0.124     2.872 f  u_lite/s_axis_tready_INST_0_i_1/O
                         net (fo=1319, routed)        5.946     8.817    u_chain/u_ddc/addr_s0_reg[0]_rep__3_0
    SLICE_X34Y11         FDCE                                         f  u_chain/u_ddc/s0_r_reg[4]/CLR
  -------------------------------------------------------------------    -------------------

                         (clock pl_clk rise edge)    10.000    10.000 r  
                                                      0.000    10.000 r  pl_clk (IN)
                         net (fo=3052, unset)         0.924    10.924    u_chain/u_ddc/pl_clk
    SLICE_X34Y11         FDCE                                         r  u_chain/u_ddc/s0_r_reg[4]/C
                         clock pessimism              0.000    10.924    
                         clock uncertainty           -0.035    10.889    
    SLICE_X34Y11         FDCE (Recov_fdce_C_CLR)     -0.319    10.570    u_chain/u_ddc/s0_r_reg[4]
  -------------------------------------------------------------------
                         required time                         10.570    
                         arrival time                          -8.817    
  -------------------------------------------------------------------
                         slack                                  1.753    

Slack (MET) :             1.753ns  (required time - arrival time)
  Source:                 u_lite/soft_rst_pulse_reg/C
                            (rising edge-triggered cell FDCE clocked by pl_clk  {rise@0.000ns fall@5.000ns period=10.000ns})
  Destination:            u_chain/u_ddc/s0_r_reg[5]/CLR
                            (recovery check against rising-edge clock pl_clk  {rise@0.000ns fall@5.000ns period=10.000ns})
  Path Group:             **async_default**
  Path Type:              Recovery (Max at Slow Process Corner)
  Requirement:            10.000ns  (pl_clk rise@10.000ns - pl_clk rise@0.000ns)
  Data Path Delay:        7.844ns  (logic 0.580ns (7.394%)  route 7.264ns (92.606%))
  Logic Levels:           1  (LUT3=1)
  Clock Path Skew:        -0.049ns (DCD - SCD + CPR)
    Destination Clock Delay (DCD):    0.924ns = ( 10.924 - 10.000 ) 
    Source Clock Delay      (SCD):    0.973ns
    Clock Pessimism Removal (CPR):    0.000ns
  Clock Uncertainty:      0.035ns  ((TSJ^2 + TIJ^2)^1/2 + DJ) / 2 + PE
    Total System Jitter     (TSJ):    0.071ns
    Total Input Jitter      (TIJ):    0.000ns
    Discrete Jitter          (DJ):    0.000ns
    Phase Error              (PE):    0.000ns

    Location             Delay type                Incr(ns)  Path(ns)    Netlist Resource(s)
  -------------------------------------------------------------------    -------------------
                         (clock pl_clk rise edge)     0.000     0.000 r  
                                                      0.000     0.000 r  pl_clk (IN)
                         net (fo=3052, unset)         0.973     0.973    u_lite/pl_clk
    SLICE_X1Y25          FDCE                                         r  u_lite/soft_rst_pulse_reg/C
  -------------------------------------------------------------------    -------------------
    SLICE_X1Y25          FDCE (Prop_fdce_C_Q)         0.456     1.429 f  u_lite/soft_rst_pulse_reg/Q
                         net (fo=59, routed)          1.319     2.748    u_lite/soft_rst_pulse
    SLICE_X6Y23          LUT3 (Prop_lut3_I0_O)        0.124     2.872 f  u_lite/s_axis_tready_INST_0_i_1/O
                         net (fo=1319, routed)        5.946     8.817    u_chain/u_ddc/addr_s0_reg[0]_rep__3_0
    SLICE_X34Y11         FDCE                                         f  u_chain/u_ddc/s0_r_reg[5]/CLR
  -------------------------------------------------------------------    -------------------

                         (clock pl_clk rise edge)    10.000    10.000 r  
                                                      0.000    10.000 r  pl_clk (IN)
                         net (fo=3052, unset)         0.924    10.924    u_chain/u_ddc/pl_clk
    SLICE_X34Y11         FDCE                                         r  u_chain/u_ddc/s0_r_reg[5]/C
                         clock pessimism              0.000    10.924    
                         clock uncertainty           -0.035    10.889    
    SLICE_X34Y11         FDCE (Recov_fdce_C_CLR)     -0.319    10.570    u_chain/u_ddc/s0_r_reg[5]
  -------------------------------------------------------------------
                         required time                         10.570    
                         arrival time                          -8.817    
  -------------------------------------------------------------------
                         slack                                  1.753    

Slack (MET) :             1.753ns  (required time - arrival time)
  Source:                 u_lite/soft_rst_pulse_reg/C
                            (rising edge-triggered cell FDCE clocked by pl_clk  {rise@0.000ns fall@5.000ns period=10.000ns})
  Destination:            u_chain/u_ddc/s0_r_reg[6]/CLR
                            (recovery check against rising-edge clock pl_clk  {rise@0.000ns fall@5.000ns period=10.000ns})
  Path Group:             **async_default**
  Path Type:              Recovery (Max at Slow Process Corner)
  Requirement:            10.000ns  (pl_clk rise@10.000ns - pl_clk rise@0.000ns)
  Data Path Delay:        7.844ns  (logic 0.580ns (7.394%)  route 7.264ns (92.606%))
  Logic Levels:           1  (LUT3=1)
  Clock Path Skew:        -0.049ns (DCD - SCD + CPR)
    Destination Clock Delay (DCD):    0.924ns = ( 10.924 - 10.000 ) 
    Source Clock Delay      (SCD):    0.973ns
    Clock Pessimism Removal (CPR):    0.000ns
  Clock Uncertainty:      0.035ns  ((TSJ^2 + TIJ^2)^1/2 + DJ) / 2 + PE
    Total System Jitter     (TSJ):    0.071ns
    Total Input Jitter      (TIJ):    0.000ns
    Discrete Jitter          (DJ):    0.000ns
    Phase Error              (PE):    0.000ns

    Location             Delay type                Incr(ns)  Path(ns)    Netlist Resource(s)
  -------------------------------------------------------------------    -------------------
                         (clock pl_clk rise edge)     0.000     0.000 r  
                                                      0.000     0.000 r  pl_clk (IN)
                         net (fo=3052, unset)         0.973     0.973    u_lite/pl_clk
    SLICE_X1Y25          FDCE                                         r  u_lite/soft_rst_pulse_reg/C
  -------------------------------------------------------------------    -------------------
    SLICE_X1Y25          FDCE (Prop_fdce_C_Q)         0.456     1.429 f  u_lite/soft_rst_pulse_reg/Q
                         net (fo=59, routed)          1.319     2.748    u_lite/soft_rst_pulse
    SLICE_X6Y23          LUT3 (Prop_lut3_I0_O)        0.124     2.872 f  u_lite/s_axis_tready_INST_0_i_1/O
                         net (fo=1319, routed)        5.946     8.817    u_chain/u_ddc/addr_s0_reg[0]_rep__3_0
    SLICE_X34Y11         FDCE                                         f  u_chain/u_ddc/s0_r_reg[6]/CLR
  -------------------------------------------------------------------    -------------------

                         (clock pl_clk rise edge)    10.000    10.000 r  
                                                      0.000    10.000 r  pl_clk (IN)
                         net (fo=3052, unset)         0.924    10.924    u_chain/u_ddc/pl_clk
    SLICE_X34Y11         FDCE                                         r  u_chain/u_ddc/s0_r_reg[6]/C
                         clock pessimism              0.000    10.924    
                         clock uncertainty           -0.035    10.889    
    SLICE_X34Y11         FDCE (Recov_fdce_C_CLR)     -0.319    10.570    u_chain/u_ddc/s0_r_reg[6]
  -------------------------------------------------------------------
                         required time                         10.570    
                         arrival time                          -8.817    
  -------------------------------------------------------------------
                         slack                                  1.753    

Slack (MET) :             1.756ns  (required time - arrival time)
  Source:                 u_lite/soft_rst_pulse_reg/C
                            (rising edge-triggered cell FDCE clocked by pl_clk  {rise@0.000ns fall@5.000ns period=10.000ns})
  Destination:            u_ingress/m_q_reg[2]/CLR
                            (recovery check against rising-edge clock pl_clk  {rise@0.000ns fall@5.000ns period=10.000ns})
  Path Group:             **async_default**
  Path Type:              Recovery (Max at Slow Process Corner)
  Requirement:            10.000ns  (pl_clk rise@10.000ns - pl_clk rise@0.000ns)
  Data Path Delay:        7.755ns  (logic 0.580ns (7.479%)  route 7.175ns (92.521%))
  Logic Levels:           1  (LUT3=1)
  Clock Path Skew:        -0.049ns (DCD - SCD + CPR)
    Destination Clock Delay (DCD):    0.924ns = ( 10.924 - 10.000 ) 
    Source Clock Delay      (SCD):    0.973ns
    Clock Pessimism Removal (CPR):    0.000ns
  Clock Uncertainty:      0.035ns  ((TSJ^2 + TIJ^2)^1/2 + DJ) / 2 + PE
    Total System Jitter     (TSJ):    0.071ns
    Total Input Jitter      (TIJ):    0.000ns
    Discrete Jitter          (DJ):    0.000ns
    Phase Error              (PE):    0.000ns

    Location             Delay type                Incr(ns)  Path(ns)    Netlist Resource(s)
  -------------------------------------------------------------------    -------------------
                         (clock pl_clk rise edge)     0.000     0.000 r  
                                                      0.000     0.000 r  pl_clk (IN)
                         net (fo=3052, unset)         0.973     0.973    u_lite/pl_clk
    SLICE_X1Y25          FDCE                                         r  u_lite/soft_rst_pulse_reg/C
  -------------------------------------------------------------------    -------------------
    SLICE_X1Y25          FDCE (Prop_fdce_C_Q)         0.456     1.429 f  u_lite/soft_rst_pulse_reg/Q
                         net (fo=59, routed)          1.319     2.748    u_lite/soft_rst_pulse
    SLICE_X6Y23          LUT3 (Prop_lut3_I0_O)        0.124     2.872 f  u_lite/s_axis_tready_INST_0_i_1/O
                         net (fo=1319, routed)        5.856     8.728    u_ingress/m_valid_reg_1
    SLICE_X22Y2          FDCE                                         f  u_ingress/m_q_reg[2]/CLR
  -------------------------------------------------------------------    -------------------

                         (clock pl_clk rise edge)    10.000    10.000 r  
                                                      0.000    10.000 r  pl_clk (IN)
                         net (fo=3052, unset)         0.924    10.924    u_ingress/pl_clk
    SLICE_X22Y2          FDCE                                         r  u_ingress/m_q_reg[2]/C
                         clock pessimism              0.000    10.924    
                         clock uncertainty           -0.035    10.889    
    SLICE_X22Y2          FDCE (Recov_fdce_C_CLR)     -0.405    10.484    u_ingress/m_q_reg[2]
  -------------------------------------------------------------------
                         required time                         10.484    
                         arrival time                          -8.728    
  -------------------------------------------------------------------
                         slack                                  1.756    

Slack (MET) :             1.761ns  (required time - arrival time)
  Source:                 u_lite/soft_rst_pulse_reg/C
                            (rising edge-triggered cell FDCE clocked by pl_clk  {rise@0.000ns fall@5.000ns period=10.000ns})
  Destination:            u_chain/u_ddc/iq_q_s0_reg[15]/CLR
                            (recovery check against rising-edge clock pl_clk  {rise@0.000ns fall@5.000ns period=10.000ns})
  Path Group:             **async_default**
  Path Type:              Recovery (Max at Slow Process Corner)
  Requirement:            10.000ns  (pl_clk rise@10.000ns - pl_clk rise@0.000ns)
  Data Path Delay:        7.750ns  (logic 0.580ns (7.483%)  route 7.170ns (92.517%))
  Logic Levels:           1  (LUT3=1)
  Clock Path Skew:        -0.049ns (DCD - SCD + CPR)
    Destination Clock Delay (DCD):    0.924ns = ( 10.924 - 10.000 ) 
    Source Clock Delay      (SCD):    0.973ns
    Clock Pessimism Removal (CPR):    0.000ns
  Clock Uncertainty:      0.035ns  ((TSJ^2 + TIJ^2)^1/2 + DJ) / 2 + PE
    Total System Jitter     (TSJ):    0.071ns
    Total Input Jitter      (TIJ):    0.000ns
    Discrete Jitter          (DJ):    0.000ns
    Phase Error              (PE):    0.000ns

    Location             Delay type                Incr(ns)  Path(ns)    Netlist Resource(s)
  -------------------------------------------------------------------    -------------------
                         (clock pl_clk rise edge)     0.000     0.000 r  
                                                      0.000     0.000 r  pl_clk (IN)
                         net (fo=3052, unset)         0.973     0.973    u_lite/pl_clk
    SLICE_X1Y25          FDCE                                         r  u_lite/soft_rst_pulse_reg/C
  -------------------------------------------------------------------    -------------------
    SLICE_X1Y25          FDCE (Prop_fdce_C_Q)         0.456     1.429 f  u_lite/soft_rst_pulse_reg/Q
                         net (fo=59, routed)          1.319     2.748    u_lite/soft_rst_pulse
    SLICE_X6Y23          LUT3 (Prop_lut3_I0_O)        0.124     2.872 f  u_lite/s_axis_tready_INST_0_i_1/O
                         net (fo=1319, routed)        5.852     8.723    u_chain/u_ddc/addr_s0_reg[0]_rep__3_0
    SLICE_X23Y2          FDCE                                         f  u_chain/u_ddc/iq_q_s0_reg[15]/CLR
  -------------------------------------------------------------------    -------------------

                         (clock pl_clk rise edge)    10.000    10.000 r  
                                                      0.000    10.000 r  pl_clk (IN)
                         net (fo=3052, unset)         0.924    10.924    u_chain/u_ddc/pl_clk
    SLICE_X23Y2          FDCE                                         r  u_chain/u_ddc/iq_q_s0_reg[15]/C
                         clock pessimism              0.000    10.924    
                         clock uncertainty           -0.035    10.889    
    SLICE_X23Y2          FDCE (Recov_fdce_C_CLR)     -0.405    10.484    u_chain/u_ddc/iq_q_s0_reg[15]
  -------------------------------------------------------------------
                         required time                         10.484    
                         arrival time                          -8.723    
  -------------------------------------------------------------------
                         slack                                  1.761    

Slack (MET) :             1.787ns  (required time - arrival time)
  Source:                 u_lite/soft_rst_pulse_reg/C
                            (rising edge-triggered cell FDCE clocked by pl_clk  {rise@0.000ns fall@5.000ns period=10.000ns})
  Destination:            u_chain/u_ddc/iq_q_s1_reg[0]/CLR
                            (recovery check against rising-edge clock pl_clk  {rise@0.000ns fall@5.000ns period=10.000ns})
  Path Group:             **async_default**
  Path Type:              Recovery (Max at Slow Process Corner)
  Requirement:            10.000ns  (pl_clk rise@10.000ns - pl_clk rise@0.000ns)
  Data Path Delay:        7.724ns  (logic 0.580ns (7.509%)  route 7.144ns (92.491%))
  Logic Levels:           1  (LUT3=1)
  Clock Path Skew:        -0.049ns (DCD - SCD + CPR)
    Destination Clock Delay (DCD):    0.924ns = ( 10.924 - 10.000 ) 
    Source Clock Delay      (SCD):    0.973ns
    Clock Pessimism Removal (CPR):    0.000ns
  Clock Uncertainty:      0.035ns  ((TSJ^2 + TIJ^2)^1/2 + DJ) / 2 + PE
    Total System Jitter     (TSJ):    0.071ns
    Total Input Jitter      (TIJ):    0.000ns
    Discrete Jitter          (DJ):    0.000ns
    Phase Error              (PE):    0.000ns

    Location             Delay type                Incr(ns)  Path(ns)    Netlist Resource(s)
  -------------------------------------------------------------------    -------------------
                         (clock pl_clk rise edge)     0.000     0.000 r  
                                                      0.000     0.000 r  pl_clk (IN)
                         net (fo=3052, unset)         0.973     0.973    u_lite/pl_clk
    SLICE_X1Y25          FDCE                                         r  u_lite/soft_rst_pulse_reg/C
  -------------------------------------------------------------------    -------------------
    SLICE_X1Y25          FDCE (Prop_fdce_C_Q)         0.456     1.429 f  u_lite/soft_rst_pulse_reg/Q
                         net (fo=59, routed)          1.319     2.748    u_lite/soft_rst_pulse
    SLICE_X6Y23          LUT3 (Prop_lut3_I0_O)        0.124     2.872 f  u_lite/s_axis_tready_INST_0_i_1/O
                         net (fo=1319, routed)        5.826     8.697    u_chain/u_ddc/addr_s0_reg[0]_rep__3_0
    SLICE_X17Y1          FDCE                                         f  u_chain/u_ddc/iq_q_s1_reg[0]/CLR
  -------------------------------------------------------------------    -------------------

                         (clock pl_clk rise edge)    10.000    10.000 r  
                                                      0.000    10.000 r  pl_clk (IN)
                         net (fo=3052, unset)         0.924    10.924    u_chain/u_ddc/pl_clk
    SLICE_X17Y1          FDCE                                         r  u_chain/u_ddc/iq_q_s1_reg[0]/C
                         clock pessimism              0.000    10.924    
                         clock uncertainty           -0.035    10.889    
    SLICE_X17Y1          FDCE (Recov_fdce_C_CLR)     -0.405    10.484    u_chain/u_ddc/iq_q_s1_reg[0]
  -------------------------------------------------------------------
                         required time                         10.484    
                         arrival time                          -8.697    
  -------------------------------------------------------------------
                         slack                                  1.787    





Min Delay Paths
--------------------------------------------------------------------------------------
Slack (MET) :             0.964ns  (arrival time - required time)
  Source:                 soft_rst_d_reg/C
                            (rising edge-triggered cell FDCE clocked by pl_clk  {rise@0.000ns fall@5.000ns period=10.000ns})
  Destination:            u_chain/u_integration/out_i_reg[12]/CLR
                            (removal check against rising-edge clock pl_clk  {rise@0.000ns fall@5.000ns period=10.000ns})
  Path Group:             **async_default**
  Path Type:              Removal (Min at Fast Process Corner)
  Requirement:            0.000ns  (pl_clk rise@0.000ns - pl_clk rise@0.000ns)
  Data Path Delay:        0.893ns  (logic 0.209ns (23.397%)  route 0.684ns (76.603%))
  Logic Levels:           1  (LUT3=1)
  Clock Path Skew:        0.022ns (DCD - SCD - CPR)
    Destination Clock Delay (DCD):    0.432ns
    Source Clock Delay      (SCD):    0.410ns
    Clock Pessimism Removal (CPR):    -0.000ns

    Location             Delay type                Incr(ns)  Path(ns)    Netlist Resource(s)
  -------------------------------------------------------------------    -------------------
                         (clock pl_clk rise edge)     0.000     0.000 r  
                                                      0.000     0.000 r  pl_clk (IN)
                         net (fo=3052, unset)         0.410     0.410    pl_clk
    SLICE_X4Y24          FDCE                                         r  soft_rst_d_reg/C
  -------------------------------------------------------------------    -------------------
    SLICE_X4Y24          FDCE (Prop_fdce_C_Q)         0.164     0.574 f  soft_rst_d_reg/Q
                         net (fo=58, routed)          0.520     1.094    u_lite/soft_rst_d
    SLICE_X6Y23          LUT3 (Prop_lut3_I1_O)        0.045     1.139 f  u_lite/s_axis_tready_INST_0_i_1/O
                         net (fo=1319, routed)        0.165     1.303    u_chain/u_integration/acc_i_reg[0]_0
    SLICE_X7Y24          FDCE                                         f  u_chain/u_integration/out_i_reg[12]/CLR
  -------------------------------------------------------------------    -------------------

                         (clock pl_clk rise edge)     0.000     0.000 r  
                                                      0.000     0.000 r  pl_clk (IN)
                         net (fo=3052, unset)         0.432     0.432    u_chain/u_integration/pl_clk
    SLICE_X7Y24          FDCE                                         r  u_chain/u_integration/out_i_reg[12]/C
                         clock pessimism              0.000     0.432    
    SLICE_X7Y24          FDCE (Remov_fdce_C_CLR)     -0.092     0.340    u_chain/u_integration/out_i_reg[12]
  -------------------------------------------------------------------
                         required time                         -0.340    
                         arrival time                           1.303    
  -------------------------------------------------------------------
                         slack                                  0.964    

Slack (MET) :             0.964ns  (arrival time - required time)
  Source:                 soft_rst_d_reg/C
                            (rising edge-triggered cell FDCE clocked by pl_clk  {rise@0.000ns fall@5.000ns period=10.000ns})
  Destination:            u_chain/u_integration/out_i_reg[13]/CLR
                            (removal check against rising-edge clock pl_clk  {rise@0.000ns fall@5.000ns period=10.000ns})
  Path Group:             **async_default**
  Path Type:              Removal (Min at Fast Process Corner)
  Requirement:            0.000ns  (pl_clk rise@0.000ns - pl_clk rise@0.000ns)
  Data Path Delay:        0.893ns  (logic 0.209ns (23.397%)  route 0.684ns (76.603%))
  Logic Levels:           1  (LUT3=1)
  Clock Path Skew:        0.022ns (DCD - SCD - CPR)
    Destination Clock Delay (DCD):    0.432ns
    Source Clock Delay      (SCD):    0.410ns
    Clock Pessimism Removal (CPR):    -0.000ns

    Location             Delay type                Incr(ns)  Path(ns)    Netlist Resource(s)
  -------------------------------------------------------------------    -------------------
                         (clock pl_clk rise edge)     0.000     0.000 r  
                                                      0.000     0.000 r  pl_clk (IN)
                         net (fo=3052, unset)         0.410     0.410    pl_clk
    SLICE_X4Y24          FDCE                                         r  soft_rst_d_reg/C
  -------------------------------------------------------------------    -------------------
    SLICE_X4Y24          FDCE (Prop_fdce_C_Q)         0.164     0.574 f  soft_rst_d_reg/Q
                         net (fo=58, routed)          0.520     1.094    u_lite/soft_rst_d
    SLICE_X6Y23          LUT3 (Prop_lut3_I1_O)        0.045     1.139 f  u_lite/s_axis_tready_INST_0_i_1/O
                         net (fo=1319, routed)        0.165     1.303    u_chain/u_integration/acc_i_reg[0]_0
    SLICE_X7Y24          FDCE                                         f  u_chain/u_integration/out_i_reg[13]/CLR
  -------------------------------------------------------------------    -------------------

                         (clock pl_clk rise edge)     0.000     0.000 r  
                                                      0.000     0.000 r  pl_clk (IN)
                         net (fo=3052, unset)         0.432     0.432    u_chain/u_integration/pl_clk
    SLICE_X7Y24          FDCE                                         r  u_chain/u_integration/out_i_reg[13]/C
                         clock pessimism              0.000     0.432    
    SLICE_X7Y24          FDCE (Remov_fdce_C_CLR)     -0.092     0.340    u_chain/u_integration/out_i_reg[13]
  -------------------------------------------------------------------
                         required time                         -0.340    
                         arrival time                           1.303    
  -------------------------------------------------------------------
                         slack                                  0.964    

Slack (MET) :             0.964ns  (arrival time - required time)
  Source:                 soft_rst_d_reg/C
                            (rising edge-triggered cell FDCE clocked by pl_clk  {rise@0.000ns fall@5.000ns period=10.000ns})
  Destination:            u_chain/u_integration/out_i_reg[14]/CLR
                            (removal check against rising-edge clock pl_clk  {rise@0.000ns fall@5.000ns period=10.000ns})
  Path Group:             **async_default**
  Path Type:              Removal (Min at Fast Process Corner)
  Requirement:            0.000ns  (pl_clk rise@0.000ns - pl_clk rise@0.000ns)
  Data Path Delay:        0.893ns  (logic 0.209ns (23.397%)  route 0.684ns (76.603%))
  Logic Levels:           1  (LUT3=1)
  Clock Path Skew:        0.022ns (DCD - SCD - CPR)
    Destination Clock Delay (DCD):    0.432ns
    Source Clock Delay      (SCD):    0.410ns
    Clock Pessimism Removal (CPR):    -0.000ns

    Location             Delay type                Incr(ns)  Path(ns)    Netlist Resource(s)
  -------------------------------------------------------------------    -------------------
                         (clock pl_clk rise edge)     0.000     0.000 r  
                                                      0.000     0.000 r  pl_clk (IN)
                         net (fo=3052, unset)         0.410     0.410    pl_clk
    SLICE_X4Y24          FDCE                                         r  soft_rst_d_reg/C
  -------------------------------------------------------------------    -------------------
    SLICE_X4Y24          FDCE (Prop_fdce_C_Q)         0.164     0.574 f  soft_rst_d_reg/Q
                         net (fo=58, routed)          0.520     1.094    u_lite/soft_rst_d
    SLICE_X6Y23          LUT3 (Prop_lut3_I1_O)        0.045     1.139 f  u_lite/s_axis_tready_INST_0_i_1/O
                         net (fo=1319, routed)        0.165     1.303    u_chain/u_integration/acc_i_reg[0]_0
    SLICE_X7Y24          FDCE                                         f  u_chain/u_integration/out_i_reg[14]/CLR
  -------------------------------------------------------------------    -------------------

                         (clock pl_clk rise edge)     0.000     0.000 r  
                                                      0.000     0.000 r  pl_clk (IN)
                         net (fo=3052, unset)         0.432     0.432    u_chain/u_integration/pl_clk
    SLICE_X7Y24          FDCE                                         r  u_chain/u_integration/out_i_reg[14]/C
                         clock pessimism              0.000     0.432    
    SLICE_X7Y24          FDCE (Remov_fdce_C_CLR)     -0.092     0.340    u_chain/u_integration/out_i_reg[14]
  -------------------------------------------------------------------
                         required time                         -0.340    
                         arrival time                           1.303    
  -------------------------------------------------------------------
                         slack                                  0.964    

Slack (MET) :             0.964ns  (arrival time - required time)
  Source:                 soft_rst_d_reg/C
                            (rising edge-triggered cell FDCE clocked by pl_clk  {rise@0.000ns fall@5.000ns period=10.000ns})
  Destination:            u_chain/u_integration/out_i_reg[15]/CLR
                            (removal check against rising-edge clock pl_clk  {rise@0.000ns fall@5.000ns period=10.000ns})
  Path Group:             **async_default**
  Path Type:              Removal (Min at Fast Process Corner)
  Requirement:            0.000ns  (pl_clk rise@0.000ns - pl_clk rise@0.000ns)
  Data Path Delay:        0.893ns  (logic 0.209ns (23.397%)  route 0.684ns (76.603%))
  Logic Levels:           1  (LUT3=1)
  Clock Path Skew:        0.022ns (DCD - SCD - CPR)
    Destination Clock Delay (DCD):    0.432ns
    Source Clock Delay      (SCD):    0.410ns
    Clock Pessimism Removal (CPR):    -0.000ns

    Location             Delay type                Incr(ns)  Path(ns)    Netlist Resource(s)
  -------------------------------------------------------------------    -------------------
                         (clock pl_clk rise edge)     0.000     0.000 r  
                                                      0.000     0.000 r  pl_clk (IN)
                         net (fo=3052, unset)         0.410     0.410    pl_clk
    SLICE_X4Y24          FDCE                                         r  soft_rst_d_reg/C
  -------------------------------------------------------------------    -------------------
    SLICE_X4Y24          FDCE (Prop_fdce_C_Q)         0.164     0.574 f  soft_rst_d_reg/Q
                         net (fo=58, routed)          0.520     1.094    u_lite/soft_rst_d
    SLICE_X6Y23          LUT3 (Prop_lut3_I1_O)        0.045     1.139 f  u_lite/s_axis_tready_INST_0_i_1/O
                         net (fo=1319, routed)        0.165     1.303    u_chain/u_integration/acc_i_reg[0]_0
    SLICE_X7Y24          FDCE                                         f  u_chain/u_integration/out_i_reg[15]/CLR
  -------------------------------------------------------------------    -------------------

                         (clock pl_clk rise edge)     0.000     0.000 r  
                                                      0.000     0.000 r  pl_clk (IN)
                         net (fo=3052, unset)         0.432     0.432    u_chain/u_integration/pl_clk
    SLICE_X7Y24          FDCE                                         r  u_chain/u_integration/out_i_reg[15]/C
                         clock pessimism              0.000     0.432    
    SLICE_X7Y24          FDCE (Remov_fdce_C_CLR)     -0.092     0.340    u_chain/u_integration/out_i_reg[15]
  -------------------------------------------------------------------
                         required time                         -0.340    
                         arrival time                           1.303    
  -------------------------------------------------------------------
                         slack                                  0.964    

Slack (MET) :             1.055ns  (arrival time - required time)
  Source:                 soft_rst_d_reg/C
                            (rising edge-triggered cell FDCE clocked by pl_clk  {rise@0.000ns fall@5.000ns period=10.000ns})
  Destination:            u_chain/u_integration/out_i_reg[16]/CLR
                            (removal check against rising-edge clock pl_clk  {rise@0.000ns fall@5.000ns period=10.000ns})
  Path Group:             **async_default**
  Path Type:              Removal (Min at Fast Process Corner)
  Requirement:            0.000ns  (pl_clk rise@0.000ns - pl_clk rise@0.000ns)
  Data Path Delay:        0.985ns  (logic 0.209ns (21.225%)  route 0.776ns (78.775%))
  Logic Levels:           1  (LUT3=1)
  Clock Path Skew:        0.022ns (DCD - SCD - CPR)
    Destination Clock Delay (DCD):    0.432ns
    Source Clock Delay      (SCD):    0.410ns
    Clock Pessimism Removal (CPR):    -0.000ns

    Location             Delay type                Incr(ns)  Path(ns)    Netlist Resource(s)
  -------------------------------------------------------------------    -------------------
                         (clock pl_clk rise edge)     0.000     0.000 r  
                                                      0.000     0.000 r  pl_clk (IN)
                         net (fo=3052, unset)         0.410     0.410    pl_clk
    SLICE_X4Y24          FDCE                                         r  soft_rst_d_reg/C
  -------------------------------------------------------------------    -------------------
    SLICE_X4Y24          FDCE (Prop_fdce_C_Q)         0.164     0.574 f  soft_rst_d_reg/Q
                         net (fo=58, routed)          0.520     1.094    u_lite/soft_rst_d
    SLICE_X6Y23          LUT3 (Prop_lut3_I1_O)        0.045     1.139 f  u_lite/s_axis_tready_INST_0_i_1/O
                         net (fo=1319, routed)        0.256     1.395    u_chain/u_integration/acc_i_reg[0]_0
    SLICE_X7Y25          FDCE                                         f  u_chain/u_integration/out_i_reg[16]/CLR
  -------------------------------------------------------------------    -------------------

                         (clock pl_clk rise edge)     0.000     0.000 r  
                                                      0.000     0.000 r  pl_clk (IN)
                         net (fo=3052, unset)         0.432     0.432    u_chain/u_integration/pl_clk
    SLICE_X7Y25          FDCE                                         r  u_chain/u_integration/out_i_reg[16]/C
                         clock pessimism              0.000     0.432    
    SLICE_X7Y25          FDCE (Remov_fdce_C_CLR)     -0.092     0.340    u_chain/u_integration/out_i_reg[16]
  -------------------------------------------------------------------
                         required time                         -0.340    
                         arrival time                           1.395    
  -------------------------------------------------------------------
                         slack                                  1.055    

Slack (MET) :             1.055ns  (arrival time - required time)
  Source:                 soft_rst_d_reg/C
                            (rising edge-triggered cell FDCE clocked by pl_clk  {rise@0.000ns fall@5.000ns period=10.000ns})
  Destination:            u_chain/u_integration/out_i_reg[17]/CLR
                            (removal check against rising-edge clock pl_clk  {rise@0.000ns fall@5.000ns period=10.000ns})
  Path Group:             **async_default**
  Path Type:              Removal (Min at Fast Process Corner)
  Requirement:            0.000ns  (pl_clk rise@0.000ns - pl_clk rise@0.000ns)
  Data Path Delay:        0.985ns  (logic 0.209ns (21.225%)  route 0.776ns (78.775%))
  Logic Levels:           1  (LUT3=1)
  Clock Path Skew:        0.022ns (DCD - SCD - CPR)
    Destination Clock Delay (DCD):    0.432ns
    Source Clock Delay      (SCD):    0.410ns
    Clock Pessimism Removal (CPR):    -0.000ns

    Location             Delay type                Incr(ns)  Path(ns)    Netlist Resource(s)
  -------------------------------------------------------------------    -------------------
                         (clock pl_clk rise edge)     0.000     0.000 r  
                                                      0.000     0.000 r  pl_clk (IN)
                         net (fo=3052, unset)         0.410     0.410    pl_clk
    SLICE_X4Y24          FDCE                                         r  soft_rst_d_reg/C
  -------------------------------------------------------------------    -------------------
    SLICE_X4Y24          FDCE (Prop_fdce_C_Q)         0.164     0.574 f  soft_rst_d_reg/Q
                         net (fo=58, routed)          0.520     1.094    u_lite/soft_rst_d
    SLICE_X6Y23          LUT3 (Prop_lut3_I1_O)        0.045     1.139 f  u_lite/s_axis_tready_INST_0_i_1/O
                         net (fo=1319, routed)        0.256     1.395    u_chain/u_integration/acc_i_reg[0]_0
    SLICE_X7Y25          FDCE                                         f  u_chain/u_integration/out_i_reg[17]/CLR
  -------------------------------------------------------------------    -------------------

                         (clock pl_clk rise edge)     0.000     0.000 r  
                                                      0.000     0.000 r  pl_clk (IN)
                         net (fo=3052, unset)         0.432     0.432    u_chain/u_integration/pl_clk
    SLICE_X7Y25          FDCE                                         r  u_chain/u_integration/out_i_reg[17]/C
                         clock pessimism              0.000     0.432    
    SLICE_X7Y25          FDCE (Remov_fdce_C_CLR)     -0.092     0.340    u_chain/u_integration/out_i_reg[17]
  -------------------------------------------------------------------
                         required time                         -0.340    
                         arrival time                           1.395    
  -------------------------------------------------------------------
                         slack                                  1.055    

Slack (MET) :             1.055ns  (arrival time - required time)
  Source:                 soft_rst_d_reg/C
                            (rising edge-triggered cell FDCE clocked by pl_clk  {rise@0.000ns fall@5.000ns period=10.000ns})
  Destination:            u_chain/u_integration/out_i_reg[18]/CLR
                            (removal check against rising-edge clock pl_clk  {rise@0.000ns fall@5.000ns period=10.000ns})
  Path Group:             **async_default**
  Path Type:              Removal (Min at Fast Process Corner)
  Requirement:            0.000ns  (pl_clk rise@0.000ns - pl_clk rise@0.000ns)
  Data Path Delay:        0.985ns  (logic 0.209ns (21.225%)  route 0.776ns (78.775%))
  Logic Levels:           1  (LUT3=1)
  Clock Path Skew:        0.022ns (DCD - SCD - CPR)
    Destination Clock Delay (DCD):    0.432ns
    Source Clock Delay      (SCD):    0.410ns
    Clock Pessimism Removal (CPR):    -0.000ns

    Location             Delay type                Incr(ns)  Path(ns)    Netlist Resource(s)
  -------------------------------------------------------------------    -------------------
                         (clock pl_clk rise edge)     0.000     0.000 r  
                                                      0.000     0.000 r  pl_clk (IN)
                         net (fo=3052, unset)         0.410     0.410    pl_clk
    SLICE_X4Y24          FDCE                                         r  soft_rst_d_reg/C
  -------------------------------------------------------------------    -------------------
    SLICE_X4Y24          FDCE (Prop_fdce_C_Q)         0.164     0.574 f  soft_rst_d_reg/Q
                         net (fo=58, routed)          0.520     1.094    u_lite/soft_rst_d
    SLICE_X6Y23          LUT3 (Prop_lut3_I1_O)        0.045     1.139 f  u_lite/s_axis_tready_INST_0_i_1/O
                         net (fo=1319, routed)        0.256     1.395    u_chain/u_integration/acc_i_reg[0]_0
    SLICE_X7Y25          FDCE                                         f  u_chain/u_integration/out_i_reg[18]/CLR
  -------------------------------------------------------------------    -------------------

                         (clock pl_clk rise edge)     0.000     0.000 r  
                                                      0.000     0.000 r  pl_clk (IN)
                         net (fo=3052, unset)         0.432     0.432    u_chain/u_integration/pl_clk
    SLICE_X7Y25          FDCE                                         r  u_chain/u_integration/out_i_reg[18]/C
                         clock pessimism              0.000     0.432    
    SLICE_X7Y25          FDCE (Remov_fdce_C_CLR)     -0.092     0.340    u_chain/u_integration/out_i_reg[18]
  -------------------------------------------------------------------
                         required time                         -0.340    
                         arrival time                           1.395    
  -------------------------------------------------------------------
                         slack                                  1.055    

Slack (MET) :             1.055ns  (arrival time - required time)
  Source:                 soft_rst_d_reg/C
                            (rising edge-triggered cell FDCE clocked by pl_clk  {rise@0.000ns fall@5.000ns period=10.000ns})
  Destination:            u_chain/u_integration/out_i_reg[19]/CLR
                            (removal check against rising-edge clock pl_clk  {rise@0.000ns fall@5.000ns period=10.000ns})
  Path Group:             **async_default**
  Path Type:              Removal (Min at Fast Process Corner)
  Requirement:            0.000ns  (pl_clk rise@0.000ns - pl_clk rise@0.000ns)
  Data Path Delay:        0.985ns  (logic 0.209ns (21.225%)  route 0.776ns (78.775%))
  Logic Levels:           1  (LUT3=1)
  Clock Path Skew:        0.022ns (DCD - SCD - CPR)
    Destination Clock Delay (DCD):    0.432ns
    Source Clock Delay      (SCD):    0.410ns
    Clock Pessimism Removal (CPR):    -0.000ns

    Location             Delay type                Incr(ns)  Path(ns)    Netlist Resource(s)
  -------------------------------------------------------------------    -------------------
                         (clock pl_clk rise edge)     0.000     0.000 r  
                                                      0.000     0.000 r  pl_clk (IN)
                         net (fo=3052, unset)         0.410     0.410    pl_clk
    SLICE_X4Y24          FDCE                                         r  soft_rst_d_reg/C
  -------------------------------------------------------------------    -------------------
    SLICE_X4Y24          FDCE (Prop_fdce_C_Q)         0.164     0.574 f  soft_rst_d_reg/Q
                         net (fo=58, routed)          0.520     1.094    u_lite/soft_rst_d
    SLICE_X6Y23          LUT3 (Prop_lut3_I1_O)        0.045     1.139 f  u_lite/s_axis_tready_INST_0_i_1/O
                         net (fo=1319, routed)        0.256     1.395    u_chain/u_integration/acc_i_reg[0]_0
    SLICE_X7Y25          FDCE                                         f  u_chain/u_integration/out_i_reg[19]/CLR
  -------------------------------------------------------------------    -------------------

                         (clock pl_clk rise edge)     0.000     0.000 r  
                                                      0.000     0.000 r  pl_clk (IN)
                         net (fo=3052, unset)         0.432     0.432    u_chain/u_integration/pl_clk
    SLICE_X7Y25          FDCE                                         r  u_chain/u_integration/out_i_reg[19]/C
                         clock pessimism              0.000     0.432    
    SLICE_X7Y25          FDCE (Remov_fdce_C_CLR)     -0.092     0.340    u_chain/u_integration/out_i_reg[19]
  -------------------------------------------------------------------
                         required time                         -0.340    
                         arrival time                           1.395    
  -------------------------------------------------------------------
                         slack                                  1.055    

Slack (MET) :             1.070ns  (arrival time - required time)
  Source:                 soft_rst_d_reg/C
                            (rising edge-triggered cell FDCE clocked by pl_clk  {rise@0.000ns fall@5.000ns period=10.000ns})
  Destination:            u_chain/u_integration/out_i_reg[0]/CLR
                            (removal check against rising-edge clock pl_clk  {rise@0.000ns fall@5.000ns period=10.000ns})
  Path Group:             **async_default**
  Path Type:              Removal (Min at Fast Process Corner)
  Requirement:            0.000ns  (pl_clk rise@0.000ns - pl_clk rise@0.000ns)
  Data Path Delay:        1.000ns  (logic 0.209ns (20.903%)  route 0.791ns (79.097%))
  Logic Levels:           1  (LUT3=1)
  Clock Path Skew:        0.022ns (DCD - SCD - CPR)
    Destination Clock Delay (DCD):    0.432ns
    Source Clock Delay      (SCD):    0.410ns
    Clock Pessimism Removal (CPR):    -0.000ns

    Location             Delay type                Incr(ns)  Path(ns)    Netlist Resource(s)
  -------------------------------------------------------------------    -------------------
                         (clock pl_clk rise edge)     0.000     0.000 r  
                                                      0.000     0.000 r  pl_clk (IN)
                         net (fo=3052, unset)         0.410     0.410    pl_clk
    SLICE_X4Y24          FDCE                                         r  soft_rst_d_reg/C
  -------------------------------------------------------------------    -------------------
    SLICE_X4Y24          FDCE (Prop_fdce_C_Q)         0.164     0.574 f  soft_rst_d_reg/Q
                         net (fo=58, routed)          0.520     1.094    u_lite/soft_rst_d
    SLICE_X6Y23          LUT3 (Prop_lut3_I1_O)        0.045     1.139 f  u_lite/s_axis_tready_INST_0_i_1/O
                         net (fo=1319, routed)        0.271     1.410    u_chain/u_integration/acc_i_reg[0]_0
    SLICE_X7Y21          FDCE                                         f  u_chain/u_integration/out_i_reg[0]/CLR
  -------------------------------------------------------------------    -------------------

                         (clock pl_clk rise edge)     0.000     0.000 r  
                                                      0.000     0.000 r  pl_clk (IN)
                         net (fo=3052, unset)         0.432     0.432    u_chain/u_integration/pl_clk
    SLICE_X7Y21          FDCE                                         r  u_chain/u_integration/out_i_reg[0]/C
                         clock pessimism              0.000     0.432    
    SLICE_X7Y21          FDCE (Remov_fdce_C_CLR)     -0.092     0.340    u_chain/u_integration/out_i_reg[0]
  -------------------------------------------------------------------
                         required time                         -0.340    
                         arrival time                           1.410    
  -------------------------------------------------------------------
                         slack                                  1.070    

Slack (MET) :             1.070ns  (arrival time - required time)
  Source:                 soft_rst_d_reg/C
                            (rising edge-triggered cell FDCE clocked by pl_clk  {rise@0.000ns fall@5.000ns period=10.000ns})
  Destination:            u_chain/u_integration/out_i_reg[1]/CLR
                            (removal check against rising-edge clock pl_clk  {rise@0.000ns fall@5.000ns period=10.000ns})
  Path Group:             **async_default**
  Path Type:              Removal (Min at Fast Process Corner)
  Requirement:            0.000ns  (pl_clk rise@0.000ns - pl_clk rise@0.000ns)
  Data Path Delay:        1.000ns  (logic 0.209ns (20.903%)  route 0.791ns (79.097%))
  Logic Levels:           1  (LUT3=1)
  Clock Path Skew:        0.022ns (DCD - SCD - CPR)
    Destination Clock Delay (DCD):    0.432ns
    Source Clock Delay      (SCD):    0.410ns
    Clock Pessimism Removal (CPR):    -0.000ns

    Location             Delay type                Incr(ns)  Path(ns)    Netlist Resource(s)
  -------------------------------------------------------------------    -------------------
                         (clock pl_clk rise edge)     0.000     0.000 r  
                                                      0.000     0.000 r  pl_clk (IN)
                         net (fo=3052, unset)         0.410     0.410    pl_clk
    SLICE_X4Y24          FDCE                                         r  soft_rst_d_reg/C
  -------------------------------------------------------------------    -------------------
    SLICE_X4Y24          FDCE (Prop_fdce_C_Q)         0.164     0.574 f  soft_rst_d_reg/Q
                         net (fo=58, routed)          0.520     1.094    u_lite/soft_rst_d
    SLICE_X6Y23          LUT3 (Prop_lut3_I1_O)        0.045     1.139 f  u_lite/s_axis_tready_INST_0_i_1/O
                         net (fo=1319, routed)        0.271     1.410    u_chain/u_integration/acc_i_reg[0]_0
    SLICE_X7Y21          FDCE                                         f  u_chain/u_integration/out_i_reg[1]/CLR
  -------------------------------------------------------------------    -------------------

                         (clock pl_clk rise edge)     0.000     0.000 r  
                                                      0.000     0.000 r  pl_clk (IN)
                         net (fo=3052, unset)         0.432     0.432    u_chain/u_integration/pl_clk
    SLICE_X7Y21          FDCE                                         r  u_chain/u_integration/out_i_reg[1]/C
                         clock pessimism              0.000     0.432    
    SLICE_X7Y21          FDCE (Remov_fdce_C_CLR)     -0.092     0.340    u_chain/u_integration/out_i_reg[1]
  -------------------------------------------------------------------
                         required time                         -0.340    
                         arrival time                           1.410    
  -------------------------------------------------------------------
                         slack                                  1.070    





