Copyright 1986-2022 Xilinx, Inc. All Rights Reserved. Copyright 2022-2025 Advanced Micro Devices, Inc. All Rights Reserved.
------------------------------------------------------------------------------------------------------------------------------------------------------------------------------
| Tool Version : Vivado v.2025.1 (win64) Build 6140274 Thu May 22 00:12:29 MDT 2025
| Date         : Sun Sep 27 19:32:31 2026
| Host         : penguinw running 64-bit major release  (build 9200)
| Command      : report_timing_summary -file C:/Users/onepl/Desktop/coding/qubit-control-sim/hdl/vivado/out_cora_readout/timing_summary.rpt -delay_type min_max -max_paths 10
| Design       : cora_readout_pl
| Device       : 7z007s-clg400
| Speed File   : -1  PRODUCTION 1.12 2019-11-22
| Design State : Routed
------------------------------------------------------------------------------------------------------------------------------------------------------------------------------

Timing Summary Report

------------------------------------------------------------------------------------------------
| Timer Settings
| --------------
------------------------------------------------------------------------------------------------

  Enable Multi Corner Analysis               :  Yes
  Enable Pessimism Removal                   :  Yes
  Pessimism Removal Resolution               :  Nearest Common Node
  Enable Input Delay Default Clock           :  No
  Enable Preset / Clear Arcs                 :  No
  Disable Flight Delays                      :  No
  Ignore I/O Paths                           :  No
  Timing Early Launch at Borrowing Latches   :  No
  Borrow Time for Max Delay Exceptions       :  Yes
  Merge Timing Exceptions                    :  Yes
  Inter-SLR Compensation                     :  Conservative

  Corner  Analyze    Analyze    
  Name    Max Paths  Min Paths  
  ------  ---------  ---------  
  Slow    Yes        Yes        
  Fast    Yes        Yes        


------------------------------------------------------------------------------------------------
| Report Methodology
| ------------------
------------------------------------------------------------------------------------------------

No report available as report_methodology has not been run prior. Run report_methodology on the current design for the summary of methodology violations.



check_timing report

Table of Contents
-----------------
1. checking no_clock (0)
2. checking constant_clock (0)
3. checking pulse_width_clock (0)
4. checking unconstrained_internal_endpoints (0)
5. checking no_input_delay (83)
6. checking no_output_delay (38)
7. checking multiple_clock (0)
8. checking generated_clocks (0)
9. checking loops (0)
10. checking partial_input_delay (0)
11. checking partial_output_delay (0)
12. checking latch_loops (0)

1. checking no_clock (0)
------------------------
 There are 0 register/latch pins with no clock.


2. checking constant_clock (0)
------------------------------
 There are 0 register/latch pins with constant_clock.


3. checking pulse_width_clock (0)
---------------------------------
 There are 0 register/latch pins which need pulse_width check


4. checking unconstrained_internal_endpoints (0)
------------------------------------------------
 There are 0 pins that are not constrained for maximum delay.

 There are 0 pins that are not constrained for maximum delay due to constant clock.


5. checking no_input_delay (83)
-------------------------------
 There are 82 input ports with no input delay specified. (HIGH)

 There is 1 input port with no input delay but user has a false path constraint. (MEDIUM)


6. checking no_output_delay (38)
--------------------------------
 There are 38 ports with no output delay specified. (HIGH)

 There are 0 ports with no output delay but user has a false path constraint

 There are 0 ports with no output delay but with a timing clock defined on it or propagating through it


7. checking multiple_clock (0)
------------------------------
 There are 0 register/latch pins with multiple clocks.


8. checking generated_clocks (0)
--------------------------------
 There are 0 generated clocks that are not connected to a clock source.


9. checking loops (0)
---------------------
 There are 0 combinational loops in the design.


10. checking partial_input_delay (0)
------------------------------------
 There are 0 input ports with partial input delay specified.


11. checking partial_output_delay (0)
-------------------------------------
 There are 0 ports with partial output delay specified.


12. checking latch_loops (0)
----------------------------
 There are 0 combinational latch loops in the design through latch input



------------------------------------------------------------------------------------------------
| Design Timing Summary
| ---------------------
------------------------------------------------------------------------------------------------

    WNS(ns)      TNS(ns)  TNS Failing Endpoints  TNS Total Endpoints      WHS(ns)      THS(ns)  THS Failing Endpoints  THS Total Endpoints     WPWS(ns)     TPWS(ns)  TPWS Failing Endpoints  TPWS Total Endpoints  
    -------      -------  ---------------------  -------------------      -------      -------  ---------------------  -------------------     --------     --------  ----------------------  --------------------  
    -16.889    -1923.621                    729                 7294        0.109        0.000                      0                 7294        4.500        0.000                       0                  2593  


Timing constraints are not met.


------------------------------------------------------------------------------------------------
| Clock Summary
| -------------
------------------------------------------------------------------------------------------------

Clock   Waveform(ns)       Period(ns)      Frequency(MHz)
-----   ------------       ----------      --------------
pl_clk  {0.000 5.000}      10.000          100.000         


------------------------------------------------------------------------------------------------
| Intra Clock Table
| -----------------
------------------------------------------------------------------------------------------------

Clock             WNS(ns)      TNS(ns)  TNS Failing Endpoints  TNS Total Endpoints      WHS(ns)      THS(ns)  THS Failing Endpoints  THS Total Endpoints     WPWS(ns)     TPWS(ns)  TPWS Failing Endpoints  TPWS Total Endpoints  
-----             -------      -------  ---------------------  -------------------      -------      -------  ---------------------  -------------------     --------     --------  ----------------------  --------------------  
pl_clk            -16.889    -1190.665                    351                 4958        0.109        0.000                      0                 4958        4.500        0.000                       0                  2593  


------------------------------------------------------------------------------------------------
| Inter Clock Table
| -----------------
------------------------------------------------------------------------------------------------

From Clock    To Clock          WNS(ns)      TNS(ns)  TNS Failing Endpoints  TNS Total Endpoints      WHS(ns)      THS(ns)  THS Failing Endpoints  THS Total Endpoints  
----------    --------          -------      -------  ---------------------  -------------------      -------      -------  ---------------------  -------------------  


------------------------------------------------------------------------------------------------
| Other Path Groups Table
| -----------------------
------------------------------------------------------------------------------------------------

Path Group         From Clock         To Clock               WNS(ns)      TNS(ns)  TNS Failing Endpoints  TNS Total Endpoints      WHS(ns)      THS(ns)  THS Failing Endpoints  THS Total Endpoints  
----------         ----------         --------               -------      -------  ---------------------  -------------------      -------      -------  ---------------------  -------------------  
**async_default**  pl_clk             pl_clk                  -4.835     -732.957                    378                 2336        0.871        0.000                      0                 2336  


------------------------------------------------------------------------------------------------
| Timing Details
| --------------
------------------------------------------------------------------------------------------------


---------------------------------------------------------------------------------------------------
From Clock:  pl_clk
  To Clock:  pl_clk

Setup :          351  Failing Endpoints,  Worst Slack      -16.889ns,  Total Violation    -1190.665ns
Hold  :            0  Failing Endpoints,  Worst Slack        0.109ns,  Total Violation        0.000ns
PW    :            0  Failing Endpoints,  Worst Slack        4.500ns,  Total Violation        0.000ns
---------------------------------------------------------------------------------------------------


Max Delay Paths
--------------------------------------------------------------------------------------
Slack (VIOLATED) :        -16.889ns  (required time - arrival time)
  Source:                 u_chain/u_ddc/phase_reg[22]_rep__1/C
                            (rising edge-triggered cell FDCE clocked by pl_clk  {rise@0.000ns fall@5.000ns period=10.000ns})
  Destination:            u_chain/u_ddc/out_i_reg[12]/D
                            (rising edge-triggered cell FDCE clocked by pl_clk  {rise@0.000ns fall@5.000ns period=10.000ns})
  Path Group:             pl_clk
  Path Type:              Setup (Max at Slow Process Corner)
  Requirement:            10.000ns  (pl_clk rise@10.000ns - pl_clk rise@0.000ns)
  Data Path Delay:        26.882ns  (logic 15.764ns (58.642%)  route 11.118ns (41.358%))
  Logic Levels:           29  (CARRY4=15 DSP48E1=3 LUT2=3 LUT3=1 LUT6=4 MUXF7=2 MUXF8=1)
  Clock Path Skew:        -0.049ns (DCD - SCD + CPR)
    Destination Clock Delay (DCD):    0.924ns = ( 10.924 - 10.000 ) 
    Source Clock Delay      (SCD):    0.973ns
    Clock Pessimism Removal (CPR):    0.000ns
  Clock Uncertainty:      0.035ns  ((TSJ^2 + TIJ^2)^1/2 + DJ) / 2 + PE
    Total System Jitter     (TSJ):    0.071ns
    Total Input Jitter      (TIJ):    0.000ns
    Discrete Jitter          (DJ):    0.000ns
    Phase Error              (PE):    0.000ns

    Location             Delay type                Incr(ns)  Path(ns)    Netlist Resource(s)
  -------------------------------------------------------------------    -------------------
                         (clock pl_clk rise edge)     0.000     0.000 r  
                                                      0.000     0.000 r  pl_clk (IN)
                         net (fo=2592, unset)         0.973     0.973    u_chain/u_ddc/pl_clk
    SLICE_X35Y58         FDCE                                         r  u_chain/u_ddc/phase_reg[22]_rep__1/C
  -------------------------------------------------------------------    -------------------
    SLICE_X35Y58         FDCE (Prop_fdce_C_Q)         0.456     1.429 f  u_chain/u_ddc/phase_reg[22]_rep__1/Q
                         net (fo=119, routed)         0.848     2.277    u_chain/u_ddc/phase_reg[22]_rep__1_n_0
    SLICE_X35Y57         LUT6 (Prop_lut6_I1_O)        0.124     2.401 r  u_chain/u_ddc/cos_interp_num0_i_69/O
                         net (fo=17, routed)          0.589     2.990    u_chain/u_ddc/cos_interp_num0_i_69_n_0
    SLICE_X33Y57         LUT2 (Prop_lut2_I0_O)        0.124     3.114 r  u_chain/u_ddc/cos_interp_num0_i_74/O
                         net (fo=298, routed)         1.421     4.535    u_chain/u_ddc/cos_interp_num0_i_74_n_0
    SLICE_X31Y53         LUT6 (Prop_lut6_I0_O)        0.124     4.659 r  u_chain/u_ddc/p_0_out_inferred__0/cos_interp_num0_i_462/O
                         net (fo=1, routed)           0.000     4.659    u_chain/u_ddc/p_0_out_inferred__0/cos_interp_num0_i_462_n_0
    SLICE_X31Y53         MUXF7 (Prop_muxf7_I1_O)      0.245     4.904 r  u_chain/u_ddc/p_0_out_inferred__0/cos_interp_num0_i_308/O
                         net (fo=1, routed)           0.000     4.904    u_chain/u_ddc/p_0_out_inferred__0/cos_interp_num0_i_308_n_0
    SLICE_X31Y53         MUXF8 (Prop_muxf8_I0_O)      0.104     5.008 r  u_chain/u_ddc/p_0_out_inferred__0/cos_interp_num0_i_166/O
                         net (fo=1, routed)           1.617     6.625    u_chain/u_ddc/p_0_out_inferred__0/cos_interp_num0_i_166_n_0
    SLICE_X12Y45         LUT6 (Prop_lut6_I1_O)        0.316     6.941 r  u_chain/u_ddc/p_0_out_inferred__0/cos_interp_num0_i_61/O
                         net (fo=1, routed)           0.000     6.941    u_chain/u_ddc/p_0_out_inferred__0/cos_interp_num0_i_61_n_0
    SLICE_X12Y45         MUXF7 (Prop_muxf7_I0_O)      0.241     7.182 r  u_chain/u_ddc/p_0_out_inferred__0/cos_interp_num0_i_20/O
                         net (fo=1, routed)           0.416     7.598    u_chain/u_ddc/p_0_out_inferred__0/cos_interp_num0_i_20_n_0
    DSP48_X0Y18          DSP48E1 (Prop_dsp48e1_A[3]_P[23])
                                                      4.015    11.613 r  u_chain/u_ddc/cos_interp_num0/P[23]
                         net (fo=25, routed)          0.973    12.586    u_chain/u_ddc/cos_interp_num0_n_82
    DSP48_X0Y16          DSP48E1 (Prop_dsp48e1_C[26]_P[8])
                                                      1.820    14.406 r  u_chain/u_ddc/cos_interp_num/P[8]
                         net (fo=3, routed)           1.087    15.493    u_chain/u_ddc/cos_q[0]
    SLICE_X14Y40         CARRY4 (Prop_carry4_S[0]_CO[3])
                                                      0.656    16.149 r  u_chain/u_ddc/p_qs_i_23/CO[3]
                         net (fo=1, routed)           0.000    16.149    u_chain/u_ddc/p_qs_i_23_n_0
    SLICE_X14Y41         CARRY4 (Prop_carry4_CI_CO[3])
                                                      0.114    16.263 r  u_chain/u_ddc/p_qs_i_21/CO[3]
                         net (fo=1, routed)           0.000    16.263    u_chain/u_ddc/p_qs_i_21_n_0
    SLICE_X14Y42         CARRY4 (Prop_carry4_CI_CO[3])
                                                      0.114    16.377 r  u_chain/u_ddc/p_qs_i_19/CO[3]
                         net (fo=1, routed)           0.000    16.377    u_chain/u_ddc/p_qs_i_19_n_0
    SLICE_X14Y43         CARRY4 (Prop_carry4_CI_O[2])
                                                      0.239    16.616 r  u_chain/u_ddc/p_qs_i_17/O[2]
                         net (fo=2, routed)           0.611    17.227    u_chain/u_ddc/cos_nco0[14]
    SLICE_X25Y43         LUT6 (Prop_lut6_I5_O)        0.302    17.529 r  u_chain/u_ddc/p_ii_i_2/O
                         net (fo=2, routed)           0.891    18.420    u_chain/u_ddc/B_0[14]
    DSP48_X0Y17          DSP48E1 (Prop_dsp48e1_B[14]_P[1])
                                                      3.656    22.076 r  u_chain/u_ddc/p_ii/P[1]
                         net (fo=2, routed)           1.067    23.143    u_chain/u_ddc/p_ii__0[1]
    SLICE_X19Y40         LUT2 (Prop_lut2_I0_O)        0.124    23.267 r  u_chain/u_ddc/out_i[1]_i_21/O
                         net (fo=1, routed)           0.000    23.267    u_chain/u_ddc/out_i[1]_i_21_n_0
    SLICE_X19Y40         CARRY4 (Prop_carry4_S[1]_CO[3])
                                                      0.550    23.817 r  u_chain/u_ddc/out_i_reg[1]_i_14/CO[3]
                         net (fo=1, routed)           0.000    23.817    u_chain/u_ddc/out_i_reg[1]_i_14_n_0
    SLICE_X19Y41         CARRY4 (Prop_carry4_CI_CO[3])
                                                      0.114    23.931 r  u_chain/u_ddc/out_i_reg[1]_i_9/CO[3]
                         net (fo=1, routed)           0.000    23.931    u_chain/u_ddc/out_i_reg[1]_i_9_n_0
    SLICE_X19Y42         CARRY4 (Prop_carry4_CI_CO[3])
                                                      0.114    24.045 r  u_chain/u_ddc/out_i_reg[1]_i_3/CO[3]
                         net (fo=1, routed)           0.000    24.045    u_chain/u_ddc/out_i_reg[1]_i_3_n_0
    SLICE_X19Y43         CARRY4 (Prop_carry4_CI_CO[3])
                                                      0.114    24.159 r  u_chain/u_ddc/out_i_reg[1]_i_2/CO[3]
                         net (fo=1, routed)           0.000    24.159    u_chain/u_ddc/out_i_reg[1]_i_2_n_0
    SLICE_X19Y44         CARRY4 (Prop_carry4_CI_CO[3])
                                                      0.114    24.273 r  u_chain/u_ddc/out_i_reg[5]_i_2/CO[3]
                         net (fo=1, routed)           0.000    24.273    u_chain/u_ddc/out_i_reg[5]_i_2_n_0
    SLICE_X19Y45         CARRY4 (Prop_carry4_CI_CO[3])
                                                      0.114    24.387 r  u_chain/u_ddc/out_i_reg[9]_i_2/CO[3]
                         net (fo=1, routed)           0.000    24.387    u_chain/u_ddc/out_i_reg[9]_i_2_n_0
    SLICE_X19Y46         CARRY4 (Prop_carry4_CI_CO[3])
                                                      0.114    24.501 r  u_chain/u_ddc/out_i_reg[13]_i_2/CO[3]
                         net (fo=1, routed)           0.000    24.501    u_chain/u_ddc/out_i_reg[13]_i_2_n_0
    SLICE_X19Y47         CARRY4 (Prop_carry4_CI_O[1])
                                                      0.334    24.835 r  u_chain/u_ddc/out_i_reg[15]_i_2/O[1]
                         net (fo=5, routed)           0.725    25.560    u_chain/u_ddc/out_i_reg[15]_i_2_n_6
    SLICE_X20Y46         LUT2 (Prop_lut2_I0_O)        0.303    25.863 r  u_chain/u_ddc/out_i[15]_i_35__0/O
                         net (fo=1, routed)           0.000    25.863    u_chain/u_ddc/out_i[15]_i_35__0_n_0
    SLICE_X20Y46         CARRY4 (Prop_carry4_S[0]_CO[3])
                                                      0.513    26.376 r  u_chain/u_ddc/out_i_reg[15]_i_19/CO[3]
                         net (fo=1, routed)           0.000    26.376    u_chain/u_ddc/out_i_reg[15]_i_19_n_0
    SLICE_X20Y47         CARRY4 (Prop_carry4_CI_CO[3])
                                                      0.117    26.493 r  u_chain/u_ddc/out_i_reg[15]_i_13/CO[3]
                         net (fo=1, routed)           0.000    26.493    u_chain/u_ddc/out_i_reg[15]_i_13_n_0
    SLICE_X20Y48         CARRY4 (Prop_carry4_CI_CO[1])
                                                      0.157    26.650 f  u_chain/u_ddc/out_i_reg[15]_i_3/CO[1]
                         net (fo=16, routed)          0.872    27.523    u_chain/u_ddc/sat161
    SLICE_X16Y48         LUT3 (Prop_lut3_I1_O)        0.332    27.855 r  u_chain/u_ddc/out_i[12]_i_1/O
                         net (fo=1, routed)           0.000    27.855    u_chain/u_ddc/sat16_return[12]
    SLICE_X16Y48         FDCE                                         r  u_chain/u_ddc/out_i_reg[12]/D
  -------------------------------------------------------------------    -------------------

                         (clock pl_clk rise edge)    10.000    10.000 r  
                                                      0.000    10.000 r  pl_clk (IN)
                         net (fo=2592, unset)         0.924    10.924    u_chain/u_ddc/pl_clk
    SLICE_X16Y48         FDCE                                         r  u_chain/u_ddc/out_i_reg[12]/C
                         clock pessimism              0.000    10.924    
                         clock uncertainty           -0.035    10.889    
    SLICE_X16Y48         FDCE (Setup_fdce_C_D)        0.077    10.966    u_chain/u_ddc/out_i_reg[12]
  -------------------------------------------------------------------
                         required time                         10.966    
                         arrival time                         -27.855    
  -------------------------------------------------------------------
                         slack                                -16.889    

Slack (VIOLATED) :        -16.859ns  (required time - arrival time)
  Source:                 u_chain/u_ddc/phase_reg[22]_rep__1/C
                            (rising edge-triggered cell FDCE clocked by pl_clk  {rise@0.000ns fall@5.000ns period=10.000ns})
  Destination:            u_chain/u_ddc/out_i_reg[5]/D
                            (rising edge-triggered cell FDCE clocked by pl_clk  {rise@0.000ns fall@5.000ns period=10.000ns})
  Path Group:             pl_clk
  Path Type:              Setup (Max at Slow Process Corner)
  Requirement:            10.000ns  (pl_clk rise@10.000ns - pl_clk rise@0.000ns)
  Data Path Delay:        26.806ns  (logic 15.764ns (58.808%)  route 11.042ns (41.192%))
  Logic Levels:           29  (CARRY4=15 DSP48E1=3 LUT2=3 LUT3=1 LUT6=4 MUXF7=2 MUXF8=1)
  Clock Path Skew:        -0.049ns (DCD - SCD + CPR)
    Destination Clock Delay (DCD):    0.924ns = ( 10.924 - 10.000 ) 
    Source Clock Delay      (SCD):    0.973ns
    Clock Pessimism Removal (CPR):    0.000ns
  Clock Uncertainty:      0.035ns  ((TSJ^2 + TIJ^2)^1/2 + DJ) / 2 + PE
    Total System Jitter     (TSJ):    0.071ns
    Total Input Jitter      (TIJ):    0.000ns
    Discrete Jitter          (DJ):    0.000ns
    Phase Error              (PE):    0.000ns

    Location             Delay type                Incr(ns)  Path(ns)    Netlist Resource(s)
  -------------------------------------------------------------------    -------------------
                         (clock pl_clk rise edge)     0.000     0.000 r  
                                                      0.000     0.000 r  pl_clk (IN)
                         net (fo=2592, unset)         0.973     0.973    u_chain/u_ddc/pl_clk
    SLICE_X35Y58         FDCE                                         r  u_chain/u_ddc/phase_reg[22]_rep__1/C
  -------------------------------------------------------------------    -------------------
    SLICE_X35Y58         FDCE (Prop_fdce_C_Q)         0.456     1.429 f  u_chain/u_ddc/phase_reg[22]_rep__1/Q
                         net (fo=119, routed)         0.848     2.277    u_chain/u_ddc/phase_reg[22]_rep__1_n_0
    SLICE_X35Y57         LUT6 (Prop_lut6_I1_O)        0.124     2.401 r  u_chain/u_ddc/cos_interp_num0_i_69/O
                         net (fo=17, routed)          0.589     2.990    u_chain/u_ddc/cos_interp_num0_i_69_n_0
    SLICE_X33Y57         LUT2 (Prop_lut2_I0_O)        0.124     3.114 r  u_chain/u_ddc/cos_interp_num0_i_74/O
                         net (fo=298, routed)         1.421     4.535    u_chain/u_ddc/cos_interp_num0_i_74_n_0
    SLICE_X31Y53         LUT6 (Prop_lut6_I0_O)        0.124     4.659 r  u_chain/u_ddc/p_0_out_inferred__0/cos_interp_num0_i_462/O
                         net (fo=1, routed)           0.000     4.659    u_chain/u_ddc/p_0_out_inferred__0/cos_interp_num0_i_462_n_0
    SLICE_X31Y53         MUXF7 (Prop_muxf7_I1_O)      0.245     4.904 r  u_chain/u_ddc/p_0_out_inferred__0/cos_interp_num0_i_308/O
                         net (fo=1, routed)           0.000     4.904    u_chain/u_ddc/p_0_out_inferred__0/cos_interp_num0_i_308_n_0
    SLICE_X31Y53         MUXF8 (Prop_muxf8_I0_O)      0.104     5.008 r  u_chain/u_ddc/p_0_out_inferred__0/cos_interp_num0_i_166/O
                         net (fo=1, routed)           1.617     6.625    u_chain/u_ddc/p_0_out_inferred__0/cos_interp_num0_i_166_n_0
    SLICE_X12Y45         LUT6 (Prop_lut6_I1_O)        0.316     6.941 r  u_chain/u_ddc/p_0_out_inferred__0/cos_interp_num0_i_61/O
                         net (fo=1, routed)           0.000     6.941    u_chain/u_ddc/p_0_out_inferred__0/cos_interp_num0_i_61_n_0
    SLICE_X12Y45         MUXF7 (Prop_muxf7_I0_O)      0.241     7.182 r  u_chain/u_ddc/p_0_out_inferred__0/cos_interp_num0_i_20/O
                         net (fo=1, routed)           0.416     7.598    u_chain/u_ddc/p_0_out_inferred__0/cos_interp_num0_i_20_n_0
    DSP48_X0Y18          DSP48E1 (Prop_dsp48e1_A[3]_P[23])
                                                      4.015    11.613 r  u_chain/u_ddc/cos_interp_num0/P[23]
                         net (fo=25, routed)          0.973    12.586    u_chain/u_ddc/cos_interp_num0_n_82
    DSP48_X0Y16          DSP48E1 (Prop_dsp48e1_C[26]_P[8])
                                                      1.820    14.406 r  u_chain/u_ddc/cos_interp_num/P[8]
                         net (fo=3, routed)           1.087    15.493    u_chain/u_ddc/cos_q[0]
    SLICE_X14Y40         CARRY4 (Prop_carry4_S[0]_CO[3])
                                                      0.656    16.149 r  u_chain/u_ddc/p_qs_i_23/CO[3]
                         net (fo=1, routed)           0.000    16.149    u_chain/u_ddc/p_qs_i_23_n_0
    SLICE_X14Y41         CARRY4 (Prop_carry4_CI_CO[3])
                                                      0.114    16.263 r  u_chain/u_ddc/p_qs_i_21/CO[3]
                         net (fo=1, routed)           0.000    16.263    u_chain/u_ddc/p_qs_i_21_n_0
    SLICE_X14Y42         CARRY4 (Prop_carry4_CI_CO[3])
                                                      0.114    16.377 r  u_chain/u_ddc/p_qs_i_19/CO[3]
                         net (fo=1, routed)           0.000    16.377    u_chain/u_ddc/p_qs_i_19_n_0
    SLICE_X14Y43         CARRY4 (Prop_carry4_CI_O[2])
                                                      0.239    16.616 r  u_chain/u_ddc/p_qs_i_17/O[2]
                         net (fo=2, routed)           0.611    17.227    u_chain/u_ddc/cos_nco0[14]
    SLICE_X25Y43         LUT6 (Prop_lut6_I5_O)        0.302    17.529 r  u_chain/u_ddc/p_ii_i_2/O
                         net (fo=2, routed)           0.891    18.420    u_chain/u_ddc/B_0[14]
    DSP48_X0Y17          DSP48E1 (Prop_dsp48e1_B[14]_P[1])
                                                      3.656    22.076 r  u_chain/u_ddc/p_ii/P[1]
                         net (fo=2, routed)           1.067    23.143    u_chain/u_ddc/p_ii__0[1]
    SLICE_X19Y40         LUT2 (Prop_lut2_I0_O)        0.124    23.267 r  u_chain/u_ddc/out_i[1]_i_21/O
                         net (fo=1, routed)           0.000    23.267    u_chain/u_ddc/out_i[1]_i_21_n_0
    SLICE_X19Y40         CARRY4 (Prop_carry4_S[1]_CO[3])
                                                      0.550    23.817 r  u_chain/u_ddc/out_i_reg[1]_i_14/CO[3]
                         net (fo=1, routed)           0.000    23.817    u_chain/u_ddc/out_i_reg[1]_i_14_n_0
    SLICE_X19Y41         CARRY4 (Prop_carry4_CI_CO[3])
                                                      0.114    23.931 r  u_chain/u_ddc/out_i_reg[1]_i_9/CO[3]
                         net (fo=1, routed)           0.000    23.931    u_chain/u_ddc/out_i_reg[1]_i_9_n_0
    SLICE_X19Y42         CARRY4 (Prop_carry4_CI_CO[3])
                                                      0.114    24.045 r  u_chain/u_ddc/out_i_reg[1]_i_3/CO[3]
                         net (fo=1, routed)           0.000    24.045    u_chain/u_ddc/out_i_reg[1]_i_3_n_0
    SLICE_X19Y43         CARRY4 (Prop_carry4_CI_CO[3])
                                                      0.114    24.159 r  u_chain/u_ddc/out_i_reg[1]_i_2/CO[3]
                         net (fo=1, routed)           0.000    24.159    u_chain/u_ddc/out_i_reg[1]_i_2_n_0
    SLICE_X19Y44         CARRY4 (Prop_carry4_CI_CO[3])
                                                      0.114    24.273 r  u_chain/u_ddc/out_i_reg[5]_i_2/CO[3]
                         net (fo=1, routed)           0.000    24.273    u_chain/u_ddc/out_i_reg[5]_i_2_n_0
    SLICE_X19Y45         CARRY4 (Prop_carry4_CI_CO[3])
                                                      0.114    24.387 r  u_chain/u_ddc/out_i_reg[9]_i_2/CO[3]
                         net (fo=1, routed)           0.000    24.387    u_chain/u_ddc/out_i_reg[9]_i_2_n_0
    SLICE_X19Y46         CARRY4 (Prop_carry4_CI_CO[3])
                                                      0.114    24.501 r  u_chain/u_ddc/out_i_reg[13]_i_2/CO[3]
                         net (fo=1, routed)           0.000    24.501    u_chain/u_ddc/out_i_reg[13]_i_2_n_0
    SLICE_X19Y47         CARRY4 (Prop_carry4_CI_O[1])
                                                      0.334    24.835 r  u_chain/u_ddc/out_i_reg[15]_i_2/O[1]
                         net (fo=5, routed)           0.725    25.560    u_chain/u_ddc/out_i_reg[15]_i_2_n_6
    SLICE_X20Y46         LUT2 (Prop_lut2_I0_O)        0.303    25.863 r  u_chain/u_ddc/out_i[15]_i_35__0/O
                         net (fo=1, routed)           0.000    25.863    u_chain/u_ddc/out_i[15]_i_35__0_n_0
    SLICE_X20Y46         CARRY4 (Prop_carry4_S[0]_CO[3])
                                                      0.513    26.376 r  u_chain/u_ddc/out_i_reg[15]_i_19/CO[3]
                         net (fo=1, routed)           0.000    26.376    u_chain/u_ddc/out_i_reg[15]_i_19_n_0
    SLICE_X20Y47         CARRY4 (Prop_carry4_CI_CO[3])
                                                      0.117    26.493 r  u_chain/u_ddc/out_i_reg[15]_i_13/CO[3]
                         net (fo=1, routed)           0.000    26.493    u_chain/u_ddc/out_i_reg[15]_i_13_n_0
    SLICE_X20Y48         CARRY4 (Prop_carry4_CI_CO[1])
                                                      0.157    26.650 f  u_chain/u_ddc/out_i_reg[15]_i_3/CO[1]
                         net (fo=16, routed)          0.796    27.447    u_chain/u_ddc/sat161
    SLICE_X18Y49         LUT3 (Prop_lut3_I1_O)        0.332    27.779 r  u_chain/u_ddc/out_i[5]_i_1/O
                         net (fo=1, routed)           0.000    27.779    u_chain/u_ddc/sat16_return[5]
    SLICE_X18Y49         FDCE                                         r  u_chain/u_ddc/out_i_reg[5]/D
  -------------------------------------------------------------------    -------------------

                         (clock pl_clk rise edge)    10.000    10.000 r  
                                                      0.000    10.000 r  pl_clk (IN)
                         net (fo=2592, unset)         0.924    10.924    u_chain/u_ddc/pl_clk
    SLICE_X18Y49         FDCE                                         r  u_chain/u_ddc/out_i_reg[5]/C
                         clock pessimism              0.000    10.924    
                         clock uncertainty           -0.035    10.889    
    SLICE_X18Y49         FDCE (Setup_fdce_C_D)        0.031    10.920    u_chain/u_ddc/out_i_reg[5]
  -------------------------------------------------------------------
                         required time                         10.920    
                         arrival time                         -27.779    
  -------------------------------------------------------------------
                         slack                                -16.859    

Slack (VIOLATED) :        -16.852ns  (required time - arrival time)
  Source:                 u_chain/u_ddc/phase_reg[22]_rep__1/C
                            (rising edge-triggered cell FDCE clocked by pl_clk  {rise@0.000ns fall@5.000ns period=10.000ns})
  Destination:            u_chain/u_ddc/out_i_reg[3]/D
                            (rising edge-triggered cell FDCE clocked by pl_clk  {rise@0.000ns fall@5.000ns period=10.000ns})
  Path Group:             pl_clk
  Path Type:              Setup (Max at Slow Process Corner)
  Requirement:            10.000ns  (pl_clk rise@10.000ns - pl_clk rise@0.000ns)
  Data Path Delay:        26.799ns  (logic 15.661ns (58.439%)  route 11.138ns (41.562%))
  Logic Levels:           29  (CARRY4=15 DSP48E1=3 LUT2=3 LUT3=1 LUT6=4 MUXF7=2 MUXF8=1)
  Clock Path Skew:        -0.049ns (DCD - SCD + CPR)
    Destination Clock Delay (DCD):    0.924ns = ( 10.924 - 10.000 ) 
    Source Clock Delay      (SCD):    0.973ns
    Clock Pessimism Removal (CPR):    0.000ns
  Clock Uncertainty:      0.035ns  ((TSJ^2 + TIJ^2)^1/2 + DJ) / 2 + PE
    Total System Jitter     (TSJ):    0.071ns
    Total Input Jitter      (TIJ):    0.000ns
    Discrete Jitter          (DJ):    0.000ns
    Phase Error              (PE):    0.000ns

    Location             Delay type                Incr(ns)  Path(ns)    Netlist Resource(s)
  -------------------------------------------------------------------    -------------------
                         (clock pl_clk rise edge)     0.000     0.000 r  
                                                      0.000     0.000 r  pl_clk (IN)
                         net (fo=2592, unset)         0.973     0.973    u_chain/u_ddc/pl_clk
    SLICE_X35Y58         FDCE                                         r  u_chain/u_ddc/phase_reg[22]_rep__1/C
  -------------------------------------------------------------------    -------------------
    SLICE_X35Y58         FDCE (Prop_fdce_C_Q)         0.456     1.429 f  u_chain/u_ddc/phase_reg[22]_rep__1/Q
                         net (fo=119, routed)         0.848     2.277    u_chain/u_ddc/phase_reg[22]_rep__1_n_0
    SLICE_X35Y57         LUT6 (Prop_lut6_I1_O)        0.124     2.401 r  u_chain/u_ddc/cos_interp_num0_i_69/O
                         net (fo=17, routed)          0.589     2.990    u_chain/u_ddc/cos_interp_num0_i_69_n_0
    SLICE_X33Y57         LUT2 (Prop_lut2_I0_O)        0.124     3.114 r  u_chain/u_ddc/cos_interp_num0_i_74/O
                         net (fo=298, routed)         1.421     4.535    u_chain/u_ddc/cos_interp_num0_i_74_n_0
    SLICE_X31Y53         LUT6 (Prop_lut6_I0_O)        0.124     4.659 r  u_chain/u_ddc/p_0_out_inferred__0/cos_interp_num0_i_462/O
                         net (fo=1, routed)           0.000     4.659    u_chain/u_ddc/p_0_out_inferred__0/cos_interp_num0_i_462_n_0
    SLICE_X31Y53         MUXF7 (Prop_muxf7_I1_O)      0.245     4.904 r  u_chain/u_ddc/p_0_out_inferred__0/cos_interp_num0_i_308/O
                         net (fo=1, routed)           0.000     4.904    u_chain/u_ddc/p_0_out_inferred__0/cos_interp_num0_i_308_n_0
    SLICE_X31Y53         MUXF8 (Prop_muxf8_I0_O)      0.104     5.008 r  u_chain/u_ddc/p_0_out_inferred__0/cos_interp_num0_i_166/O
                         net (fo=1, routed)           1.617     6.625    u_chain/u_ddc/p_0_out_inferred__0/cos_interp_num0_i_166_n_0
    SLICE_X12Y45         LUT6 (Prop_lut6_I1_O)        0.316     6.941 r  u_chain/u_ddc/p_0_out_inferred__0/cos_interp_num0_i_61/O
                         net (fo=1, routed)           0.000     6.941    u_chain/u_ddc/p_0_out_inferred__0/cos_interp_num0_i_61_n_0
    SLICE_X12Y45         MUXF7 (Prop_muxf7_I0_O)      0.241     7.182 r  u_chain/u_ddc/p_0_out_inferred__0/cos_interp_num0_i_20/O
                         net (fo=1, routed)           0.416     7.598    u_chain/u_ddc/p_0_out_inferred__0/cos_interp_num0_i_20_n_0
    DSP48_X0Y18          DSP48E1 (Prop_dsp48e1_A[3]_P[23])
                                                      4.015    11.613 r  u_chain/u_ddc/cos_interp_num0/P[23]
                         net (fo=25, routed)          0.973    12.586    u_chain/u_ddc/cos_interp_num0_n_82
    DSP48_X0Y16          DSP48E1 (Prop_dsp48e1_C[26]_P[8])
                                                      1.820    14.406 r  u_chain/u_ddc/cos_interp_num/P[8]
                         net (fo=3, routed)           1.087    15.493    u_chain/u_ddc/cos_q[0]
    SLICE_X14Y40         CARRY4 (Prop_carry4_S[0]_CO[3])
                                                      0.656    16.149 r  u_chain/u_ddc/p_qs_i_23/CO[3]
                         net (fo=1, routed)           0.000    16.149    u_chain/u_ddc/p_qs_i_23_n_0
    SLICE_X14Y41         CARRY4 (Prop_carry4_CI_CO[3])
                                                      0.114    16.263 r  u_chain/u_ddc/p_qs_i_21/CO[3]
                         net (fo=1, routed)           0.000    16.263    u_chain/u_ddc/p_qs_i_21_n_0
    SLICE_X14Y42         CARRY4 (Prop_carry4_CI_CO[3])
                                                      0.114    16.377 r  u_chain/u_ddc/p_qs_i_19/CO[3]
                         net (fo=1, routed)           0.000    16.377    u_chain/u_ddc/p_qs_i_19_n_0
    SLICE_X14Y43         CARRY4 (Prop_carry4_CI_O[2])
                                                      0.239    16.616 r  u_chain/u_ddc/p_qs_i_17/O[2]
                         net (fo=2, routed)           0.611    17.227    u_chain/u_ddc/cos_nco0[14]
    SLICE_X25Y43         LUT6 (Prop_lut6_I5_O)        0.302    17.529 r  u_chain/u_ddc/p_ii_i_2/O
                         net (fo=2, routed)           0.891    18.420    u_chain/u_ddc/B_0[14]
    DSP48_X0Y17          DSP48E1 (Prop_dsp48e1_B[14]_P[1])
                                                      3.656    22.076 r  u_chain/u_ddc/p_ii/P[1]
                         net (fo=2, routed)           1.067    23.143    u_chain/u_ddc/p_ii__0[1]
    SLICE_X19Y40         LUT2 (Prop_lut2_I0_O)        0.124    23.267 r  u_chain/u_ddc/out_i[1]_i_21/O
                         net (fo=1, routed)           0.000    23.267    u_chain/u_ddc/out_i[1]_i_21_n_0
    SLICE_X19Y40         CARRY4 (Prop_carry4_S[1]_CO[3])
                                                      0.550    23.817 r  u_chain/u_ddc/out_i_reg[1]_i_14/CO[3]
                         net (fo=1, routed)           0.000    23.817    u_chain/u_ddc/out_i_reg[1]_i_14_n_0
    SLICE_X19Y41         CARRY4 (Prop_carry4_CI_CO[3])
                                                      0.114    23.931 r  u_chain/u_ddc/out_i_reg[1]_i_9/CO[3]
                         net (fo=1, routed)           0.000    23.931    u_chain/u_ddc/out_i_reg[1]_i_9_n_0
    SLICE_X19Y42         CARRY4 (Prop_carry4_CI_CO[3])
                                                      0.114    24.045 r  u_chain/u_ddc/out_i_reg[1]_i_3/CO[3]
                         net (fo=1, routed)           0.000    24.045    u_chain/u_ddc/out_i_reg[1]_i_3_n_0
    SLICE_X19Y43         CARRY4 (Prop_carry4_CI_CO[3])
                                                      0.114    24.159 r  u_chain/u_ddc/out_i_reg[1]_i_2/CO[3]
                         net (fo=1, routed)           0.000    24.159    u_chain/u_ddc/out_i_reg[1]_i_2_n_0
    SLICE_X19Y44         CARRY4 (Prop_carry4_CI_CO[3])
                                                      0.114    24.273 r  u_chain/u_ddc/out_i_reg[5]_i_2/CO[3]
                         net (fo=1, routed)           0.000    24.273    u_chain/u_ddc/out_i_reg[5]_i_2_n_0
    SLICE_X19Y45         CARRY4 (Prop_carry4_CI_CO[3])
                                                      0.114    24.387 r  u_chain/u_ddc/out_i_reg[9]_i_2/CO[3]
                         net (fo=1, routed)           0.000    24.387    u_chain/u_ddc/out_i_reg[9]_i_2_n_0
    SLICE_X19Y46         CARRY4 (Prop_carry4_CI_CO[3])
                                                      0.114    24.501 r  u_chain/u_ddc/out_i_reg[13]_i_2/CO[3]
                         net (fo=1, routed)           0.000    24.501    u_chain/u_ddc/out_i_reg[13]_i_2_n_0
    SLICE_X19Y47         CARRY4 (Prop_carry4_CI_O[0])
                                                      0.222    24.723 r  u_chain/u_ddc/out_i_reg[15]_i_2/O[0]
                         net (fo=3, routed)           0.794    25.517    u_chain/u_ddc/out_i_reg[15]_i_2_n_7
    SLICE_X18Y46         LUT2 (Prop_lut2_I0_O)        0.299    25.816 r  u_chain/u_ddc/out_i[15]_i_40/O
                         net (fo=1, routed)           0.000    25.816    u_chain/u_ddc/out_i[15]_i_40_n_0
    SLICE_X18Y46         CARRY4 (Prop_carry4_S[0]_CO[3])
                                                      0.532    26.348 r  u_chain/u_ddc/out_i_reg[15]_i_25/CO[3]
                         net (fo=1, routed)           0.000    26.348    u_chain/u_ddc/out_i_reg[15]_i_25_n_0
    SLICE_X18Y47         CARRY4 (Prop_carry4_CI_CO[3])
                                                      0.114    26.462 r  u_chain/u_ddc/out_i_reg[15]_i_16/CO[3]
                         net (fo=1, routed)           0.000    26.462    u_chain/u_ddc/out_i_reg[15]_i_16_n_0
    SLICE_X18Y48         CARRY4 (Prop_carry4_CI_CO[1])
                                                      0.157    26.619 r  u_chain/u_ddc/out_i_reg[15]_i_4/CO[1]
                         net (fo=16, routed)          0.824    27.443    u_chain/u_ddc/sat1610_in
    SLICE_X19Y49         LUT3 (Prop_lut3_I0_O)        0.329    27.772 r  u_chain/u_ddc/out_i[3]_i_1/O
                         net (fo=1, routed)           0.000    27.772    u_chain/u_ddc/sat16_return[3]
    SLICE_X19Y49         FDCE                                         r  u_chain/u_ddc/out_i_reg[3]/D
  -------------------------------------------------------------------    -------------------

                         (clock pl_clk rise edge)    10.000    10.000 r  
                                                      0.000    10.000 r  pl_clk (IN)
                         net (fo=2592, unset)         0.924    10.924    u_chain/u_ddc/pl_clk
    SLICE_X19Y49         FDCE                                         r  u_chain/u_ddc/out_i_reg[3]/C
                         clock pessimism              0.000    10.924    
                         clock uncertainty           -0.035    10.889    
    SLICE_X19Y49         FDCE (Setup_fdce_C_D)        0.031    10.920    u_chain/u_ddc/out_i_reg[3]
  -------------------------------------------------------------------
                         required time                         10.920    
                         arrival time                         -27.772    
  -------------------------------------------------------------------
                         slack                                -16.852    

Slack (VIOLATED) :        -16.798ns  (required time - arrival time)
  Source:                 u_chain/u_ddc/phase_reg[22]_rep__1/C
                            (rising edge-triggered cell FDCE clocked by pl_clk  {rise@0.000ns fall@5.000ns period=10.000ns})
  Destination:            u_chain/u_ddc/out_q_reg[9]/D
                            (rising edge-triggered cell FDCE clocked by pl_clk  {rise@0.000ns fall@5.000ns period=10.000ns})
  Path Group:             pl_clk
  Path Type:              Setup (Max at Slow Process Corner)
  Requirement:            10.000ns  (pl_clk rise@10.000ns - pl_clk rise@0.000ns)
  Data Path Delay:        26.743ns  (logic 15.835ns (59.212%)  route 10.908ns (40.788%))
  Logic Levels:           29  (CARRY4=15 DSP48E1=3 LUT2=3 LUT3=1 LUT6=4 MUXF7=2 MUXF8=1)
  Clock Path Skew:        -0.049ns (DCD - SCD + CPR)
    Destination Clock Delay (DCD):    0.924ns = ( 10.924 - 10.000 ) 
    Source Clock Delay      (SCD):    0.973ns
    Clock Pessimism Removal (CPR):    0.000ns
  Clock Uncertainty:      0.035ns  ((TSJ^2 + TIJ^2)^1/2 + DJ) / 2 + PE
    Total System Jitter     (TSJ):    0.071ns
    Total Input Jitter      (TIJ):    0.000ns
    Discrete Jitter          (DJ):    0.000ns
    Phase Error              (PE):    0.000ns

    Location             Delay type                Incr(ns)  Path(ns)    Netlist Resource(s)
  -------------------------------------------------------------------    -------------------
                         (clock pl_clk rise edge)     0.000     0.000 r  
                                                      0.000     0.000 r  pl_clk (IN)
                         net (fo=2592, unset)         0.973     0.973    u_chain/u_ddc/pl_clk
    SLICE_X35Y58         FDCE                                         r  u_chain/u_ddc/phase_reg[22]_rep__1/C
  -------------------------------------------------------------------    -------------------
    SLICE_X35Y58         FDCE (Prop_fdce_C_Q)         0.456     1.429 f  u_chain/u_ddc/phase_reg[22]_rep__1/Q
                         net (fo=119, routed)         0.848     2.277    u_chain/u_ddc/phase_reg[22]_rep__1_n_0
    SLICE_X35Y57         LUT6 (Prop_lut6_I1_O)        0.124     2.401 r  u_chain/u_ddc/cos_interp_num0_i_69/O
                         net (fo=17, routed)          0.589     2.990    u_chain/u_ddc/cos_interp_num0_i_69_n_0
    SLICE_X33Y57         LUT2 (Prop_lut2_I0_O)        0.124     3.114 r  u_chain/u_ddc/cos_interp_num0_i_74/O
                         net (fo=298, routed)         1.421     4.535    u_chain/u_ddc/cos_interp_num0_i_74_n_0
    SLICE_X31Y53         LUT6 (Prop_lut6_I0_O)        0.124     4.659 r  u_chain/u_ddc/p_0_out_inferred__0/cos_interp_num0_i_462/O
                         net (fo=1, routed)           0.000     4.659    u_chain/u_ddc/p_0_out_inferred__0/cos_interp_num0_i_462_n_0
    SLICE_X31Y53         MUXF7 (Prop_muxf7_I1_O)      0.245     4.904 r  u_chain/u_ddc/p_0_out_inferred__0/cos_interp_num0_i_308/O
                         net (fo=1, routed)           0.000     4.904    u_chain/u_ddc/p_0_out_inferred__0/cos_interp_num0_i_308_n_0
    SLICE_X31Y53         MUXF8 (Prop_muxf8_I0_O)      0.104     5.008 r  u_chain/u_ddc/p_0_out_inferred__0/cos_interp_num0_i_166/O
                         net (fo=1, routed)           1.617     6.625    u_chain/u_ddc/p_0_out_inferred__0/cos_interp_num0_i_166_n_0
    SLICE_X12Y45         LUT6 (Prop_lut6_I1_O)        0.316     6.941 r  u_chain/u_ddc/p_0_out_inferred__0/cos_interp_num0_i_61/O
                         net (fo=1, routed)           0.000     6.941    u_chain/u_ddc/p_0_out_inferred__0/cos_interp_num0_i_61_n_0
    SLICE_X12Y45         MUXF7 (Prop_muxf7_I0_O)      0.241     7.182 r  u_chain/u_ddc/p_0_out_inferred__0/cos_interp_num0_i_20/O
                         net (fo=1, routed)           0.416     7.598    u_chain/u_ddc/p_0_out_inferred__0/cos_interp_num0_i_20_n_0
    DSP48_X0Y18          DSP48E1 (Prop_dsp48e1_A[3]_P[23])
                                                      4.015    11.613 r  u_chain/u_ddc/cos_interp_num0/P[23]
                         net (fo=25, routed)          0.973    12.586    u_chain/u_ddc/cos_interp_num0_n_82
    DSP48_X0Y16          DSP48E1 (Prop_dsp48e1_C[26]_P[8])
                                                      1.820    14.406 r  u_chain/u_ddc/cos_interp_num/P[8]
                         net (fo=3, routed)           1.087    15.493    u_chain/u_ddc/cos_q[0]
    SLICE_X14Y40         CARRY4 (Prop_carry4_S[0]_CO[3])
                                                      0.656    16.149 r  u_chain/u_ddc/p_qs_i_23/CO[3]
                         net (fo=1, routed)           0.000    16.149    u_chain/u_ddc/p_qs_i_23_n_0
    SLICE_X14Y41         CARRY4 (Prop_carry4_CI_CO[3])
                                                      0.114    16.263 r  u_chain/u_ddc/p_qs_i_21/CO[3]
                         net (fo=1, routed)           0.000    16.263    u_chain/u_ddc/p_qs_i_21_n_0
    SLICE_X14Y42         CARRY4 (Prop_carry4_CI_CO[3])
                                                      0.114    16.377 r  u_chain/u_ddc/p_qs_i_19/CO[3]
                         net (fo=1, routed)           0.000    16.377    u_chain/u_ddc/p_qs_i_19_n_0
    SLICE_X14Y43         CARRY4 (Prop_carry4_CI_O[3])
                                                      0.313    16.690 r  u_chain/u_ddc/p_qs_i_17/O[3]
                         net (fo=2, routed)           0.487    17.177    u_chain/u_ddc/cos_nco0[15]
    SLICE_X23Y43         LUT6 (Prop_lut6_I5_O)        0.306    17.483 r  u_chain/u_ddc/p_ii_i_1/O
                         net (fo=6, routed)           0.991    18.475    u_chain/u_ddc/B_0[15]
    DSP48_X1Y16          DSP48E1 (Prop_dsp48e1_B[17]_P[1])
                                                      3.656    22.131 r  u_chain/u_ddc/p_qi/P[1]
                         net (fo=2, routed)           1.066    23.196    u_chain/u_ddc/p_qi__0[1]
    SLICE_X32Y36         LUT2 (Prop_lut2_I0_O)        0.124    23.320 r  u_chain/u_ddc/out_q[1]_i_22/O
                         net (fo=1, routed)           0.000    23.320    u_chain/u_ddc/out_q[1]_i_22_n_0
    SLICE_X32Y36         CARRY4 (Prop_carry4_S[1]_CO[3])
                                                      0.533    23.853 r  u_chain/u_ddc/out_q_reg[1]_i_15/CO[3]
                         net (fo=1, routed)           0.000    23.853    u_chain/u_ddc/out_q_reg[1]_i_15_n_0
    SLICE_X32Y37         CARRY4 (Prop_carry4_CI_CO[3])
                                                      0.117    23.970 r  u_chain/u_ddc/out_q_reg[1]_i_10/CO[3]
                         net (fo=1, routed)           0.000    23.970    u_chain/u_ddc/out_q_reg[1]_i_10_n_0
    SLICE_X32Y38         CARRY4 (Prop_carry4_CI_CO[3])
                                                      0.117    24.087 r  u_chain/u_ddc/out_q_reg[1]_i_3/CO[3]
                         net (fo=1, routed)           0.000    24.087    u_chain/u_ddc/out_q_reg[1]_i_3_n_0
    SLICE_X32Y39         CARRY4 (Prop_carry4_CI_CO[3])
                                                      0.117    24.204 r  u_chain/u_ddc/out_q_reg[1]_i_2/CO[3]
                         net (fo=1, routed)           0.000    24.204    u_chain/u_ddc/out_q_reg[1]_i_2_n_0
    SLICE_X32Y40         CARRY4 (Prop_carry4_CI_CO[3])
                                                      0.117    24.321 r  u_chain/u_ddc/out_q_reg[5]_i_2/CO[3]
                         net (fo=1, routed)           0.000    24.321    u_chain/u_ddc/out_q_reg[5]_i_2_n_0
    SLICE_X32Y41         CARRY4 (Prop_carry4_CI_CO[3])
                                                      0.117    24.438 r  u_chain/u_ddc/out_q_reg[9]_i_2/CO[3]
                         net (fo=1, routed)           0.000    24.438    u_chain/u_ddc/out_q_reg[9]_i_2_n_0
    SLICE_X32Y42         CARRY4 (Prop_carry4_CI_CO[3])
                                                      0.117    24.555 r  u_chain/u_ddc/out_q_reg[13]_i_2/CO[3]
                         net (fo=1, routed)           0.000    24.555    u_chain/u_ddc/out_q_reg[13]_i_2_n_0
    SLICE_X32Y43         CARRY4 (Prop_carry4_CI_O[1])
                                                      0.323    24.878 r  u_chain/u_ddc/out_q_reg[15]_i_2/O[1]
                         net (fo=5, routed)           0.660    25.539    u_chain/u_ddc/round_q[29]
    SLICE_X34Y43         LUT2 (Prop_lut2_I0_O)        0.306    25.845 r  u_chain/u_ddc/out_q[15]_i_35__0/O
                         net (fo=1, routed)           0.000    25.845    u_chain/u_ddc/out_q[15]_i_35__0_n_0
    SLICE_X34Y43         CARRY4 (Prop_carry4_S[0]_CO[3])
                                                      0.513    26.358 r  u_chain/u_ddc/out_q_reg[15]_i_19/CO[3]
                         net (fo=1, routed)           0.000    26.358    u_chain/u_ddc/out_q_reg[15]_i_19_n_0
    SLICE_X34Y44         CARRY4 (Prop_carry4_CI_CO[3])
                                                      0.117    26.475 r  u_chain/u_ddc/out_q_reg[15]_i_13/CO[3]
                         net (fo=1, routed)           0.000    26.475    u_chain/u_ddc/out_q_reg[15]_i_13_n_0
    SLICE_X34Y45         CARRY4 (Prop_carry4_CI_CO[1])
                                                      0.157    26.632 f  u_chain/u_ddc/out_q_reg[15]_i_3/CO[1]
                         net (fo=16, routed)          0.752    27.384    u_chain/u_ddc/out_q_reg[15]_i_3_n_2
    SLICE_X33Y46         LUT3 (Prop_lut3_I1_O)        0.332    27.716 r  u_chain/u_ddc/out_q[9]_i_1/O
                         net (fo=1, routed)           0.000    27.716    u_chain/u_ddc/out_q[9]_i_1_n_0
    SLICE_X33Y46         FDCE                                         r  u_chain/u_ddc/out_q_reg[9]/D
  -------------------------------------------------------------------    -------------------

                         (clock pl_clk rise edge)    10.000    10.000 r  
                                                      0.000    10.000 r  pl_clk (IN)
                         net (fo=2592, unset)         0.924    10.924    u_chain/u_ddc/pl_clk
    SLICE_X33Y46         FDCE                                         r  u_chain/u_ddc/out_q_reg[9]/C
                         clock pessimism              0.000    10.924    
                         clock uncertainty           -0.035    10.889    
    SLICE_X33Y46         FDCE (Setup_fdce_C_D)        0.029    10.918    u_chain/u_ddc/out_q_reg[9]
  -------------------------------------------------------------------
                         required time                         10.918    
                         arrival time                         -27.716    
  -------------------------------------------------------------------
                         slack                                -16.798    

Slack (VIOLATED) :        -16.743ns  (required time - arrival time)
  Source:                 u_chain/u_ddc/phase_reg[22]_rep__1/C
                            (rising edge-triggered cell FDCE clocked by pl_clk  {rise@0.000ns fall@5.000ns period=10.000ns})
  Destination:            u_chain/u_ddc/out_i_reg[1]/D
                            (rising edge-triggered cell FDCE clocked by pl_clk  {rise@0.000ns fall@5.000ns period=10.000ns})
  Path Group:             pl_clk
  Path Type:              Setup (Max at Slow Process Corner)
  Requirement:            10.000ns  (pl_clk rise@10.000ns - pl_clk rise@0.000ns)
  Data Path Delay:        26.690ns  (logic 15.661ns (58.676%)  route 11.029ns (41.324%))
  Logic Levels:           29  (CARRY4=15 DSP48E1=3 LUT2=3 LUT3=1 LUT6=4 MUXF7=2 MUXF8=1)
  Clock Path Skew:        -0.049ns (DCD - SCD + CPR)
    Destination Clock Delay (DCD):    0.924ns = ( 10.924 - 10.000 ) 
    Source Clock Delay      (SCD):    0.973ns
    Clock Pessimism Removal (CPR):    0.000ns
  Clock Uncertainty:      0.035ns  ((TSJ^2 + TIJ^2)^1/2 + DJ) / 2 + PE
    Total System Jitter     (TSJ):    0.071ns
    Total Input Jitter      (TIJ):    0.000ns
    Discrete Jitter          (DJ):    0.000ns
    Phase Error              (PE):    0.000ns

    Location             Delay type                Incr(ns)  Path(ns)    Netlist Resource(s)
  -------------------------------------------------------------------    -------------------
                         (clock pl_clk rise edge)     0.000     0.000 r  
                                                      0.000     0.000 r  pl_clk (IN)
                         net (fo=2592, unset)         0.973     0.973    u_chain/u_ddc/pl_clk
    SLICE_X35Y58         FDCE                                         r  u_chain/u_ddc/phase_reg[22]_rep__1/C
  -------------------------------------------------------------------    -------------------
    SLICE_X35Y58         FDCE (Prop_fdce_C_Q)         0.456     1.429 f  u_chain/u_ddc/phase_reg[22]_rep__1/Q
                         net (fo=119, routed)         0.848     2.277    u_chain/u_ddc/phase_reg[22]_rep__1_n_0
    SLICE_X35Y57         LUT6 (Prop_lut6_I1_O)        0.124     2.401 r  u_chain/u_ddc/cos_interp_num0_i_69/O
                         net (fo=17, routed)          0.589     2.990    u_chain/u_ddc/cos_interp_num0_i_69_n_0
    SLICE_X33Y57         LUT2 (Prop_lut2_I0_O)        0.124     3.114 r  u_chain/u_ddc/cos_interp_num0_i_74/O
                         net (fo=298, routed)         1.421     4.535    u_chain/u_ddc/cos_interp_num0_i_74_n_0
    SLICE_X31Y53         LUT6 (Prop_lut6_I0_O)        0.124     4.659 r  u_chain/u_ddc/p_0_out_inferred__0/cos_interp_num0_i_462/O
                         net (fo=1, routed)           0.000     4.659    u_chain/u_ddc/p_0_out_inferred__0/cos_interp_num0_i_462_n_0
    SLICE_X31Y53         MUXF7 (Prop_muxf7_I1_O)      0.245     4.904 r  u_chain/u_ddc/p_0_out_inferred__0/cos_interp_num0_i_308/O
                         net (fo=1, routed)           0.000     4.904    u_chain/u_ddc/p_0_out_inferred__0/cos_interp_num0_i_308_n_0
    SLICE_X31Y53         MUXF8 (Prop_muxf8_I0_O)      0.104     5.008 r  u_chain/u_ddc/p_0_out_inferred__0/cos_interp_num0_i_166/O
                         net (fo=1, routed)           1.617     6.625    u_chain/u_ddc/p_0_out_inferred__0/cos_interp_num0_i_166_n_0
    SLICE_X12Y45         LUT6 (Prop_lut6_I1_O)        0.316     6.941 r  u_chain/u_ddc/p_0_out_inferred__0/cos_interp_num0_i_61/O
                         net (fo=1, routed)           0.000     6.941    u_chain/u_ddc/p_0_out_inferred__0/cos_interp_num0_i_61_n_0
    SLICE_X12Y45         MUXF7 (Prop_muxf7_I0_O)      0.241     7.182 r  u_chain/u_ddc/p_0_out_inferred__0/cos_interp_num0_i_20/O
                         net (fo=1, routed)           0.416     7.598    u_chain/u_ddc/p_0_out_inferred__0/cos_interp_num0_i_20_n_0
    DSP48_X0Y18          DSP48E1 (Prop_dsp48e1_A[3]_P[23])
                                                      4.015    11.613 r  u_chain/u_ddc/cos_interp_num0/P[23]
                         net (fo=25, routed)          0.973    12.586    u_chain/u_ddc/cos_interp_num0_n_82
    DSP48_X0Y16          DSP48E1 (Prop_dsp48e1_C[26]_P[8])
                                                      1.820    14.406 r  u_chain/u_ddc/cos_interp_num/P[8]
                         net (fo=3, routed)           1.087    15.493    u_chain/u_ddc/cos_q[0]
    SLICE_X14Y40         CARRY4 (Prop_carry4_S[0]_CO[3])
                                                      0.656    16.149 r  u_chain/u_ddc/p_qs_i_23/CO[3]
                         net (fo=1, routed)           0.000    16.149    u_chain/u_ddc/p_qs_i_23_n_0
    SLICE_X14Y41         CARRY4 (Prop_carry4_CI_CO[3])
                                                      0.114    16.263 r  u_chain/u_ddc/p_qs_i_21/CO[3]
                         net (fo=1, routed)           0.000    16.263    u_chain/u_ddc/p_qs_i_21_n_0
    SLICE_X14Y42         CARRY4 (Prop_carry4_CI_CO[3])
                                                      0.114    16.377 r  u_chain/u_ddc/p_qs_i_19/CO[3]
                         net (fo=1, routed)           0.000    16.377    u_chain/u_ddc/p_qs_i_19_n_0
    SLICE_X14Y43         CARRY4 (Prop_carry4_CI_O[2])
                                                      0.239    16.616 r  u_chain/u_ddc/p_qs_i_17/O[2]
                         net (fo=2, routed)           0.611    17.227    u_chain/u_ddc/cos_nco0[14]
    SLICE_X25Y43         LUT6 (Prop_lut6_I5_O)        0.302    17.529 r  u_chain/u_ddc/p_ii_i_2/O
                         net (fo=2, routed)           0.891    18.420    u_chain/u_ddc/B_0[14]
    DSP48_X0Y17          DSP48E1 (Prop_dsp48e1_B[14]_P[1])
                                                      3.656    22.076 r  u_chain/u_ddc/p_ii/P[1]
                         net (fo=2, routed)           1.067    23.143    u_chain/u_ddc/p_ii__0[1]
    SLICE_X19Y40         LUT2 (Prop_lut2_I0_O)        0.124    23.267 r  u_chain/u_ddc/out_i[1]_i_21/O
                         net (fo=1, routed)           0.000    23.267    u_chain/u_ddc/out_i[1]_i_21_n_0
    SLICE_X19Y40         CARRY4 (Prop_carry4_S[1]_CO[3])
                                                      0.550    23.817 r  u_chain/u_ddc/out_i_reg[1]_i_14/CO[3]
                         net (fo=1, routed)           0.000    23.817    u_chain/u_ddc/out_i_reg[1]_i_14_n_0
    SLICE_X19Y41         CARRY4 (Prop_carry4_CI_CO[3])
                                                      0.114    23.931 r  u_chain/u_ddc/out_i_reg[1]_i_9/CO[3]
                         net (fo=1, routed)           0.000    23.931    u_chain/u_ddc/out_i_reg[1]_i_9_n_0
    SLICE_X19Y42         CARRY4 (Prop_carry4_CI_CO[3])
                                                      0.114    24.045 r  u_chain/u_ddc/out_i_reg[1]_i_3/CO[3]
                         net (fo=1, routed)           0.000    24.045    u_chain/u_ddc/out_i_reg[1]_i_3_n_0
    SLICE_X19Y43         CARRY4 (Prop_carry4_CI_CO[3])
                                                      0.114    24.159 r  u_chain/u_ddc/out_i_reg[1]_i_2/CO[3]
                         net (fo=1, routed)           0.000    24.159    u_chain/u_ddc/out_i_reg[1]_i_2_n_0
    SLICE_X19Y44         CARRY4 (Prop_carry4_CI_CO[3])
                                                      0.114    24.273 r  u_chain/u_ddc/out_i_reg[5]_i_2/CO[3]
                         net (fo=1, routed)           0.000    24.273    u_chain/u_ddc/out_i_reg[5]_i_2_n_0
    SLICE_X19Y45         CARRY4 (Prop_carry4_CI_CO[3])
                                                      0.114    24.387 r  u_chain/u_ddc/out_i_reg[9]_i_2/CO[3]
                         net (fo=1, routed)           0.000    24.387    u_chain/u_ddc/out_i_reg[9]_i_2_n_0
    SLICE_X19Y46         CARRY4 (Prop_carry4_CI_CO[3])
                                                      0.114    24.501 r  u_chain/u_ddc/out_i_reg[13]_i_2/CO[3]
                         net (fo=1, routed)           0.000    24.501    u_chain/u_ddc/out_i_reg[13]_i_2_n_0
    SLICE_X19Y47         CARRY4 (Prop_carry4_CI_O[0])
                                                      0.222    24.723 r  u_chain/u_ddc/out_i_reg[15]_i_2/O[0]
                         net (fo=3, routed)           0.794    25.517    u_chain/u_ddc/out_i_reg[15]_i_2_n_7
    SLICE_X18Y46         LUT2 (Prop_lut2_I0_O)        0.299    25.816 r  u_chain/u_ddc/out_i[15]_i_40/O
                         net (fo=1, routed)           0.000    25.816    u_chain/u_ddc/out_i[15]_i_40_n_0
    SLICE_X18Y46         CARRY4 (Prop_carry4_S[0]_CO[3])
                                                      0.532    26.348 r  u_chain/u_ddc/out_i_reg[15]_i_25/CO[3]
                         net (fo=1, routed)           0.000    26.348    u_chain/u_ddc/out_i_reg[15]_i_25_n_0
    SLICE_X18Y47         CARRY4 (Prop_carry4_CI_CO[3])
                                                      0.114    26.462 r  u_chain/u_ddc/out_i_reg[15]_i_16/CO[3]
                         net (fo=1, routed)           0.000    26.462    u_chain/u_ddc/out_i_reg[15]_i_16_n_0
    SLICE_X18Y48         CARRY4 (Prop_carry4_CI_CO[1])
                                                      0.157    26.619 r  u_chain/u_ddc/out_i_reg[15]_i_4/CO[1]
                         net (fo=16, routed)          0.715    27.334    u_chain/u_ddc/sat1610_in
    SLICE_X21Y48         LUT3 (Prop_lut3_I0_O)        0.329    27.663 r  u_chain/u_ddc/out_i[1]_i_1/O
                         net (fo=1, routed)           0.000    27.663    u_chain/u_ddc/sat16_return[1]
    SLICE_X21Y48         FDCE                                         r  u_chain/u_ddc/out_i_reg[1]/D
  -------------------------------------------------------------------    -------------------

                         (clock pl_clk rise edge)    10.000    10.000 r  
                                                      0.000    10.000 r  pl_clk (IN)
                         net (fo=2592, unset)         0.924    10.924    u_chain/u_ddc/pl_clk
    SLICE_X21Y48         FDCE                                         r  u_chain/u_ddc/out_i_reg[1]/C
                         clock pessimism              0.000    10.924    
                         clock uncertainty           -0.035    10.889    
    SLICE_X21Y48         FDCE (Setup_fdce_C_D)        0.031    10.920    u_chain/u_ddc/out_i_reg[1]
  -------------------------------------------------------------------
                         required time                         10.920    
                         arrival time                         -27.663    
  -------------------------------------------------------------------
                         slack                                -16.743    

Slack (VIOLATED) :        -16.741ns  (required time - arrival time)
  Source:                 u_chain/u_ddc/phase_reg[22]_rep__1/C
                            (rising edge-triggered cell FDCE clocked by pl_clk  {rise@0.000ns fall@5.000ns period=10.000ns})
  Destination:            u_chain/u_ddc/out_i_reg[4]/D
                            (rising edge-triggered cell FDCE clocked by pl_clk  {rise@0.000ns fall@5.000ns period=10.000ns})
  Path Group:             pl_clk
  Path Type:              Setup (Max at Slow Process Corner)
  Requirement:            10.000ns  (pl_clk rise@10.000ns - pl_clk rise@0.000ns)
  Data Path Delay:        26.689ns  (logic 15.661ns (58.679%)  route 11.028ns (41.321%))
  Logic Levels:           29  (CARRY4=15 DSP48E1=3 LUT2=3 LUT3=1 LUT6=4 MUXF7=2 MUXF8=1)
  Clock Path Skew:        -0.049ns (DCD - SCD + CPR)
    Destination Clock Delay (DCD):    0.924ns = ( 10.924 - 10.000 ) 
    Source Clock Delay      (SCD):    0.973ns
    Clock Pessimism Removal (CPR):    0.000ns
  Clock Uncertainty:      0.035ns  ((TSJ^2 + TIJ^2)^1/2 + DJ) / 2 + PE
    Total System Jitter     (TSJ):    0.071ns
    Total Input Jitter      (TIJ):    0.000ns
    Discrete Jitter          (DJ):    0.000ns
    Phase Error              (PE):    0.000ns

    Location             Delay type                Incr(ns)  Path(ns)    Netlist Resource(s)
  -------------------------------------------------------------------    -------------------
                         (clock pl_clk rise edge)     0.000     0.000 r  
                                                      0.000     0.000 r  pl_clk (IN)
                         net (fo=2592, unset)         0.973     0.973    u_chain/u_ddc/pl_clk
    SLICE_X35Y58         FDCE                                         r  u_chain/u_ddc/phase_reg[22]_rep__1/C
  -------------------------------------------------------------------    -------------------
    SLICE_X35Y58         FDCE (Prop_fdce_C_Q)         0.456     1.429 f  u_chain/u_ddc/phase_reg[22]_rep__1/Q
                         net (fo=119, routed)         0.848     2.277    u_chain/u_ddc/phase_reg[22]_rep__1_n_0
    SLICE_X35Y57         LUT6 (Prop_lut6_I1_O)        0.124     2.401 r  u_chain/u_ddc/cos_interp_num0_i_69/O
                         net (fo=17, routed)          0.589     2.990    u_chain/u_ddc/cos_interp_num0_i_69_n_0
    SLICE_X33Y57         LUT2 (Prop_lut2_I0_O)        0.124     3.114 r  u_chain/u_ddc/cos_interp_num0_i_74/O
                         net (fo=298, routed)         1.421     4.535    u_chain/u_ddc/cos_interp_num0_i_74_n_0
    SLICE_X31Y53         LUT6 (Prop_lut6_I0_O)        0.124     4.659 r  u_chain/u_ddc/p_0_out_inferred__0/cos_interp_num0_i_462/O
                         net (fo=1, routed)           0.000     4.659    u_chain/u_ddc/p_0_out_inferred__0/cos_interp_num0_i_462_n_0
    SLICE_X31Y53         MUXF7 (Prop_muxf7_I1_O)      0.245     4.904 r  u_chain/u_ddc/p_0_out_inferred__0/cos_interp_num0_i_308/O
                         net (fo=1, routed)           0.000     4.904    u_chain/u_ddc/p_0_out_inferred__0/cos_interp_num0_i_308_n_0
    SLICE_X31Y53         MUXF8 (Prop_muxf8_I0_O)      0.104     5.008 r  u_chain/u_ddc/p_0_out_inferred__0/cos_interp_num0_i_166/O
                         net (fo=1, routed)           1.617     6.625    u_chain/u_ddc/p_0_out_inferred__0/cos_interp_num0_i_166_n_0
    SLICE_X12Y45         LUT6 (Prop_lut6_I1_O)        0.316     6.941 r  u_chain/u_ddc/p_0_out_inferred__0/cos_interp_num0_i_61/O
                         net (fo=1, routed)           0.000     6.941    u_chain/u_ddc/p_0_out_inferred__0/cos_interp_num0_i_61_n_0
    SLICE_X12Y45         MUXF7 (Prop_muxf7_I0_O)      0.241     7.182 r  u_chain/u_ddc/p_0_out_inferred__0/cos_interp_num0_i_20/O
                         net (fo=1, routed)           0.416     7.598    u_chain/u_ddc/p_0_out_inferred__0/cos_interp_num0_i_20_n_0
    DSP48_X0Y18          DSP48E1 (Prop_dsp48e1_A[3]_P[23])
                                                      4.015    11.613 r  u_chain/u_ddc/cos_interp_num0/P[23]
                         net (fo=25, routed)          0.973    12.586    u_chain/u_ddc/cos_interp_num0_n_82
    DSP48_X0Y16          DSP48E1 (Prop_dsp48e1_C[26]_P[8])
                                                      1.820    14.406 r  u_chain/u_ddc/cos_interp_num/P[8]
                         net (fo=3, routed)           1.087    15.493    u_chain/u_ddc/cos_q[0]
    SLICE_X14Y40         CARRY4 (Prop_carry4_S[0]_CO[3])
                                                      0.656    16.149 r  u_chain/u_ddc/p_qs_i_23/CO[3]
                         net (fo=1, routed)           0.000    16.149    u_chain/u_ddc/p_qs_i_23_n_0
    SLICE_X14Y41         CARRY4 (Prop_carry4_CI_CO[3])
                                                      0.114    16.263 r  u_chain/u_ddc/p_qs_i_21/CO[3]
                         net (fo=1, routed)           0.000    16.263    u_chain/u_ddc/p_qs_i_21_n_0
    SLICE_X14Y42         CARRY4 (Prop_carry4_CI_CO[3])
                                                      0.114    16.377 r  u_chain/u_ddc/p_qs_i_19/CO[3]
                         net (fo=1, routed)           0.000    16.377    u_chain/u_ddc/p_qs_i_19_n_0
    SLICE_X14Y43         CARRY4 (Prop_carry4_CI_O[2])
                                                      0.239    16.616 r  u_chain/u_ddc/p_qs_i_17/O[2]
                         net (fo=2, routed)           0.611    17.227    u_chain/u_ddc/cos_nco0[14]
    SLICE_X25Y43         LUT6 (Prop_lut6_I5_O)        0.302    17.529 r  u_chain/u_ddc/p_ii_i_2/O
                         net (fo=2, routed)           0.891    18.420    u_chain/u_ddc/B_0[14]
    DSP48_X0Y17          DSP48E1 (Prop_dsp48e1_B[14]_P[1])
                                                      3.656    22.076 r  u_chain/u_ddc/p_ii/P[1]
                         net (fo=2, routed)           1.067    23.143    u_chain/u_ddc/p_ii__0[1]
    SLICE_X19Y40         LUT2 (Prop_lut2_I0_O)        0.124    23.267 r  u_chain/u_ddc/out_i[1]_i_21/O
                         net (fo=1, routed)           0.000    23.267    u_chain/u_ddc/out_i[1]_i_21_n_0
    SLICE_X19Y40         CARRY4 (Prop_carry4_S[1]_CO[3])
                                                      0.550    23.817 r  u_chain/u_ddc/out_i_reg[1]_i_14/CO[3]
                         net (fo=1, routed)           0.000    23.817    u_chain/u_ddc/out_i_reg[1]_i_14_n_0
    SLICE_X19Y41         CARRY4 (Prop_carry4_CI_CO[3])
                                                      0.114    23.931 r  u_chain/u_ddc/out_i_reg[1]_i_9/CO[3]
                         net (fo=1, routed)           0.000    23.931    u_chain/u_ddc/out_i_reg[1]_i_9_n_0
    SLICE_X19Y42         CARRY4 (Prop_carry4_CI_CO[3])
                                                      0.114    24.045 r  u_chain/u_ddc/out_i_reg[1]_i_3/CO[3]
                         net (fo=1, routed)           0.000    24.045    u_chain/u_ddc/out_i_reg[1]_i_3_n_0
    SLICE_X19Y43         CARRY4 (Prop_carry4_CI_CO[3])
                                                      0.114    24.159 r  u_chain/u_ddc/out_i_reg[1]_i_2/CO[3]
                         net (fo=1, routed)           0.000    24.159    u_chain/u_ddc/out_i_reg[1]_i_2_n_0
    SLICE_X19Y44         CARRY4 (Prop_carry4_CI_CO[3])
                                                      0.114    24.273 r  u_chain/u_ddc/out_i_reg[5]_i_2/CO[3]
                         net (fo=1, routed)           0.000    24.273    u_chain/u_ddc/out_i_reg[5]_i_2_n_0
    SLICE_X19Y45         CARRY4 (Prop_carry4_CI_CO[3])
                                                      0.114    24.387 r  u_chain/u_ddc/out_i_reg[9]_i_2/CO[3]
                         net (fo=1, routed)           0.000    24.387    u_chain/u_ddc/out_i_reg[9]_i_2_n_0
    SLICE_X19Y46         CARRY4 (Prop_carry4_CI_CO[3])
                                                      0.114    24.501 r  u_chain/u_ddc/out_i_reg[13]_i_2/CO[3]
                         net (fo=1, routed)           0.000    24.501    u_chain/u_ddc/out_i_reg[13]_i_2_n_0
    SLICE_X19Y47         CARRY4 (Prop_carry4_CI_O[0])
                                                      0.222    24.723 r  u_chain/u_ddc/out_i_reg[15]_i_2/O[0]
                         net (fo=3, routed)           0.794    25.517    u_chain/u_ddc/out_i_reg[15]_i_2_n_7
    SLICE_X18Y46         LUT2 (Prop_lut2_I0_O)        0.299    25.816 r  u_chain/u_ddc/out_i[15]_i_40/O
                         net (fo=1, routed)           0.000    25.816    u_chain/u_ddc/out_i[15]_i_40_n_0
    SLICE_X18Y46         CARRY4 (Prop_carry4_S[0]_CO[3])
                                                      0.532    26.348 r  u_chain/u_ddc/out_i_reg[15]_i_25/CO[3]
                         net (fo=1, routed)           0.000    26.348    u_chain/u_ddc/out_i_reg[15]_i_25_n_0
    SLICE_X18Y47         CARRY4 (Prop_carry4_CI_CO[3])
                                                      0.114    26.462 r  u_chain/u_ddc/out_i_reg[15]_i_16/CO[3]
                         net (fo=1, routed)           0.000    26.462    u_chain/u_ddc/out_i_reg[15]_i_16_n_0
    SLICE_X18Y48         CARRY4 (Prop_carry4_CI_CO[1])
                                                      0.157    26.619 r  u_chain/u_ddc/out_i_reg[15]_i_4/CO[1]
                         net (fo=16, routed)          0.714    27.333    u_chain/u_ddc/sat1610_in
    SLICE_X21Y48         LUT3 (Prop_lut3_I0_O)        0.329    27.662 r  u_chain/u_ddc/out_i[4]_i_1/O
                         net (fo=1, routed)           0.000    27.662    u_chain/u_ddc/sat16_return[4]
    SLICE_X21Y48         FDCE                                         r  u_chain/u_ddc/out_i_reg[4]/D
  -------------------------------------------------------------------    -------------------

                         (clock pl_clk rise edge)    10.000    10.000 r  
                                                      0.000    10.000 r  pl_clk (IN)
                         net (fo=2592, unset)         0.924    10.924    u_chain/u_ddc/pl_clk
    SLICE_X21Y48         FDCE                                         r  u_chain/u_ddc/out_i_reg[4]/C
                         clock pessimism              0.000    10.924    
                         clock uncertainty           -0.035    10.889    
    SLICE_X21Y48         FDCE (Setup_fdce_C_D)        0.032    10.921    u_chain/u_ddc/out_i_reg[4]
  -------------------------------------------------------------------
                         required time                         10.921    
                         arrival time                         -27.662    
  -------------------------------------------------------------------
                         slack                                -16.741    

Slack (VIOLATED) :        -16.728ns  (required time - arrival time)
  Source:                 u_chain/u_ddc/phase_reg[22]_rep__1/C
                            (rising edge-triggered cell FDCE clocked by pl_clk  {rise@0.000ns fall@5.000ns period=10.000ns})
  Destination:            u_chain/u_ddc/out_i_reg[14]/D
                            (rising edge-triggered cell FDCE clocked by pl_clk  {rise@0.000ns fall@5.000ns period=10.000ns})
  Path Group:             pl_clk
  Path Type:              Setup (Max at Slow Process Corner)
  Requirement:            10.000ns  (pl_clk rise@10.000ns - pl_clk rise@0.000ns)
  Data Path Delay:        26.725ns  (logic 15.764ns (58.987%)  route 10.961ns (41.013%))
  Logic Levels:           29  (CARRY4=15 DSP48E1=3 LUT2=3 LUT3=1 LUT6=4 MUXF7=2 MUXF8=1)
  Clock Path Skew:        -0.049ns (DCD - SCD + CPR)
    Destination Clock Delay (DCD):    0.924ns = ( 10.924 - 10.000 ) 
    Source Clock Delay      (SCD):    0.973ns
    Clock Pessimism Removal (CPR):    0.000ns
  Clock Uncertainty:      0.035ns  ((TSJ^2 + TIJ^2)^1/2 + DJ) / 2 + PE
    Total System Jitter     (TSJ):    0.071ns
    Total Input Jitter      (TIJ):    0.000ns
    Discrete Jitter          (DJ):    0.000ns
    Phase Error              (PE):    0.000ns

    Location             Delay type                Incr(ns)  Path(ns)    Netlist Resource(s)
  -------------------------------------------------------------------    -------------------
                         (clock pl_clk rise edge)     0.000     0.000 r  
                                                      0.000     0.000 r  pl_clk (IN)
                         net (fo=2592, unset)         0.973     0.973    u_chain/u_ddc/pl_clk
    SLICE_X35Y58         FDCE                                         r  u_chain/u_ddc/phase_reg[22]_rep__1/C
  -------------------------------------------------------------------    -------------------
    SLICE_X35Y58         FDCE (Prop_fdce_C_Q)         0.456     1.429 f  u_chain/u_ddc/phase_reg[22]_rep__1/Q
                         net (fo=119, routed)         0.848     2.277    u_chain/u_ddc/phase_reg[22]_rep__1_n_0
    SLICE_X35Y57         LUT6 (Prop_lut6_I1_O)        0.124     2.401 r  u_chain/u_ddc/cos_interp_num0_i_69/O
                         net (fo=17, routed)          0.589     2.990    u_chain/u_ddc/cos_interp_num0_i_69_n_0
    SLICE_X33Y57         LUT2 (Prop_lut2_I0_O)        0.124     3.114 r  u_chain/u_ddc/cos_interp_num0_i_74/O
                         net (fo=298, routed)         1.421     4.535    u_chain/u_ddc/cos_interp_num0_i_74_n_0
    SLICE_X31Y53         LUT6 (Prop_lut6_I0_O)        0.124     4.659 r  u_chain/u_ddc/p_0_out_inferred__0/cos_interp_num0_i_462/O
                         net (fo=1, routed)           0.000     4.659    u_chain/u_ddc/p_0_out_inferred__0/cos_interp_num0_i_462_n_0
    SLICE_X31Y53         MUXF7 (Prop_muxf7_I1_O)      0.245     4.904 r  u_chain/u_ddc/p_0_out_inferred__0/cos_interp_num0_i_308/O
                         net (fo=1, routed)           0.000     4.904    u_chain/u_ddc/p_0_out_inferred__0/cos_interp_num0_i_308_n_0
    SLICE_X31Y53         MUXF8 (Prop_muxf8_I0_O)      0.104     5.008 r  u_chain/u_ddc/p_0_out_inferred__0/cos_interp_num0_i_166/O
                         net (fo=1, routed)           1.617     6.625    u_chain/u_ddc/p_0_out_inferred__0/cos_interp_num0_i_166_n_0
    SLICE_X12Y45         LUT6 (Prop_lut6_I1_O)        0.316     6.941 r  u_chain/u_ddc/p_0_out_inferred__0/cos_interp_num0_i_61/O
                         net (fo=1, routed)           0.000     6.941    u_chain/u_ddc/p_0_out_inferred__0/cos_interp_num0_i_61_n_0
    SLICE_X12Y45         MUXF7 (Prop_muxf7_I0_O)      0.241     7.182 r  u_chain/u_ddc/p_0_out_inferred__0/cos_interp_num0_i_20/O
                         net (fo=1, routed)           0.416     7.598    u_chain/u_ddc/p_0_out_inferred__0/cos_interp_num0_i_20_n_0
    DSP48_X0Y18          DSP48E1 (Prop_dsp48e1_A[3]_P[23])
                                                      4.015    11.613 r  u_chain/u_ddc/cos_interp_num0/P[23]
                         net (fo=25, routed)          0.973    12.586    u_chain/u_ddc/cos_interp_num0_n_82
    DSP48_X0Y16          DSP48E1 (Prop_dsp48e1_C[26]_P[8])
                                                      1.820    14.406 r  u_chain/u_ddc/cos_interp_num/P[8]
                         net (fo=3, routed)           1.087    15.493    u_chain/u_ddc/cos_q[0]
    SLICE_X14Y40         CARRY4 (Prop_carry4_S[0]_CO[3])
                                                      0.656    16.149 r  u_chain/u_ddc/p_qs_i_23/CO[3]
                         net (fo=1, routed)           0.000    16.149    u_chain/u_ddc/p_qs_i_23_n_0
    SLICE_X14Y41         CARRY4 (Prop_carry4_CI_CO[3])
                                                      0.114    16.263 r  u_chain/u_ddc/p_qs_i_21/CO[3]
                         net (fo=1, routed)           0.000    16.263    u_chain/u_ddc/p_qs_i_21_n_0
    SLICE_X14Y42         CARRY4 (Prop_carry4_CI_CO[3])
                                                      0.114    16.377 r  u_chain/u_ddc/p_qs_i_19/CO[3]
                         net (fo=1, routed)           0.000    16.377    u_chain/u_ddc/p_qs_i_19_n_0
    SLICE_X14Y43         CARRY4 (Prop_carry4_CI_O[2])
                                                      0.239    16.616 r  u_chain/u_ddc/p_qs_i_17/O[2]
                         net (fo=2, routed)           0.611    17.227    u_chain/u_ddc/cos_nco0[14]
    SLICE_X25Y43         LUT6 (Prop_lut6_I5_O)        0.302    17.529 r  u_chain/u_ddc/p_ii_i_2/O
                         net (fo=2, routed)           0.891    18.420    u_chain/u_ddc/B_0[14]
    DSP48_X0Y17          DSP48E1 (Prop_dsp48e1_B[14]_P[1])
                                                      3.656    22.076 r  u_chain/u_ddc/p_ii/P[1]
                         net (fo=2, routed)           1.067    23.143    u_chain/u_ddc/p_ii__0[1]
    SLICE_X19Y40         LUT2 (Prop_lut2_I0_O)        0.124    23.267 r  u_chain/u_ddc/out_i[1]_i_21/O
                         net (fo=1, routed)           0.000    23.267    u_chain/u_ddc/out_i[1]_i_21_n_0
    SLICE_X19Y40         CARRY4 (Prop_carry4_S[1]_CO[3])
                                                      0.550    23.817 r  u_chain/u_ddc/out_i_reg[1]_i_14/CO[3]
                         net (fo=1, routed)           0.000    23.817    u_chain/u_ddc/out_i_reg[1]_i_14_n_0
    SLICE_X19Y41         CARRY4 (Prop_carry4_CI_CO[3])
                                                      0.114    23.931 r  u_chain/u_ddc/out_i_reg[1]_i_9/CO[3]
                         net (fo=1, routed)           0.000    23.931    u_chain/u_ddc/out_i_reg[1]_i_9_n_0
    SLICE_X19Y42         CARRY4 (Prop_carry4_CI_CO[3])
                                                      0.114    24.045 r  u_chain/u_ddc/out_i_reg[1]_i_3/CO[3]
                         net (fo=1, routed)           0.000    24.045    u_chain/u_ddc/out_i_reg[1]_i_3_n_0
    SLICE_X19Y43         CARRY4 (Prop_carry4_CI_CO[3])
                                                      0.114    24.159 r  u_chain/u_ddc/out_i_reg[1]_i_2/CO[3]
                         net (fo=1, routed)           0.000    24.159    u_chain/u_ddc/out_i_reg[1]_i_2_n_0
    SLICE_X19Y44         CARRY4 (Prop_carry4_CI_CO[3])
                                                      0.114    24.273 r  u_chain/u_ddc/out_i_reg[5]_i_2/CO[3]
                         net (fo=1, routed)           0.000    24.273    u_chain/u_ddc/out_i_reg[5]_i_2_n_0
    SLICE_X19Y45         CARRY4 (Prop_carry4_CI_CO[3])
                                                      0.114    24.387 r  u_chain/u_ddc/out_i_reg[9]_i_2/CO[3]
                         net (fo=1, routed)           0.000    24.387    u_chain/u_ddc/out_i_reg[9]_i_2_n_0
    SLICE_X19Y46         CARRY4 (Prop_carry4_CI_CO[3])
                                                      0.114    24.501 r  u_chain/u_ddc/out_i_reg[13]_i_2/CO[3]
                         net (fo=1, routed)           0.000    24.501    u_chain/u_ddc/out_i_reg[13]_i_2_n_0
    SLICE_X19Y47         CARRY4 (Prop_carry4_CI_O[1])
                                                      0.334    24.835 r  u_chain/u_ddc/out_i_reg[15]_i_2/O[1]
                         net (fo=5, routed)           0.725    25.560    u_chain/u_ddc/out_i_reg[15]_i_2_n_6
    SLICE_X20Y46         LUT2 (Prop_lut2_I0_O)        0.303    25.863 r  u_chain/u_ddc/out_i[15]_i_35__0/O
                         net (fo=1, routed)           0.000    25.863    u_chain/u_ddc/out_i[15]_i_35__0_n_0
    SLICE_X20Y46         CARRY4 (Prop_carry4_S[0]_CO[3])
                                                      0.513    26.376 r  u_chain/u_ddc/out_i_reg[15]_i_19/CO[3]
                         net (fo=1, routed)           0.000    26.376    u_chain/u_ddc/out_i_reg[15]_i_19_n_0
    SLICE_X20Y47         CARRY4 (Prop_carry4_CI_CO[3])
                                                      0.117    26.493 r  u_chain/u_ddc/out_i_reg[15]_i_13/CO[3]
                         net (fo=1, routed)           0.000    26.493    u_chain/u_ddc/out_i_reg[15]_i_13_n_0
    SLICE_X20Y48         CARRY4 (Prop_carry4_CI_CO[1])
                                                      0.157    26.650 f  u_chain/u_ddc/out_i_reg[15]_i_3/CO[1]
                         net (fo=16, routed)          0.715    27.366    u_chain/u_ddc/sat161
    SLICE_X16Y48         LUT3 (Prop_lut3_I1_O)        0.332    27.698 r  u_chain/u_ddc/out_i[14]_i_1/O
                         net (fo=1, routed)           0.000    27.698    u_chain/u_ddc/sat16_return[14]
    SLICE_X16Y48         FDCE                                         r  u_chain/u_ddc/out_i_reg[14]/D
  -------------------------------------------------------------------    -------------------

                         (clock pl_clk rise edge)    10.000    10.000 r  
                                                      0.000    10.000 r  pl_clk (IN)
                         net (fo=2592, unset)         0.924    10.924    u_chain/u_ddc/pl_clk
    SLICE_X16Y48         FDCE                                         r  u_chain/u_ddc/out_i_reg[14]/C
                         clock pessimism              0.000    10.924    
                         clock uncertainty           -0.035    10.889    
    SLICE_X16Y48         FDCE (Setup_fdce_C_D)        0.081    10.970    u_chain/u_ddc/out_i_reg[14]
  -------------------------------------------------------------------
                         required time                         10.970    
                         arrival time                         -27.698    
  -------------------------------------------------------------------
                         slack                                -16.728    

Slack (VIOLATED) :        -16.724ns  (required time - arrival time)
  Source:                 u_chain/u_ddc/phase_reg[22]_rep__1/C
                            (rising edge-triggered cell FDCE clocked by pl_clk  {rise@0.000ns fall@5.000ns period=10.000ns})
  Destination:            u_chain/u_ddc/out_i_reg[8]/D
                            (rising edge-triggered cell FDCE clocked by pl_clk  {rise@0.000ns fall@5.000ns period=10.000ns})
  Path Group:             pl_clk
  Path Type:              Setup (Max at Slow Process Corner)
  Requirement:            10.000ns  (pl_clk rise@10.000ns - pl_clk rise@0.000ns)
  Data Path Delay:        26.671ns  (logic 15.661ns (58.719%)  route 11.010ns (41.281%))
  Logic Levels:           29  (CARRY4=15 DSP48E1=3 LUT2=3 LUT3=1 LUT6=4 MUXF7=2 MUXF8=1)
  Clock Path Skew:        -0.049ns (DCD - SCD + CPR)
    Destination Clock Delay (DCD):    0.924ns = ( 10.924 - 10.000 ) 
    Source Clock Delay      (SCD):    0.973ns
    Clock Pessimism Removal (CPR):    0.000ns
  Clock Uncertainty:      0.035ns  ((TSJ^2 + TIJ^2)^1/2 + DJ) / 2 + PE
    Total System Jitter     (TSJ):    0.071ns
    Total Input Jitter      (TIJ):    0.000ns
    Discrete Jitter          (DJ):    0.000ns
    Phase Error              (PE):    0.000ns

    Location             Delay type                Incr(ns)  Path(ns)    Netlist Resource(s)
  -------------------------------------------------------------------    -------------------
                         (clock pl_clk rise edge)     0.000     0.000 r  
                                                      0.000     0.000 r  pl_clk (IN)
                         net (fo=2592, unset)         0.973     0.973    u_chain/u_ddc/pl_clk
    SLICE_X35Y58         FDCE                                         r  u_chain/u_ddc/phase_reg[22]_rep__1/C
  -------------------------------------------------------------------    -------------------
    SLICE_X35Y58         FDCE (Prop_fdce_C_Q)         0.456     1.429 f  u_chain/u_ddc/phase_reg[22]_rep__1/Q
                         net (fo=119, routed)         0.848     2.277    u_chain/u_ddc/phase_reg[22]_rep__1_n_0
    SLICE_X35Y57         LUT6 (Prop_lut6_I1_O)        0.124     2.401 r  u_chain/u_ddc/cos_interp_num0_i_69/O
                         net (fo=17, routed)          0.589     2.990    u_chain/u_ddc/cos_interp_num0_i_69_n_0
    SLICE_X33Y57         LUT2 (Prop_lut2_I0_O)        0.124     3.114 r  u_chain/u_ddc/cos_interp_num0_i_74/O
                         net (fo=298, routed)         1.421     4.535    u_chain/u_ddc/cos_interp_num0_i_74_n_0
    SLICE_X31Y53         LUT6 (Prop_lut6_I0_O)        0.124     4.659 r  u_chain/u_ddc/p_0_out_inferred__0/cos_interp_num0_i_462/O
                         net (fo=1, routed)           0.000     4.659    u_chain/u_ddc/p_0_out_inferred__0/cos_interp_num0_i_462_n_0
    SLICE_X31Y53         MUXF7 (Prop_muxf7_I1_O)      0.245     4.904 r  u_chain/u_ddc/p_0_out_inferred__0/cos_interp_num0_i_308/O
                         net (fo=1, routed)           0.000     4.904    u_chain/u_ddc/p_0_out_inferred__0/cos_interp_num0_i_308_n_0
    SLICE_X31Y53         MUXF8 (Prop_muxf8_I0_O)      0.104     5.008 r  u_chain/u_ddc/p_0_out_inferred__0/cos_interp_num0_i_166/O
                         net (fo=1, routed)           1.617     6.625    u_chain/u_ddc/p_0_out_inferred__0/cos_interp_num0_i_166_n_0
    SLICE_X12Y45         LUT6 (Prop_lut6_I1_O)        0.316     6.941 r  u_chain/u_ddc/p_0_out_inferred__0/cos_interp_num0_i_61/O
                         net (fo=1, routed)           0.000     6.941    u_chain/u_ddc/p_0_out_inferred__0/cos_interp_num0_i_61_n_0
    SLICE_X12Y45         MUXF7 (Prop_muxf7_I0_O)      0.241     7.182 r  u_chain/u_ddc/p_0_out_inferred__0/cos_interp_num0_i_20/O
                         net (fo=1, routed)           0.416     7.598    u_chain/u_ddc/p_0_out_inferred__0/cos_interp_num0_i_20_n_0
    DSP48_X0Y18          DSP48E1 (Prop_dsp48e1_A[3]_P[23])
                                                      4.015    11.613 r  u_chain/u_ddc/cos_interp_num0/P[23]
                         net (fo=25, routed)          0.973    12.586    u_chain/u_ddc/cos_interp_num0_n_82
    DSP48_X0Y16          DSP48E1 (Prop_dsp48e1_C[26]_P[8])
                                                      1.820    14.406 r  u_chain/u_ddc/cos_interp_num/P[8]
                         net (fo=3, routed)           1.087    15.493    u_chain/u_ddc/cos_q[0]
    SLICE_X14Y40         CARRY4 (Prop_carry4_S[0]_CO[3])
                                                      0.656    16.149 r  u_chain/u_ddc/p_qs_i_23/CO[3]
                         net (fo=1, routed)           0.000    16.149    u_chain/u_ddc/p_qs_i_23_n_0
    SLICE_X14Y41         CARRY4 (Prop_carry4_CI_CO[3])
                                                      0.114    16.263 r  u_chain/u_ddc/p_qs_i_21/CO[3]
                         net (fo=1, routed)           0.000    16.263    u_chain/u_ddc/p_qs_i_21_n_0
    SLICE_X14Y42         CARRY4 (Prop_carry4_CI_CO[3])
                                                      0.114    16.377 r  u_chain/u_ddc/p_qs_i_19/CO[3]
                         net (fo=1, routed)           0.000    16.377    u_chain/u_ddc/p_qs_i_19_n_0
    SLICE_X14Y43         CARRY4 (Prop_carry4_CI_O[2])
                                                      0.239    16.616 r  u_chain/u_ddc/p_qs_i_17/O[2]
                         net (fo=2, routed)           0.611    17.227    u_chain/u_ddc/cos_nco0[14]
    SLICE_X25Y43         LUT6 (Prop_lut6_I5_O)        0.302    17.529 r  u_chain/u_ddc/p_ii_i_2/O
                         net (fo=2, routed)           0.891    18.420    u_chain/u_ddc/B_0[14]
    DSP48_X0Y17          DSP48E1 (Prop_dsp48e1_B[14]_P[1])
                                                      3.656    22.076 r  u_chain/u_ddc/p_ii/P[1]
                         net (fo=2, routed)           1.067    23.143    u_chain/u_ddc/p_ii__0[1]
    SLICE_X19Y40         LUT2 (Prop_lut2_I0_O)        0.124    23.267 r  u_chain/u_ddc/out_i[1]_i_21/O
                         net (fo=1, routed)           0.000    23.267    u_chain/u_ddc/out_i[1]_i_21_n_0
    SLICE_X19Y40         CARRY4 (Prop_carry4_S[1]_CO[3])
                                                      0.550    23.817 r  u_chain/u_ddc/out_i_reg[1]_i_14/CO[3]
                         net (fo=1, routed)           0.000    23.817    u_chain/u_ddc/out_i_reg[1]_i_14_n_0
    SLICE_X19Y41         CARRY4 (Prop_carry4_CI_CO[3])
                                                      0.114    23.931 r  u_chain/u_ddc/out_i_reg[1]_i_9/CO[3]
                         net (fo=1, routed)           0.000    23.931    u_chain/u_ddc/out_i_reg[1]_i_9_n_0
    SLICE_X19Y42         CARRY4 (Prop_carry4_CI_CO[3])
                                                      0.114    24.045 r  u_chain/u_ddc/out_i_reg[1]_i_3/CO[3]
                         net (fo=1, routed)           0.000    24.045    u_chain/u_ddc/out_i_reg[1]_i_3_n_0
    SLICE_X19Y43         CARRY4 (Prop_carry4_CI_CO[3])
                                                      0.114    24.159 r  u_chain/u_ddc/out_i_reg[1]_i_2/CO[3]
                         net (fo=1, routed)           0.000    24.159    u_chain/u_ddc/out_i_reg[1]_i_2_n_0
    SLICE_X19Y44         CARRY4 (Prop_carry4_CI_CO[3])
                                                      0.114    24.273 r  u_chain/u_ddc/out_i_reg[5]_i_2/CO[3]
                         net (fo=1, routed)           0.000    24.273    u_chain/u_ddc/out_i_reg[5]_i_2_n_0
    SLICE_X19Y45         CARRY4 (Prop_carry4_CI_CO[3])
                                                      0.114    24.387 r  u_chain/u_ddc/out_i_reg[9]_i_2/CO[3]
                         net (fo=1, routed)           0.000    24.387    u_chain/u_ddc/out_i_reg[9]_i_2_n_0
    SLICE_X19Y46         CARRY4 (Prop_carry4_CI_CO[3])
                                                      0.114    24.501 r  u_chain/u_ddc/out_i_reg[13]_i_2/CO[3]
                         net (fo=1, routed)           0.000    24.501    u_chain/u_ddc/out_i_reg[13]_i_2_n_0
    SLICE_X19Y47         CARRY4 (Prop_carry4_CI_O[0])
                                                      0.222    24.723 r  u_chain/u_ddc/out_i_reg[15]_i_2/O[0]
                         net (fo=3, routed)           0.794    25.517    u_chain/u_ddc/out_i_reg[15]_i_2_n_7
    SLICE_X18Y46         LUT2 (Prop_lut2_I0_O)        0.299    25.816 r  u_chain/u_ddc/out_i[15]_i_40/O
                         net (fo=1, routed)           0.000    25.816    u_chain/u_ddc/out_i[15]_i_40_n_0
    SLICE_X18Y46         CARRY4 (Prop_carry4_S[0]_CO[3])
                                                      0.532    26.348 r  u_chain/u_ddc/out_i_reg[15]_i_25/CO[3]
                         net (fo=1, routed)           0.000    26.348    u_chain/u_ddc/out_i_reg[15]_i_25_n_0
    SLICE_X18Y47         CARRY4 (Prop_carry4_CI_CO[3])
                                                      0.114    26.462 r  u_chain/u_ddc/out_i_reg[15]_i_16/CO[3]
                         net (fo=1, routed)           0.000    26.462    u_chain/u_ddc/out_i_reg[15]_i_16_n_0
    SLICE_X18Y48         CARRY4 (Prop_carry4_CI_CO[1])
                                                      0.157    26.619 r  u_chain/u_ddc/out_i_reg[15]_i_4/CO[1]
                         net (fo=16, routed)          0.696    27.315    u_chain/u_ddc/sat1610_in
    SLICE_X15Y48         LUT3 (Prop_lut3_I0_O)        0.329    27.644 r  u_chain/u_ddc/out_i[8]_i_1/O
                         net (fo=1, routed)           0.000    27.644    u_chain/u_ddc/sat16_return[8]
    SLICE_X15Y48         FDCE                                         r  u_chain/u_ddc/out_i_reg[8]/D
  -------------------------------------------------------------------    -------------------

                         (clock pl_clk rise edge)    10.000    10.000 r  
                                                      0.000    10.000 r  pl_clk (IN)
                         net (fo=2592, unset)         0.924    10.924    u_chain/u_ddc/pl_clk
    SLICE_X15Y48         FDCE                                         r  u_chain/u_ddc/out_i_reg[8]/C
                         clock pessimism              0.000    10.924    
                         clock uncertainty           -0.035    10.889    
    SLICE_X15Y48         FDCE (Setup_fdce_C_D)        0.031    10.920    u_chain/u_ddc/out_i_reg[8]
  -------------------------------------------------------------------
                         required time                         10.920    
                         arrival time                         -27.644    
  -------------------------------------------------------------------
                         slack                                -16.724    

Slack (VIOLATED) :        -16.721ns  (required time - arrival time)
  Source:                 u_chain/u_ddc/phase_reg[22]_rep__1/C
                            (rising edge-triggered cell FDCE clocked by pl_clk  {rise@0.000ns fall@5.000ns period=10.000ns})
  Destination:            u_chain/u_ddc/out_i_reg[0]/D
                            (rising edge-triggered cell FDCE clocked by pl_clk  {rise@0.000ns fall@5.000ns period=10.000ns})
  Path Group:             pl_clk
  Path Type:              Setup (Max at Slow Process Corner)
  Requirement:            10.000ns  (pl_clk rise@10.000ns - pl_clk rise@0.000ns)
  Data Path Delay:        26.755ns  (logic 15.690ns (58.642%)  route 11.065ns (41.358%))
  Logic Levels:           29  (CARRY4=15 DSP48E1=3 LUT2=3 LUT3=1 LUT6=4 MUXF7=2 MUXF8=1)
  Clock Path Skew:        -0.049ns (DCD - SCD + CPR)
    Destination Clock Delay (DCD):    0.924ns = ( 10.924 - 10.000 ) 
    Source Clock Delay      (SCD):    0.973ns
    Clock Pessimism Removal (CPR):    0.000ns
  Clock Uncertainty:      0.035ns  ((TSJ^2 + TIJ^2)^1/2 + DJ) / 2 + PE
    Total System Jitter     (TSJ):    0.071ns
    Total Input Jitter      (TIJ):    0.000ns
    Discrete Jitter          (DJ):    0.000ns
    Phase Error              (PE):    0.000ns

    Location             Delay type                Incr(ns)  Path(ns)    Netlist Resource(s)
  -------------------------------------------------------------------    -------------------
                         (clock pl_clk rise edge)     0.000     0.000 r  
                                                      0.000     0.000 r  pl_clk (IN)
                         net (fo=2592, unset)         0.973     0.973    u_chain/u_ddc/pl_clk
    SLICE_X35Y58         FDCE                                         r  u_chain/u_ddc/phase_reg[22]_rep__1/C
  -------------------------------------------------------------------    -------------------
    SLICE_X35Y58         FDCE (Prop_fdce_C_Q)         0.456     1.429 f  u_chain/u_ddc/phase_reg[22]_rep__1/Q
                         net (fo=119, routed)         0.848     2.277    u_chain/u_ddc/phase_reg[22]_rep__1_n_0
    SLICE_X35Y57         LUT6 (Prop_lut6_I1_O)        0.124     2.401 r  u_chain/u_ddc/cos_interp_num0_i_69/O
                         net (fo=17, routed)          0.589     2.990    u_chain/u_ddc/cos_interp_num0_i_69_n_0
    SLICE_X33Y57         LUT2 (Prop_lut2_I0_O)        0.124     3.114 r  u_chain/u_ddc/cos_interp_num0_i_74/O
                         net (fo=298, routed)         1.421     4.535    u_chain/u_ddc/cos_interp_num0_i_74_n_0
    SLICE_X31Y53         LUT6 (Prop_lut6_I0_O)        0.124     4.659 r  u_chain/u_ddc/p_0_out_inferred__0/cos_interp_num0_i_462/O
                         net (fo=1, routed)           0.000     4.659    u_chain/u_ddc/p_0_out_inferred__0/cos_interp_num0_i_462_n_0
    SLICE_X31Y53         MUXF7 (Prop_muxf7_I1_O)      0.245     4.904 r  u_chain/u_ddc/p_0_out_inferred__0/cos_interp_num0_i_308/O
                         net (fo=1, routed)           0.000     4.904    u_chain/u_ddc/p_0_out_inferred__0/cos_interp_num0_i_308_n_0
    SLICE_X31Y53         MUXF8 (Prop_muxf8_I0_O)      0.104     5.008 r  u_chain/u_ddc/p_0_out_inferred__0/cos_interp_num0_i_166/O
                         net (fo=1, routed)           1.617     6.625    u_chain/u_ddc/p_0_out_inferred__0/cos_interp_num0_i_166_n_0
    SLICE_X12Y45         LUT6 (Prop_lut6_I1_O)        0.316     6.941 r  u_chain/u_ddc/p_0_out_inferred__0/cos_interp_num0_i_61/O
                         net (fo=1, routed)           0.000     6.941    u_chain/u_ddc/p_0_out_inferred__0/cos_interp_num0_i_61_n_0
    SLICE_X12Y45         MUXF7 (Prop_muxf7_I0_O)      0.241     7.182 r  u_chain/u_ddc/p_0_out_inferred__0/cos_interp_num0_i_20/O
                         net (fo=1, routed)           0.416     7.598    u_chain/u_ddc/p_0_out_inferred__0/cos_interp_num0_i_20_n_0
    DSP48_X0Y18          DSP48E1 (Prop_dsp48e1_A[3]_P[23])
                                                      4.015    11.613 r  u_chain/u_ddc/cos_interp_num0/P[23]
                         net (fo=25, routed)          0.973    12.586    u_chain/u_ddc/cos_interp_num0_n_82
    DSP48_X0Y16          DSP48E1 (Prop_dsp48e1_C[26]_P[8])
                                                      1.820    14.406 r  u_chain/u_ddc/cos_interp_num/P[8]
                         net (fo=3, routed)           1.087    15.493    u_chain/u_ddc/cos_q[0]
    SLICE_X14Y40         CARRY4 (Prop_carry4_S[0]_CO[3])
                                                      0.656    16.149 r  u_chain/u_ddc/p_qs_i_23/CO[3]
                         net (fo=1, routed)           0.000    16.149    u_chain/u_ddc/p_qs_i_23_n_0
    SLICE_X14Y41         CARRY4 (Prop_carry4_CI_CO[3])
                                                      0.114    16.263 r  u_chain/u_ddc/p_qs_i_21/CO[3]
                         net (fo=1, routed)           0.000    16.263    u_chain/u_ddc/p_qs_i_21_n_0
    SLICE_X14Y42         CARRY4 (Prop_carry4_CI_CO[3])
                                                      0.114    16.377 r  u_chain/u_ddc/p_qs_i_19/CO[3]
                         net (fo=1, routed)           0.000    16.377    u_chain/u_ddc/p_qs_i_19_n_0
    SLICE_X14Y43         CARRY4 (Prop_carry4_CI_O[2])
                                                      0.239    16.616 r  u_chain/u_ddc/p_qs_i_17/O[2]
                         net (fo=2, routed)           0.611    17.227    u_chain/u_ddc/cos_nco0[14]
    SLICE_X25Y43         LUT6 (Prop_lut6_I5_O)        0.302    17.529 r  u_chain/u_ddc/p_ii_i_2/O
                         net (fo=2, routed)           0.891    18.420    u_chain/u_ddc/B_0[14]
    DSP48_X0Y17          DSP48E1 (Prop_dsp48e1_B[14]_P[1])
                                                      3.656    22.076 r  u_chain/u_ddc/p_ii/P[1]
                         net (fo=2, routed)           1.067    23.143    u_chain/u_ddc/p_ii__0[1]
    SLICE_X19Y40         LUT2 (Prop_lut2_I0_O)        0.124    23.267 r  u_chain/u_ddc/out_i[1]_i_21/O
                         net (fo=1, routed)           0.000    23.267    u_chain/u_ddc/out_i[1]_i_21_n_0
    SLICE_X19Y40         CARRY4 (Prop_carry4_S[1]_CO[3])
                                                      0.550    23.817 r  u_chain/u_ddc/out_i_reg[1]_i_14/CO[3]
                         net (fo=1, routed)           0.000    23.817    u_chain/u_ddc/out_i_reg[1]_i_14_n_0
    SLICE_X19Y41         CARRY4 (Prop_carry4_CI_CO[3])
                                                      0.114    23.931 r  u_chain/u_ddc/out_i_reg[1]_i_9/CO[3]
                         net (fo=1, routed)           0.000    23.931    u_chain/u_ddc/out_i_reg[1]_i_9_n_0
    SLICE_X19Y42         CARRY4 (Prop_carry4_CI_CO[3])
                                                      0.114    24.045 r  u_chain/u_ddc/out_i_reg[1]_i_3/CO[3]
                         net (fo=1, routed)           0.000    24.045    u_chain/u_ddc/out_i_reg[1]_i_3_n_0
    SLICE_X19Y43         CARRY4 (Prop_carry4_CI_CO[3])
                                                      0.114    24.159 r  u_chain/u_ddc/out_i_reg[1]_i_2/CO[3]
                         net (fo=1, routed)           0.000    24.159    u_chain/u_ddc/out_i_reg[1]_i_2_n_0
    SLICE_X19Y44         CARRY4 (Prop_carry4_CI_CO[3])
                                                      0.114    24.273 r  u_chain/u_ddc/out_i_reg[5]_i_2/CO[3]
                         net (fo=1, routed)           0.000    24.273    u_chain/u_ddc/out_i_reg[5]_i_2_n_0
    SLICE_X19Y45         CARRY4 (Prop_carry4_CI_CO[3])
                                                      0.114    24.387 r  u_chain/u_ddc/out_i_reg[9]_i_2/CO[3]
                         net (fo=1, routed)           0.000    24.387    u_chain/u_ddc/out_i_reg[9]_i_2_n_0
    SLICE_X19Y46         CARRY4 (Prop_carry4_CI_CO[3])
                                                      0.114    24.501 r  u_chain/u_ddc/out_i_reg[13]_i_2/CO[3]
                         net (fo=1, routed)           0.000    24.501    u_chain/u_ddc/out_i_reg[13]_i_2_n_0
    SLICE_X19Y47         CARRY4 (Prop_carry4_CI_O[0])
                                                      0.222    24.723 r  u_chain/u_ddc/out_i_reg[15]_i_2/O[0]
                         net (fo=3, routed)           0.794    25.517    u_chain/u_ddc/out_i_reg[15]_i_2_n_7
    SLICE_X18Y46         LUT2 (Prop_lut2_I0_O)        0.299    25.816 r  u_chain/u_ddc/out_i[15]_i_40/O
                         net (fo=1, routed)           0.000    25.816    u_chain/u_ddc/out_i[15]_i_40_n_0
    SLICE_X18Y46         CARRY4 (Prop_carry4_S[0]_CO[3])
                                                      0.532    26.348 r  u_chain/u_ddc/out_i_reg[15]_i_25/CO[3]
                         net (fo=1, routed)           0.000    26.348    u_chain/u_ddc/out_i_reg[15]_i_25_n_0
    SLICE_X18Y47         CARRY4 (Prop_carry4_CI_CO[3])
                                                      0.114    26.462 r  u_chain/u_ddc/out_i_reg[15]_i_16/CO[3]
                         net (fo=1, routed)           0.000    26.462    u_chain/u_ddc/out_i_reg[15]_i_16_n_0
    SLICE_X18Y48         CARRY4 (Prop_carry4_CI_CO[1])
                                                      0.157    26.619 r  u_chain/u_ddc/out_i_reg[15]_i_4/CO[1]
                         net (fo=16, routed)          0.751    27.370    u_chain/u_ddc/sat1610_in
    SLICE_X20Y48         LUT3 (Prop_lut3_I0_O)        0.358    27.728 r  u_chain/u_ddc/out_i[0]_i_1/O
                         net (fo=1, routed)           0.000    27.728    u_chain/u_ddc/sat16_return[0]
    SLICE_X20Y48         FDCE                                         r  u_chain/u_ddc/out_i_reg[0]/D
  -------------------------------------------------------------------    -------------------

                         (clock pl_clk rise edge)    10.000    10.000 r  
                                                      0.000    10.000 r  pl_clk (IN)
                         net (fo=2592, unset)         0.924    10.924    u_chain/u_ddc/pl_clk
    SLICE_X20Y48         FDCE                                         r  u_chain/u_ddc/out_i_reg[0]/C
                         clock pessimism              0.000    10.924    
                         clock uncertainty           -0.035    10.889    
    SLICE_X20Y48         FDCE (Setup_fdce_C_D)        0.118    11.007    u_chain/u_ddc/out_i_reg[0]
  -------------------------------------------------------------------
                         required time                         11.007    
                         arrival time                         -27.728    
  -------------------------------------------------------------------
                         slack                                -16.721    

Slack (VIOLATED) :        -16.717ns  (required time - arrival time)
  Source:                 u_chain/u_ddc/phase_reg[22]_rep__1/C
                            (rising edge-triggered cell FDCE clocked by pl_clk  {rise@0.000ns fall@5.000ns period=10.000ns})
  Destination:            u_chain/u_ddc/out_q_reg[11]/D
                            (rising edge-triggered cell FDCE clocked by pl_clk  {rise@0.000ns fall@5.000ns period=10.000ns})
  Path Group:             pl_clk
  Path Type:              Setup (Max at Slow Process Corner)
  Requirement:            10.000ns  (pl_clk rise@10.000ns - pl_clk rise@0.000ns)
  Data Path Delay:        26.710ns  (logic 15.835ns (59.284%)  route 10.875ns (40.716%))
  Logic Levels:           29  (CARRY4=15 DSP48E1=3 LUT2=3 LUT3=1 LUT6=4 MUXF7=2 MUXF8=1)
  Clock Path Skew:        -0.049ns (DCD - SCD + CPR)
    Destination Clock Delay (DCD):    0.924ns = ( 10.924 - 10.000 ) 
    Source Clock Delay      (SCD):    0.973ns
    Clock Pessimism Removal (CPR):    0.000ns
  Clock Uncertainty:      0.035ns  ((TSJ^2 + TIJ^2)^1/2 + DJ) / 2 + PE
    Total System Jitter     (TSJ):    0.071ns
    Total Input Jitter      (TIJ):    0.000ns
    Discrete Jitter          (DJ):    0.000ns
    Phase Error              (PE):    0.000ns

    Location             Delay type                Incr(ns)  Path(ns)    Netlist Resource(s)
  -------------------------------------------------------------------    -------------------
                         (clock pl_clk rise edge)     0.000     0.000 r  
                                                      0.000     0.000 r  pl_clk (IN)
                         net (fo=2592, unset)         0.973     0.973    u_chain/u_ddc/pl_clk
    SLICE_X35Y58         FDCE                                         r  u_chain/u_ddc/phase_reg[22]_rep__1/C
  -------------------------------------------------------------------    -------------------
    SLICE_X35Y58         FDCE (Prop_fdce_C_Q)         0.456     1.429 f  u_chain/u_ddc/phase_reg[22]_rep__1/Q
                         net (fo=119, routed)         0.848     2.277    u_chain/u_ddc/phase_reg[22]_rep__1_n_0
    SLICE_X35Y57         LUT6 (Prop_lut6_I1_O)        0.124     2.401 r  u_chain/u_ddc/cos_interp_num0_i_69/O
                         net (fo=17, routed)          0.589     2.990    u_chain/u_ddc/cos_interp_num0_i_69_n_0
    SLICE_X33Y57         LUT2 (Prop_lut2_I0_O)        0.124     3.114 r  u_chain/u_ddc/cos_interp_num0_i_74/O
                         net (fo=298, routed)         1.421     4.535    u_chain/u_ddc/cos_interp_num0_i_74_n_0
    SLICE_X31Y53         LUT6 (Prop_lut6_I0_O)        0.124     4.659 r  u_chain/u_ddc/p_0_out_inferred__0/cos_interp_num0_i_462/O
                         net (fo=1, routed)           0.000     4.659    u_chain/u_ddc/p_0_out_inferred__0/cos_interp_num0_i_462_n_0
    SLICE_X31Y53         MUXF7 (Prop_muxf7_I1_O)      0.245     4.904 r  u_chain/u_ddc/p_0_out_inferred__0/cos_interp_num0_i_308/O
                         net (fo=1, routed)           0.000     4.904    u_chain/u_ddc/p_0_out_inferred__0/cos_interp_num0_i_308_n_0
    SLICE_X31Y53         MUXF8 (Prop_muxf8_I0_O)      0.104     5.008 r  u_chain/u_ddc/p_0_out_inferred__0/cos_interp_num0_i_166/O
                         net (fo=1, routed)           1.617     6.625    u_chain/u_ddc/p_0_out_inferred__0/cos_interp_num0_i_166_n_0
    SLICE_X12Y45         LUT6 (Prop_lut6_I1_O)        0.316     6.941 r  u_chain/u_ddc/p_0_out_inferred__0/cos_interp_num0_i_61/O
                         net (fo=1, routed)           0.000     6.941    u_chain/u_ddc/p_0_out_inferred__0/cos_interp_num0_i_61_n_0
    SLICE_X12Y45         MUXF7 (Prop_muxf7_I0_O)      0.241     7.182 r  u_chain/u_ddc/p_0_out_inferred__0/cos_interp_num0_i_20/O
                         net (fo=1, routed)           0.416     7.598    u_chain/u_ddc/p_0_out_inferred__0/cos_interp_num0_i_20_n_0
    DSP48_X0Y18          DSP48E1 (Prop_dsp48e1_A[3]_P[23])
                                                      4.015    11.613 r  u_chain/u_ddc/cos_interp_num0/P[23]
                         net (fo=25, routed)          0.973    12.586    u_chain/u_ddc/cos_interp_num0_n_82
    DSP48_X0Y16          DSP48E1 (Prop_dsp48e1_C[26]_P[8])
                                                      1.820    14.406 r  u_chain/u_ddc/cos_interp_num/P[8]
                         net (fo=3, routed)           1.087    15.493    u_chain/u_ddc/cos_q[0]
    SLICE_X14Y40         CARRY4 (Prop_carry4_S[0]_CO[3])
                                                      0.656    16.149 r  u_chain/u_ddc/p_qs_i_23/CO[3]
                         net (fo=1, routed)           0.000    16.149    u_chain/u_ddc/p_qs_i_23_n_0
    SLICE_X14Y41         CARRY4 (Prop_carry4_CI_CO[3])
                                                      0.114    16.263 r  u_chain/u_ddc/p_qs_i_21/CO[3]
                         net (fo=1, routed)           0.000    16.263    u_chain/u_ddc/p_qs_i_21_n_0
    SLICE_X14Y42         CARRY4 (Prop_carry4_CI_CO[3])
                                                      0.114    16.377 r  u_chain/u_ddc/p_qs_i_19/CO[3]
                         net (fo=1, routed)           0.000    16.377    u_chain/u_ddc/p_qs_i_19_n_0
    SLICE_X14Y43         CARRY4 (Prop_carry4_CI_O[3])
                                                      0.313    16.690 r  u_chain/u_ddc/p_qs_i_17/O[3]
                         net (fo=2, routed)           0.487    17.177    u_chain/u_ddc/cos_nco0[15]
    SLICE_X23Y43         LUT6 (Prop_lut6_I5_O)        0.306    17.483 r  u_chain/u_ddc/p_ii_i_1/O
                         net (fo=6, routed)           0.991    18.475    u_chain/u_ddc/B_0[15]
    DSP48_X1Y16          DSP48E1 (Prop_dsp48e1_B[17]_P[1])
                                                      3.656    22.131 r  u_chain/u_ddc/p_qi/P[1]
                         net (fo=2, routed)           1.066    23.196    u_chain/u_ddc/p_qi__0[1]
    SLICE_X32Y36         LUT2 (Prop_lut2_I0_O)        0.124    23.320 r  u_chain/u_ddc/out_q[1]_i_22/O
                         net (fo=1, routed)           0.000    23.320    u_chain/u_ddc/out_q[1]_i_22_n_0
    SLICE_X32Y36         CARRY4 (Prop_carry4_S[1]_CO[3])
                                                      0.533    23.853 r  u_chain/u_ddc/out_q_reg[1]_i_15/CO[3]
                         net (fo=1, routed)           0.000    23.853    u_chain/u_ddc/out_q_reg[1]_i_15_n_0
    SLICE_X32Y37         CARRY4 (Prop_carry4_CI_CO[3])
                                                      0.117    23.970 r  u_chain/u_ddc/out_q_reg[1]_i_10/CO[3]
                         net (fo=1, routed)           0.000    23.970    u_chain/u_ddc/out_q_reg[1]_i_10_n_0
    SLICE_X32Y38         CARRY4 (Prop_carry4_CI_CO[3])
                                                      0.117    24.087 r  u_chain/u_ddc/out_q_reg[1]_i_3/CO[3]
                         net (fo=1, routed)           0.000    24.087    u_chain/u_ddc/out_q_reg[1]_i_3_n_0
    SLICE_X32Y39         CARRY4 (Prop_carry4_CI_CO[3])
                                                      0.117    24.204 r  u_chain/u_ddc/out_q_reg[1]_i_2/CO[3]
                         net (fo=1, routed)           0.000    24.204    u_chain/u_ddc/out_q_reg[1]_i_2_n_0
    SLICE_X32Y40         CARRY4 (Prop_carry4_CI_CO[3])
                                                      0.117    24.321 r  u_chain/u_ddc/out_q_reg[5]_i_2/CO[3]
                         net (fo=1, routed)           0.000    24.321    u_chain/u_ddc/out_q_reg[5]_i_2_n_0
    SLICE_X32Y41         CARRY4 (Prop_carry4_CI_CO[3])
                                                      0.117    24.438 r  u_chain/u_ddc/out_q_reg[9]_i_2/CO[3]
                         net (fo=1, routed)           0.000    24.438    u_chain/u_ddc/out_q_reg[9]_i_2_n_0
    SLICE_X32Y42         CARRY4 (Prop_carry4_CI_CO[3])
                                                      0.117    24.555 r  u_chain/u_ddc/out_q_reg[13]_i_2/CO[3]
                         net (fo=1, routed)           0.000    24.555    u_chain/u_ddc/out_q_reg[13]_i_2_n_0
    SLICE_X32Y43         CARRY4 (Prop_carry4_CI_O[1])
                                                      0.323    24.878 r  u_chain/u_ddc/out_q_reg[15]_i_2/O[1]
                         net (fo=5, routed)           0.660    25.539    u_chain/u_ddc/round_q[29]
    SLICE_X34Y43         LUT2 (Prop_lut2_I0_O)        0.306    25.845 r  u_chain/u_ddc/out_q[15]_i_35__0/O
                         net (fo=1, routed)           0.000    25.845    u_chain/u_ddc/out_q[15]_i_35__0_n_0
    SLICE_X34Y43         CARRY4 (Prop_carry4_S[0]_CO[3])
                                                      0.513    26.358 r  u_chain/u_ddc/out_q_reg[15]_i_19/CO[3]
                         net (fo=1, routed)           0.000    26.358    u_chain/u_ddc/out_q_reg[15]_i_19_n_0
    SLICE_X34Y44         CARRY4 (Prop_carry4_CI_CO[3])
                                                      0.117    26.475 r  u_chain/u_ddc/out_q_reg[15]_i_13/CO[3]
                         net (fo=1, routed)           0.000    26.475    u_chain/u_ddc/out_q_reg[15]_i_13_n_0
    SLICE_X34Y45         CARRY4 (Prop_carry4_CI_CO[1])
                                                      0.157    26.632 f  u_chain/u_ddc/out_q_reg[15]_i_3/CO[1]
                         net (fo=16, routed)          0.720    27.351    u_chain/u_ddc/out_q_reg[15]_i_3_n_2
    SLICE_X34Y46         LUT3 (Prop_lut3_I1_O)        0.332    27.683 r  u_chain/u_ddc/out_q[11]_i_1/O
                         net (fo=1, routed)           0.000    27.683    u_chain/u_ddc/out_q[11]_i_1_n_0
    SLICE_X34Y46         FDCE                                         r  u_chain/u_ddc/out_q_reg[11]/D
  -------------------------------------------------------------------    -------------------

                         (clock pl_clk rise edge)    10.000    10.000 r  
                                                      0.000    10.000 r  pl_clk (IN)
                         net (fo=2592, unset)         0.924    10.924    u_chain/u_ddc/pl_clk
    SLICE_X34Y46         FDCE                                         r  u_chain/u_ddc/out_q_reg[11]/C
                         clock pessimism              0.000    10.924    
                         clock uncertainty           -0.035    10.889    
    SLICE_X34Y46         FDCE (Setup_fdce_C_D)        0.077    10.966    u_chain/u_ddc/out_q_reg[11]
  -------------------------------------------------------------------
                         required time                         10.966    
                         arrival time                         -27.683    
  -------------------------------------------------------------------
                         slack                                -16.717    





Min Delay Paths
--------------------------------------------------------------------------------------
Slack (MET) :             0.109ns  (arrival time - required time)
  Source:                 u_chain/u_fir/delay_i_reg[39][12]/C
                            (rising edge-triggered cell FDCE clocked by pl_clk  {rise@0.000ns fall@5.000ns period=10.000ns})
  Destination:            u_chain/u_fir/delay_i_reg[40][12]/D
                            (rising edge-triggered cell FDCE clocked by pl_clk  {rise@0.000ns fall@5.000ns period=10.000ns})
  Path Group:             pl_clk
  Path Type:              Hold (Min at Fast Process Corner)
  Requirement:            0.000ns  (pl_clk rise@0.000ns - pl_clk rise@0.000ns)
  Data Path Delay:        0.209ns  (logic 0.141ns (67.454%)  route 0.068ns (32.546%))
  Logic Levels:           0  
  Clock Path Skew:        0.022ns (DCD - SCD - CPR)
    Destination Clock Delay (DCD):    0.432ns
    Source Clock Delay      (SCD):    0.410ns
    Clock Pessimism Removal (CPR):    -0.000ns

    Location             Delay type                Incr(ns)  Path(ns)    Netlist Resource(s)
  -------------------------------------------------------------------    -------------------
                         (clock pl_clk rise edge)     0.000     0.000 r  
                                                      0.000     0.000 r  pl_clk (IN)
                         net (fo=2592, unset)         0.410     0.410    u_chain/u_fir/pl_clk
    SLICE_X33Y63         FDCE                                         r  u_chain/u_fir/delay_i_reg[39][12]/C
  -------------------------------------------------------------------    -------------------
    SLICE_X33Y63         FDCE (Prop_fdce_C_Q)         0.141     0.551 r  u_chain/u_fir/delay_i_reg[39][12]/Q
                         net (fo=2, routed)           0.068     0.619    u_chain/u_fir/delay_i_reg[39]_39[12]
    SLICE_X33Y63         FDCE                                         r  u_chain/u_fir/delay_i_reg[40][12]/D
  -------------------------------------------------------------------    -------------------

                         (clock pl_clk rise edge)     0.000     0.000 r  
                                                      0.000     0.000 r  pl_clk (IN)
                         net (fo=2592, unset)         0.432     0.432    u_chain/u_fir/pl_clk
    SLICE_X33Y63         FDCE                                         r  u_chain/u_fir/delay_i_reg[40][12]/C
                         clock pessimism              0.000     0.432    
    SLICE_X33Y63         FDCE (Hold_fdce_C_D)         0.078     0.510    u_chain/u_fir/delay_i_reg[40][12]
  -------------------------------------------------------------------
                         required time                         -0.510    
                         arrival time                           0.619    
  -------------------------------------------------------------------
                         slack                                  0.109    

Slack (MET) :             0.109ns  (arrival time - required time)
  Source:                 u_chain/u_fir/delay_q_reg[37][3]/C
                            (rising edge-triggered cell FDCE clocked by pl_clk  {rise@0.000ns fall@5.000ns period=10.000ns})
  Destination:            u_chain/u_fir/delay_q_reg[38][3]/D
                            (rising edge-triggered cell FDCE clocked by pl_clk  {rise@0.000ns fall@5.000ns period=10.000ns})
  Path Group:             pl_clk
  Path Type:              Hold (Min at Fast Process Corner)
  Requirement:            0.000ns  (pl_clk rise@0.000ns - pl_clk rise@0.000ns)
  Data Path Delay:        0.209ns  (logic 0.141ns (67.454%)  route 0.068ns (32.546%))
  Logic Levels:           0  
  Clock Path Skew:        0.022ns (DCD - SCD - CPR)
    Destination Clock Delay (DCD):    0.432ns
    Source Clock Delay      (SCD):    0.410ns
    Clock Pessimism Removal (CPR):    -0.000ns

    Location             Delay type                Incr(ns)  Path(ns)    Netlist Resource(s)
  -------------------------------------------------------------------    -------------------
                         (clock pl_clk rise edge)     0.000     0.000 r  
                                                      0.000     0.000 r  pl_clk (IN)
                         net (fo=2592, unset)         0.410     0.410    u_chain/u_fir/pl_clk
    SLICE_X33Y5          FDCE                                         r  u_chain/u_fir/delay_q_reg[37][3]/C
  -------------------------------------------------------------------    -------------------
    SLICE_X33Y5          FDCE (Prop_fdce_C_Q)         0.141     0.551 r  u_chain/u_fir/delay_q_reg[37][3]/Q
                         net (fo=2, routed)           0.068     0.619    u_chain/u_fir/delay_q_reg[37]_99[3]
    SLICE_X33Y5          FDCE                                         r  u_chain/u_fir/delay_q_reg[38][3]/D
  -------------------------------------------------------------------    -------------------

                         (clock pl_clk rise edge)     0.000     0.000 r  
                                                      0.000     0.000 r  pl_clk (IN)
                         net (fo=2592, unset)         0.432     0.432    u_chain/u_fir/pl_clk
    SLICE_X33Y5          FDCE                                         r  u_chain/u_fir/delay_q_reg[38][3]/C
                         clock pessimism              0.000     0.432    
    SLICE_X33Y5          FDCE (Hold_fdce_C_D)         0.078     0.510    u_chain/u_fir/delay_q_reg[38][3]
  -------------------------------------------------------------------
                         required time                         -0.510    
                         arrival time                           0.619    
  -------------------------------------------------------------------
                         slack                                  0.109    

Slack (MET) :             0.110ns  (arrival time - required time)
  Source:                 u_chain/u_fir/delay_q_reg[44][11]/C
                            (rising edge-triggered cell FDCE clocked by pl_clk  {rise@0.000ns fall@5.000ns period=10.000ns})
  Destination:            u_chain/u_fir/delay_q_reg[45][11]/D
                            (rising edge-triggered cell FDCE clocked by pl_clk  {rise@0.000ns fall@5.000ns period=10.000ns})
  Path Group:             pl_clk
  Path Type:              Hold (Min at Fast Process Corner)
  Requirement:            0.000ns  (pl_clk rise@0.000ns - pl_clk rise@0.000ns)
  Data Path Delay:        0.207ns  (logic 0.141ns (68.037%)  route 0.066ns (31.963%))
  Logic Levels:           0  
  Clock Path Skew:        0.022ns (DCD - SCD - CPR)
    Destination Clock Delay (DCD):    0.432ns
    Source Clock Delay      (SCD):    0.410ns
    Clock Pessimism Removal (CPR):    -0.000ns

    Location             Delay type                Incr(ns)  Path(ns)    Netlist Resource(s)
  -------------------------------------------------------------------    -------------------
                         (clock pl_clk rise edge)     0.000     0.000 r  
                                                      0.000     0.000 r  pl_clk (IN)
                         net (fo=2592, unset)         0.410     0.410    u_chain/u_fir/pl_clk
    SLICE_X33Y32         FDCE                                         r  u_chain/u_fir/delay_q_reg[44][11]/C
  -------------------------------------------------------------------    -------------------
    SLICE_X33Y32         FDCE (Prop_fdce_C_Q)         0.141     0.551 r  u_chain/u_fir/delay_q_reg[44][11]/Q
                         net (fo=2, routed)           0.066     0.617    u_chain/u_fir/delay_q_reg[44]_106[11]
    SLICE_X32Y32         FDCE                                         r  u_chain/u_fir/delay_q_reg[45][11]/D
  -------------------------------------------------------------------    -------------------

                         (clock pl_clk rise edge)     0.000     0.000 r  
                                                      0.000     0.000 r  pl_clk (IN)
                         net (fo=2592, unset)         0.432     0.432    u_chain/u_fir/pl_clk
    SLICE_X32Y32         FDCE                                         r  u_chain/u_fir/delay_q_reg[45][11]/C
                         clock pessimism              0.000     0.432    
    SLICE_X32Y32         FDCE (Hold_fdce_C_D)         0.076     0.508    u_chain/u_fir/delay_q_reg[45][11]
  -------------------------------------------------------------------
                         required time                         -0.508    
                         arrival time                           0.617    
  -------------------------------------------------------------------
                         slack                                  0.110    

Slack (MET) :             0.111ns  (arrival time - required time)
  Source:                 u_chain/u_fir/delay_i_reg[26][7]/C
                            (rising edge-triggered cell FDCE clocked by pl_clk  {rise@0.000ns fall@5.000ns period=10.000ns})
  Destination:            u_chain/u_fir/delay_i_reg[27][7]/D
                            (rising edge-triggered cell FDCE clocked by pl_clk  {rise@0.000ns fall@5.000ns period=10.000ns})
  Path Group:             pl_clk
  Path Type:              Hold (Min at Fast Process Corner)
  Requirement:            0.000ns  (pl_clk rise@0.000ns - pl_clk rise@0.000ns)
  Data Path Delay:        0.209ns  (logic 0.141ns (67.454%)  route 0.068ns (32.546%))
  Logic Levels:           0  
  Clock Path Skew:        0.022ns (DCD - SCD - CPR)
    Destination Clock Delay (DCD):    0.432ns
    Source Clock Delay      (SCD):    0.410ns
    Clock Pessimism Removal (CPR):    -0.000ns

    Location             Delay type                Incr(ns)  Path(ns)    Netlist Resource(s)
  -------------------------------------------------------------------    -------------------
                         (clock pl_clk rise edge)     0.000     0.000 r  
                                                      0.000     0.000 r  pl_clk (IN)
                         net (fo=2592, unset)         0.410     0.410    u_chain/u_fir/pl_clk
    SLICE_X33Y96         FDCE                                         r  u_chain/u_fir/delay_i_reg[26][7]/C
  -------------------------------------------------------------------    -------------------
    SLICE_X33Y96         FDCE (Prop_fdce_C_Q)         0.141     0.551 r  u_chain/u_fir/delay_i_reg[26][7]/Q
                         net (fo=2, routed)           0.068     0.619    u_chain/u_fir/delay_i_reg[26]_26[7]
    SLICE_X33Y96         FDCE                                         r  u_chain/u_fir/delay_i_reg[27][7]/D
  -------------------------------------------------------------------    -------------------

                         (clock pl_clk rise edge)     0.000     0.000 r  
                                                      0.000     0.000 r  pl_clk (IN)
                         net (fo=2592, unset)         0.432     0.432    u_chain/u_fir/pl_clk
    SLICE_X33Y96         FDCE                                         r  u_chain/u_fir/delay_i_reg[27][7]/C
                         clock pessimism              0.000     0.432    
    SLICE_X33Y96         FDCE (Hold_fdce_C_D)         0.076     0.508    u_chain/u_fir/delay_i_reg[27][7]
  -------------------------------------------------------------------
                         required time                         -0.508    
                         arrival time                           0.619    
  -------------------------------------------------------------------
                         slack                                  0.111    

Slack (MET) :             0.112ns  (arrival time - required time)
  Source:                 u_chain/u_fir/delay_i_reg[17][2]/C
                            (rising edge-triggered cell FDCE clocked by pl_clk  {rise@0.000ns fall@5.000ns period=10.000ns})
  Destination:            u_chain/u_fir/delay_i_reg[18][2]/D
                            (rising edge-triggered cell FDCE clocked by pl_clk  {rise@0.000ns fall@5.000ns period=10.000ns})
  Path Group:             pl_clk
  Path Type:              Hold (Min at Fast Process Corner)
  Requirement:            0.000ns  (pl_clk rise@0.000ns - pl_clk rise@0.000ns)
  Data Path Delay:        0.209ns  (logic 0.141ns (67.454%)  route 0.068ns (32.546%))
  Logic Levels:           0  
  Clock Path Skew:        0.022ns (DCD - SCD - CPR)
    Destination Clock Delay (DCD):    0.432ns
    Source Clock Delay      (SCD):    0.410ns
    Clock Pessimism Removal (CPR):    -0.000ns

    Location             Delay type                Incr(ns)  Path(ns)    Netlist Resource(s)
  -------------------------------------------------------------------    -------------------
                         (clock pl_clk rise edge)     0.000     0.000 r  
                                                      0.000     0.000 r  pl_clk (IN)
                         net (fo=2592, unset)         0.410     0.410    u_chain/u_fir/pl_clk
    SLICE_X33Y80         FDCE                                         r  u_chain/u_fir/delay_i_reg[17][2]/C
  -------------------------------------------------------------------    -------------------
    SLICE_X33Y80         FDCE (Prop_fdce_C_Q)         0.141     0.551 r  u_chain/u_fir/delay_i_reg[17][2]/Q
                         net (fo=2, routed)           0.068     0.619    u_chain/u_fir/delay_i_reg[17]_17[2]
    SLICE_X33Y80         FDCE                                         r  u_chain/u_fir/delay_i_reg[18][2]/D
  -------------------------------------------------------------------    -------------------

                         (clock pl_clk rise edge)     0.000     0.000 r  
                                                      0.000     0.000 r  pl_clk (IN)
                         net (fo=2592, unset)         0.432     0.432    u_chain/u_fir/pl_clk
    SLICE_X33Y80         FDCE                                         r  u_chain/u_fir/delay_i_reg[18][2]/C
                         clock pessimism              0.000     0.432    
    SLICE_X33Y80         FDCE (Hold_fdce_C_D)         0.075     0.507    u_chain/u_fir/delay_i_reg[18][2]
  -------------------------------------------------------------------
                         required time                         -0.507    
                         arrival time                           0.619    
  -------------------------------------------------------------------
                         slack                                  0.112    

Slack (MET) :             0.112ns  (arrival time - required time)
  Source:                 u_chain/u_fir/delay_q_reg[36][14]/C
                            (rising edge-triggered cell FDCE clocked by pl_clk  {rise@0.000ns fall@5.000ns period=10.000ns})
  Destination:            u_chain/u_fir/delay_q_reg[37][14]/D
                            (rising edge-triggered cell FDCE clocked by pl_clk  {rise@0.000ns fall@5.000ns period=10.000ns})
  Path Group:             pl_clk
  Path Type:              Hold (Min at Fast Process Corner)
  Requirement:            0.000ns  (pl_clk rise@0.000ns - pl_clk rise@0.000ns)
  Data Path Delay:        0.209ns  (logic 0.141ns (67.454%)  route 0.068ns (32.546%))
  Logic Levels:           0  
  Clock Path Skew:        0.022ns (DCD - SCD - CPR)
    Destination Clock Delay (DCD):    0.432ns
    Source Clock Delay      (SCD):    0.410ns
    Clock Pessimism Removal (CPR):    -0.000ns

    Location             Delay type                Incr(ns)  Path(ns)    Netlist Resource(s)
  -------------------------------------------------------------------    -------------------
                         (clock pl_clk rise edge)     0.000     0.000 r  
                                                      0.000     0.000 r  pl_clk (IN)
                         net (fo=2592, unset)         0.410     0.410    u_chain/u_fir/pl_clk
    SLICE_X33Y4          FDCE                                         r  u_chain/u_fir/delay_q_reg[36][14]/C
  -------------------------------------------------------------------    -------------------
    SLICE_X33Y4          FDCE (Prop_fdce_C_Q)         0.141     0.551 r  u_chain/u_fir/delay_q_reg[36][14]/Q
                         net (fo=2, routed)           0.068     0.619    u_chain/u_fir/delay_q_reg[36]_98[14]
    SLICE_X33Y4          FDCE                                         r  u_chain/u_fir/delay_q_reg[37][14]/D
  -------------------------------------------------------------------    -------------------

                         (clock pl_clk rise edge)     0.000     0.000 r  
                                                      0.000     0.000 r  pl_clk (IN)
                         net (fo=2592, unset)         0.432     0.432    u_chain/u_fir/pl_clk
    SLICE_X33Y4          FDCE                                         r  u_chain/u_fir/delay_q_reg[37][14]/C
                         clock pessimism              0.000     0.432    
    SLICE_X33Y4          FDCE (Hold_fdce_C_D)         0.075     0.507    u_chain/u_fir/delay_q_reg[37][14]
  -------------------------------------------------------------------
                         required time                         -0.507    
                         arrival time                           0.619    
  -------------------------------------------------------------------
                         slack                                  0.112    

Slack (MET) :             0.114ns  (arrival time - required time)
  Source:                 u_chain/u_fir/delay_q_reg[36][2]/C
                            (rising edge-triggered cell FDCE clocked by pl_clk  {rise@0.000ns fall@5.000ns period=10.000ns})
  Destination:            u_chain/u_fir/delay_q_reg[37][2]/D
                            (rising edge-triggered cell FDCE clocked by pl_clk  {rise@0.000ns fall@5.000ns period=10.000ns})
  Path Group:             pl_clk
  Path Type:              Hold (Min at Fast Process Corner)
  Requirement:            0.000ns  (pl_clk rise@0.000ns - pl_clk rise@0.000ns)
  Data Path Delay:        0.211ns  (logic 0.141ns (66.741%)  route 0.070ns (33.259%))
  Logic Levels:           0  
  Clock Path Skew:        0.022ns (DCD - SCD - CPR)
    Destination Clock Delay (DCD):    0.432ns
    Source Clock Delay      (SCD):    0.410ns
    Clock Pessimism Removal (CPR):    -0.000ns

    Location             Delay type                Incr(ns)  Path(ns)    Netlist Resource(s)
  -------------------------------------------------------------------    -------------------
                         (clock pl_clk rise edge)     0.000     0.000 r  
                                                      0.000     0.000 r  pl_clk (IN)
                         net (fo=2592, unset)         0.410     0.410    u_chain/u_fir/pl_clk
    SLICE_X33Y4          FDCE                                         r  u_chain/u_fir/delay_q_reg[36][2]/C
  -------------------------------------------------------------------    -------------------
    SLICE_X33Y4          FDCE (Prop_fdce_C_Q)         0.141     0.551 r  u_chain/u_fir/delay_q_reg[36][2]/Q
                         net (fo=2, routed)           0.070     0.621    u_chain/u_fir/delay_q_reg[36]_98[2]
    SLICE_X33Y4          FDCE                                         r  u_chain/u_fir/delay_q_reg[37][2]/D
  -------------------------------------------------------------------    -------------------

                         (clock pl_clk rise edge)     0.000     0.000 r  
                                                      0.000     0.000 r  pl_clk (IN)
                         net (fo=2592, unset)         0.432     0.432    u_chain/u_fir/pl_clk
    SLICE_X33Y4          FDCE                                         r  u_chain/u_fir/delay_q_reg[37][2]/C
                         clock pessimism              0.000     0.432    
    SLICE_X33Y4          FDCE (Hold_fdce_C_D)         0.076     0.508    u_chain/u_fir/delay_q_reg[37][2]
  -------------------------------------------------------------------
                         required time                         -0.508    
                         arrival time                           0.621    
  -------------------------------------------------------------------
                         slack                                  0.114    

Slack (MET) :             0.117ns  (arrival time - required time)
  Source:                 u_chain/u_fir/delay_q_reg[36][1]/C
                            (rising edge-triggered cell FDCE clocked by pl_clk  {rise@0.000ns fall@5.000ns period=10.000ns})
  Destination:            u_chain/u_fir/delay_q_reg[37][1]/D
                            (rising edge-triggered cell FDCE clocked by pl_clk  {rise@0.000ns fall@5.000ns period=10.000ns})
  Path Group:             pl_clk
  Path Type:              Hold (Min at Fast Process Corner)
  Requirement:            0.000ns  (pl_clk rise@0.000ns - pl_clk rise@0.000ns)
  Data Path Delay:        0.209ns  (logic 0.141ns (67.433%)  route 0.068ns (32.567%))
  Logic Levels:           0  
  Clock Path Skew:        0.022ns (DCD - SCD - CPR)
    Destination Clock Delay (DCD):    0.432ns
    Source Clock Delay      (SCD):    0.410ns
    Clock Pessimism Removal (CPR):    -0.000ns

    Location             Delay type                Incr(ns)  Path(ns)    Netlist Resource(s)
  -------------------------------------------------------------------    -------------------
                         (clock pl_clk rise edge)     0.000     0.000 r  
                                                      0.000     0.000 r  pl_clk (IN)
                         net (fo=2592, unset)         0.410     0.410    u_chain/u_fir/pl_clk
    SLICE_X33Y4          FDCE                                         r  u_chain/u_fir/delay_q_reg[36][1]/C
  -------------------------------------------------------------------    -------------------
    SLICE_X33Y4          FDCE (Prop_fdce_C_Q)         0.141     0.551 r  u_chain/u_fir/delay_q_reg[36][1]/Q
                         net (fo=2, routed)           0.068     0.619    u_chain/u_fir/delay_q_reg[36]_98[1]
    SLICE_X33Y4          FDCE                                         r  u_chain/u_fir/delay_q_reg[37][1]/D
  -------------------------------------------------------------------    -------------------

                         (clock pl_clk rise edge)     0.000     0.000 r  
                                                      0.000     0.000 r  pl_clk (IN)
                         net (fo=2592, unset)         0.432     0.432    u_chain/u_fir/pl_clk
    SLICE_X33Y4          FDCE                                         r  u_chain/u_fir/delay_q_reg[37][1]/C
                         clock pessimism              0.000     0.432    
    SLICE_X33Y4          FDCE (Hold_fdce_C_D)         0.071     0.503    u_chain/u_fir/delay_q_reg[37][1]
  -------------------------------------------------------------------
                         required time                         -0.503    
                         arrival time                           0.619    
  -------------------------------------------------------------------
                         slack                                  0.117    

Slack (MET) :             0.147ns  (arrival time - required time)
  Source:                 u_chain/u_fir/delay_q_reg[37][0]/C
                            (rising edge-triggered cell FDCE clocked by pl_clk  {rise@0.000ns fall@5.000ns period=10.000ns})
  Destination:            u_chain/u_fir/delay_q_reg[38][0]/D
                            (rising edge-triggered cell FDCE clocked by pl_clk  {rise@0.000ns fall@5.000ns period=10.000ns})
  Path Group:             pl_clk
  Path Type:              Hold (Min at Fast Process Corner)
  Requirement:            0.000ns  (pl_clk rise@0.000ns - pl_clk rise@0.000ns)
  Data Path Delay:        0.232ns  (logic 0.164ns (70.660%)  route 0.068ns (29.340%))
  Logic Levels:           0  
  Clock Path Skew:        0.022ns (DCD - SCD - CPR)
    Destination Clock Delay (DCD):    0.432ns
    Source Clock Delay      (SCD):    0.410ns
    Clock Pessimism Removal (CPR):    -0.000ns

    Location             Delay type                Incr(ns)  Path(ns)    Netlist Resource(s)
  -------------------------------------------------------------------    -------------------
                         (clock pl_clk rise edge)     0.000     0.000 r  
                                                      0.000     0.000 r  pl_clk (IN)
                         net (fo=2592, unset)         0.410     0.410    u_chain/u_fir/pl_clk
    SLICE_X32Y4          FDCE                                         r  u_chain/u_fir/delay_q_reg[37][0]/C
  -------------------------------------------------------------------    -------------------
    SLICE_X32Y4          FDCE (Prop_fdce_C_Q)         0.164     0.574 r  u_chain/u_fir/delay_q_reg[37][0]/Q
                         net (fo=2, routed)           0.068     0.642    u_chain/u_fir/delay_q_reg[37]_99[0]
    SLICE_X32Y4          FDCE                                         r  u_chain/u_fir/delay_q_reg[38][0]/D
  -------------------------------------------------------------------    -------------------

                         (clock pl_clk rise edge)     0.000     0.000 r  
                                                      0.000     0.000 r  pl_clk (IN)
                         net (fo=2592, unset)         0.432     0.432    u_chain/u_fir/pl_clk
    SLICE_X32Y4          FDCE                                         r  u_chain/u_fir/delay_q_reg[38][0]/C
                         clock pessimism              0.000     0.432    
    SLICE_X32Y4          FDCE (Hold_fdce_C_D)         0.064     0.496    u_chain/u_fir/delay_q_reg[38][0]
  -------------------------------------------------------------------
                         required time                         -0.496    
                         arrival time                           0.642    
  -------------------------------------------------------------------
                         slack                                  0.147    

Slack (MET) :             0.149ns  (arrival time - required time)
  Source:                 u_chain/u_fir/delay_q_reg[36][5]/C
                            (rising edge-triggered cell FDCE clocked by pl_clk  {rise@0.000ns fall@5.000ns period=10.000ns})
  Destination:            u_chain/u_fir/delay_q_reg[37][5]/D
                            (rising edge-triggered cell FDCE clocked by pl_clk  {rise@0.000ns fall@5.000ns period=10.000ns})
  Path Group:             pl_clk
  Path Type:              Hold (Min at Fast Process Corner)
  Requirement:            0.000ns  (pl_clk rise@0.000ns - pl_clk rise@0.000ns)
  Data Path Delay:        0.234ns  (logic 0.164ns (70.006%)  route 0.070ns (29.994%))
  Logic Levels:           0  
  Clock Path Skew:        0.022ns (DCD - SCD - CPR)
    Destination Clock Delay (DCD):    0.432ns
    Source Clock Delay      (SCD):    0.410ns
    Clock Pessimism Removal (CPR):    -0.000ns

    Location             Delay type                Incr(ns)  Path(ns)    Netlist Resource(s)
  -------------------------------------------------------------------    -------------------
                         (clock pl_clk rise edge)     0.000     0.000 r  
                                                      0.000     0.000 r  pl_clk (IN)
                         net (fo=2592, unset)         0.410     0.410    u_chain/u_fir/pl_clk
    SLICE_X32Y4          FDCE                                         r  u_chain/u_fir/delay_q_reg[36][5]/C
  -------------------------------------------------------------------    -------------------
    SLICE_X32Y4          FDCE (Prop_fdce_C_Q)         0.164     0.574 r  u_chain/u_fir/delay_q_reg[36][5]/Q
                         net (fo=2, routed)           0.070     0.644    u_chain/u_fir/delay_q_reg[36]_98[5]
    SLICE_X32Y4          FDCE                                         r  u_chain/u_fir/delay_q_reg[37][5]/D
  -------------------------------------------------------------------    -------------------

                         (clock pl_clk rise edge)     0.000     0.000 r  
                                                      0.000     0.000 r  pl_clk (IN)
                         net (fo=2592, unset)         0.432     0.432    u_chain/u_fir/pl_clk
    SLICE_X32Y4          FDCE                                         r  u_chain/u_fir/delay_q_reg[37][5]/C
                         clock pessimism              0.000     0.432    
    SLICE_X32Y4          FDCE (Hold_fdce_C_D)         0.064     0.496    u_chain/u_fir/delay_q_reg[37][5]
  -------------------------------------------------------------------
                         required time                         -0.496    
                         arrival time                           0.644    
  -------------------------------------------------------------------
                         slack                                  0.149    





Pulse Width Checks
--------------------------------------------------------------------------------------
Clock Name:         pl_clk
Waveform(ns):       { 0.000 5.000 }
Period(ns):         10.000
Sources:            { pl_clk }

Check Type        Corner  Lib Pin  Reference Pin  Required(ns)  Actual(ns)  Slack(ns)  Location      Pin
Min Period        n/a     FDCE/C   n/a            1.000         10.000      9.000      SLICE_X16Y57  result_decision_reg/C
Min Period        n/a     FDCE/C   n/a            1.000         10.000      9.000      SLICE_X16Y47  result_i_reg[0]/C
Min Period        n/a     FDCE/C   n/a            1.000         10.000      9.000      SLICE_X15Y45  result_i_reg[10]/C
Min Period        n/a     FDCE/C   n/a            1.000         10.000      9.000      SLICE_X15Y45  result_i_reg[11]/C
Min Period        n/a     FDCE/C   n/a            1.000         10.000      9.000      SLICE_X16Y46  result_i_reg[12]/C
Min Period        n/a     FDCE/C   n/a            1.000         10.000      9.000      SLICE_X16Y46  result_i_reg[13]/C
Min Period        n/a     FDCE/C   n/a            1.000         10.000      9.000      SLICE_X14Y46  result_i_reg[14]/C
Min Period        n/a     FDCE/C   n/a            1.000         10.000      9.000      SLICE_X14Y46  result_i_reg[15]/C
Min Period        n/a     FDCE/C   n/a            1.000         10.000      9.000      SLICE_X16Y47  result_i_reg[16]/C
Min Period        n/a     FDCE/C   n/a            1.000         10.000      9.000      SLICE_X16Y47  result_i_reg[17]/C
Low Pulse Width   Slow    FDCE/C   n/a            0.500         5.000       4.500      SLICE_X16Y57  result_decision_reg/C
Low Pulse Width   Fast    FDCE/C   n/a            0.500         5.000       4.500      SLICE_X16Y57  result_decision_reg/C
Low Pulse Width   Slow    FDCE/C   n/a            0.500         5.000       4.500      SLICE_X16Y47  result_i_reg[0]/C
Low Pulse Width   Fast    FDCE/C   n/a            0.500         5.000       4.500      SLICE_X16Y47  result_i_reg[0]/C
Low Pulse Width   Slow    FDCE/C   n/a            0.500         5.000       4.500      SLICE_X15Y45  result_i_reg[10]/C
Low Pulse Width   Fast    FDCE/C   n/a            0.500         5.000       4.500      SLICE_X15Y45  result_i_reg[10]/C
Low Pulse Width   Slow    FDCE/C   n/a            0.500         5.000       4.500      SLICE_X15Y45  result_i_reg[11]/C
Low Pulse Width   Fast    FDCE/C   n/a            0.500         5.000       4.500      SLICE_X15Y45  result_i_reg[11]/C
Low Pulse Width   Slow    FDCE/C   n/a            0.500         5.000       4.500      SLICE_X16Y46  result_i_reg[12]/C
Low Pulse Width   Fast    FDCE/C   n/a            0.500         5.000       4.500      SLICE_X16Y46  result_i_reg[12]/C
High Pulse Width  Slow    FDCE/C   n/a            0.500         5.000       4.500      SLICE_X16Y57  result_decision_reg/C
High Pulse Width  Fast    FDCE/C   n/a            0.500         5.000       4.500      SLICE_X16Y57  result_decision_reg/C
High Pulse Width  Slow    FDCE/C   n/a            0.500         5.000       4.500      SLICE_X16Y47  result_i_reg[0]/C
High Pulse Width  Fast    FDCE/C   n/a            0.500         5.000       4.500      SLICE_X16Y47  result_i_reg[0]/C
High Pulse Width  Slow    FDCE/C   n/a            0.500         5.000       4.500      SLICE_X15Y45  result_i_reg[10]/C
High Pulse Width  Fast    FDCE/C   n/a            0.500         5.000       4.500      SLICE_X15Y45  result_i_reg[10]/C
High Pulse Width  Slow    FDCE/C   n/a            0.500         5.000       4.500      SLICE_X15Y45  result_i_reg[11]/C
High Pulse Width  Fast    FDCE/C   n/a            0.500         5.000       4.500      SLICE_X15Y45  result_i_reg[11]/C
High Pulse Width  Slow    FDCE/C   n/a            0.500         5.000       4.500      SLICE_X16Y46  result_i_reg[12]/C
High Pulse Width  Fast    FDCE/C   n/a            0.500         5.000       4.500      SLICE_X16Y46  result_i_reg[12]/C



---------------------------------------------------------------------------------------------------
Path Group:  **async_default**
From Clock:  pl_clk
  To Clock:  pl_clk

Setup :          378  Failing Endpoints,  Worst Slack       -4.835ns,  Total Violation     -732.957ns
Hold  :            0  Failing Endpoints,  Worst Slack        0.871ns,  Total Violation        0.000ns
---------------------------------------------------------------------------------------------------


Max Delay Paths
--------------------------------------------------------------------------------------
Slack (VIOLATED) :        -4.835ns  (required time - arrival time)
  Source:                 u_lite/soft_rst_pulse_reg/C
                            (rising edge-triggered cell FDCE clocked by pl_clk  {rise@0.000ns fall@5.000ns period=10.000ns})
  Destination:            u_chain/u_fir/delay_q_reg[15][3]/CLR
                            (recovery check against rising-edge clock pl_clk  {rise@0.000ns fall@5.000ns period=10.000ns})
  Path Group:             **async_default**
  Path Type:              Recovery (Max at Slow Process Corner)
  Requirement:            10.000ns  (pl_clk rise@10.000ns - pl_clk rise@0.000ns)
  Data Path Delay:        14.346ns  (logic 0.642ns (4.475%)  route 13.704ns (95.525%))
  Logic Levels:           1  (LUT3=1)
  Clock Path Skew:        -0.049ns (DCD - SCD + CPR)
    Destination Clock Delay (DCD):    0.924ns = ( 10.924 - 10.000 ) 
    Source Clock Delay      (SCD):    0.973ns
    Clock Pessimism Removal (CPR):    0.000ns
  Clock Uncertainty:      0.035ns  ((TSJ^2 + TIJ^2)^1/2 + DJ) / 2 + PE
    Total System Jitter     (TSJ):    0.071ns
    Total Input Jitter      (TIJ):    0.000ns
    Discrete Jitter          (DJ):    0.000ns
    Phase Error              (PE):    0.000ns

    Location             Delay type                Incr(ns)  Path(ns)    Netlist Resource(s)
  -------------------------------------------------------------------    -------------------
                         (clock pl_clk rise edge)     0.000     0.000 r  
                                                      0.000     0.000 r  pl_clk (IN)
                         net (fo=2592, unset)         0.973     0.973    u_lite/pl_clk
    SLICE_X16Y63         FDCE                                         r  u_lite/soft_rst_pulse_reg/C
  -------------------------------------------------------------------    -------------------
    SLICE_X16Y63         FDCE (Prop_fdce_C_Q)         0.518     1.491 f  u_lite/soft_rst_pulse_reg/Q
                         net (fo=59, routed)          1.630     3.121    u_lite/soft_rst_pulse
    SLICE_X18Y51         LUT3 (Prop_lut3_I0_O)        0.124     3.245 f  u_lite/s_axis_tready_INST_0_i_1/O
                         net (fo=2341, routed)       12.074    15.319    u_chain/u_fir/sample_idx_reg[0]_0
    SLICE_X9Y3           FDCE                                         f  u_chain/u_fir/delay_q_reg[15][3]/CLR
  -------------------------------------------------------------------    -------------------

                         (clock pl_clk rise edge)    10.000    10.000 r  
                                                      0.000    10.000 r  pl_clk (IN)
                         net (fo=2592, unset)         0.924    10.924    u_chain/u_fir/pl_clk
    SLICE_X9Y3           FDCE                                         r  u_chain/u_fir/delay_q_reg[15][3]/C
                         clock pessimism              0.000    10.924    
                         clock uncertainty           -0.035    10.889    
    SLICE_X9Y3           FDCE (Recov_fdce_C_CLR)     -0.405    10.484    u_chain/u_fir/delay_q_reg[15][3]
  -------------------------------------------------------------------
                         required time                         10.484    
                         arrival time                         -15.319    
  -------------------------------------------------------------------
                         slack                                 -4.835    

Slack (VIOLATED) :        -4.835ns  (required time - arrival time)
  Source:                 u_lite/soft_rst_pulse_reg/C
                            (rising edge-triggered cell FDCE clocked by pl_clk  {rise@0.000ns fall@5.000ns period=10.000ns})
  Destination:            u_chain/u_fir/delay_q_reg[16][3]/CLR
                            (recovery check against rising-edge clock pl_clk  {rise@0.000ns fall@5.000ns period=10.000ns})
  Path Group:             **async_default**
  Path Type:              Recovery (Max at Slow Process Corner)
  Requirement:            10.000ns  (pl_clk rise@10.000ns - pl_clk rise@0.000ns)
  Data Path Delay:        14.346ns  (logic 0.642ns (4.475%)  route 13.704ns (95.525%))
  Logic Levels:           1  (LUT3=1)
  Clock Path Skew:        -0.049ns (DCD - SCD + CPR)
    Destination Clock Delay (DCD):    0.924ns = ( 10.924 - 10.000 ) 
    Source Clock Delay      (SCD):    0.973ns
    Clock Pessimism Removal (CPR):    0.000ns
  Clock Uncertainty:      0.035ns  ((TSJ^2 + TIJ^2)^1/2 + DJ) / 2 + PE
    Total System Jitter     (TSJ):    0.071ns
    Total Input Jitter      (TIJ):    0.000ns
    Discrete Jitter          (DJ):    0.000ns
    Phase Error              (PE):    0.000ns

    Location             Delay type                Incr(ns)  Path(ns)    Netlist Resource(s)
  -------------------------------------------------------------------    -------------------
                         (clock pl_clk rise edge)     0.000     0.000 r  
                                                      0.000     0.000 r  pl_clk (IN)
                         net (fo=2592, unset)         0.973     0.973    u_lite/pl_clk
    SLICE_X16Y63         FDCE                                         r  u_lite/soft_rst_pulse_reg/C
  -------------------------------------------------------------------    -------------------
    SLICE_X16Y63         FDCE (Prop_fdce_C_Q)         0.518     1.491 f  u_lite/soft_rst_pulse_reg/Q
                         net (fo=59, routed)          1.630     3.121    u_lite/soft_rst_pulse
    SLICE_X18Y51         LUT3 (Prop_lut3_I0_O)        0.124     3.245 f  u_lite/s_axis_tready_INST_0_i_1/O
                         net (fo=2341, routed)       12.074    15.319    u_chain/u_fir/sample_idx_reg[0]_0
    SLICE_X9Y3           FDCE                                         f  u_chain/u_fir/delay_q_reg[16][3]/CLR
  -------------------------------------------------------------------    -------------------

                         (clock pl_clk rise edge)    10.000    10.000 r  
                                                      0.000    10.000 r  pl_clk (IN)
                         net (fo=2592, unset)         0.924    10.924    u_chain/u_fir/pl_clk
    SLICE_X9Y3           FDCE                                         r  u_chain/u_fir/delay_q_reg[16][3]/C
                         clock pessimism              0.000    10.924    
                         clock uncertainty           -0.035    10.889    
    SLICE_X9Y3           FDCE (Recov_fdce_C_CLR)     -0.405    10.484    u_chain/u_fir/delay_q_reg[16][3]
  -------------------------------------------------------------------
                         required time                         10.484    
                         arrival time                         -15.319    
  -------------------------------------------------------------------
                         slack                                 -4.835    

Slack (VIOLATED) :        -4.835ns  (required time - arrival time)
  Source:                 u_lite/soft_rst_pulse_reg/C
                            (rising edge-triggered cell FDCE clocked by pl_clk  {rise@0.000ns fall@5.000ns period=10.000ns})
  Destination:            u_chain/u_fir/delay_q_reg[16][7]/CLR
                            (recovery check against rising-edge clock pl_clk  {rise@0.000ns fall@5.000ns period=10.000ns})
  Path Group:             **async_default**
  Path Type:              Recovery (Max at Slow Process Corner)
  Requirement:            10.000ns  (pl_clk rise@10.000ns - pl_clk rise@0.000ns)
  Data Path Delay:        14.346ns  (logic 0.642ns (4.475%)  route 13.704ns (95.525%))
  Logic Levels:           1  (LUT3=1)
  Clock Path Skew:        -0.049ns (DCD - SCD + CPR)
    Destination Clock Delay (DCD):    0.924ns = ( 10.924 - 10.000 ) 
    Source Clock Delay      (SCD):    0.973ns
    Clock Pessimism Removal (CPR):    0.000ns
  Clock Uncertainty:      0.035ns  ((TSJ^2 + TIJ^2)^1/2 + DJ) / 2 + PE
    Total System Jitter     (TSJ):    0.071ns
    Total Input Jitter      (TIJ):    0.000ns
    Discrete Jitter          (DJ):    0.000ns
    Phase Error              (PE):    0.000ns

    Location             Delay type                Incr(ns)  Path(ns)    Netlist Resource(s)
  -------------------------------------------------------------------    -------------------
                         (clock pl_clk rise edge)     0.000     0.000 r  
                                                      0.000     0.000 r  pl_clk (IN)
                         net (fo=2592, unset)         0.973     0.973    u_lite/pl_clk
    SLICE_X16Y63         FDCE                                         r  u_lite/soft_rst_pulse_reg/C
  -------------------------------------------------------------------    -------------------
    SLICE_X16Y63         FDCE (Prop_fdce_C_Q)         0.518     1.491 f  u_lite/soft_rst_pulse_reg/Q
                         net (fo=59, routed)          1.630     3.121    u_lite/soft_rst_pulse
    SLICE_X18Y51         LUT3 (Prop_lut3_I0_O)        0.124     3.245 f  u_lite/s_axis_tready_INST_0_i_1/O
                         net (fo=2341, routed)       12.074    15.319    u_chain/u_fir/sample_idx_reg[0]_0
    SLICE_X9Y3           FDCE                                         f  u_chain/u_fir/delay_q_reg[16][7]/CLR
  -------------------------------------------------------------------    -------------------

                         (clock pl_clk rise edge)    10.000    10.000 r  
                                                      0.000    10.000 r  pl_clk (IN)
                         net (fo=2592, unset)         0.924    10.924    u_chain/u_fir/pl_clk
    SLICE_X9Y3           FDCE                                         r  u_chain/u_fir/delay_q_reg[16][7]/C
                         clock pessimism              0.000    10.924    
                         clock uncertainty           -0.035    10.889    
    SLICE_X9Y3           FDCE (Recov_fdce_C_CLR)     -0.405    10.484    u_chain/u_fir/delay_q_reg[16][7]
  -------------------------------------------------------------------
                         required time                         10.484    
                         arrival time                         -15.319    
  -------------------------------------------------------------------
                         slack                                 -4.835    

Slack (VIOLATED) :        -4.760ns  (required time - arrival time)
  Source:                 u_lite/soft_rst_pulse_reg/C
                            (rising edge-triggered cell FDCE clocked by pl_clk  {rise@0.000ns fall@5.000ns period=10.000ns})
  Destination:            u_chain/u_fir/delay_q_reg[16][15]/CLR
                            (recovery check against rising-edge clock pl_clk  {rise@0.000ns fall@5.000ns period=10.000ns})
  Path Group:             **async_default**
  Path Type:              Recovery (Max at Slow Process Corner)
  Requirement:            10.000ns  (pl_clk rise@10.000ns - pl_clk rise@0.000ns)
  Data Path Delay:        14.271ns  (logic 0.642ns (4.499%)  route 13.629ns (95.501%))
  Logic Levels:           1  (LUT3=1)
  Clock Path Skew:        -0.049ns (DCD - SCD + CPR)
    Destination Clock Delay (DCD):    0.924ns = ( 10.924 - 10.000 ) 
    Source Clock Delay      (SCD):    0.973ns
    Clock Pessimism Removal (CPR):    0.000ns
  Clock Uncertainty:      0.035ns  ((TSJ^2 + TIJ^2)^1/2 + DJ) / 2 + PE
    Total System Jitter     (TSJ):    0.071ns
    Total Input Jitter      (TIJ):    0.000ns
    Discrete Jitter          (DJ):    0.000ns
    Phase Error              (PE):    0.000ns

    Location             Delay type                Incr(ns)  Path(ns)    Netlist Resource(s)
  -------------------------------------------------------------------    -------------------
                         (clock pl_clk rise edge)     0.000     0.000 r  
                                                      0.000     0.000 r  pl_clk (IN)
                         net (fo=2592, unset)         0.973     0.973    u_lite/pl_clk
    SLICE_X16Y63         FDCE                                         r  u_lite/soft_rst_pulse_reg/C
  -------------------------------------------------------------------    -------------------
    SLICE_X16Y63         FDCE (Prop_fdce_C_Q)         0.518     1.491 f  u_lite/soft_rst_pulse_reg/Q
                         net (fo=59, routed)          1.630     3.121    u_lite/soft_rst_pulse
    SLICE_X18Y51         LUT3 (Prop_lut3_I0_O)        0.124     3.245 f  u_lite/s_axis_tready_INST_0_i_1/O
                         net (fo=2341, routed)       11.999    15.244    u_chain/u_fir/sample_idx_reg[0]_0
    SLICE_X11Y2          FDCE                                         f  u_chain/u_fir/delay_q_reg[16][15]/CLR
  -------------------------------------------------------------------    -------------------

                         (clock pl_clk rise edge)    10.000    10.000 r  
                                                      0.000    10.000 r  pl_clk (IN)
                         net (fo=2592, unset)         0.924    10.924    u_chain/u_fir/pl_clk
    SLICE_X11Y2          FDCE                                         r  u_chain/u_fir/delay_q_reg[16][15]/C
                         clock pessimism              0.000    10.924    
                         clock uncertainty           -0.035    10.889    
    SLICE_X11Y2          FDCE (Recov_fdce_C_CLR)     -0.405    10.484    u_chain/u_fir/delay_q_reg[16][15]
  -------------------------------------------------------------------
                         required time                         10.484    
                         arrival time                         -15.244    
  -------------------------------------------------------------------
                         slack                                 -4.760    

Slack (VIOLATED) :        -4.619ns  (required time - arrival time)
  Source:                 u_lite/soft_rst_pulse_reg/C
                            (rising edge-triggered cell FDCE clocked by pl_clk  {rise@0.000ns fall@5.000ns period=10.000ns})
  Destination:            u_chain/u_fir/delay_q_reg[15][15]/CLR
                            (recovery check against rising-edge clock pl_clk  {rise@0.000ns fall@5.000ns period=10.000ns})
  Path Group:             **async_default**
  Path Type:              Recovery (Max at Slow Process Corner)
  Requirement:            10.000ns  (pl_clk rise@10.000ns - pl_clk rise@0.000ns)
  Data Path Delay:        14.130ns  (logic 0.642ns (4.543%)  route 13.488ns (95.457%))
  Logic Levels:           1  (LUT3=1)
  Clock Path Skew:        -0.049ns (DCD - SCD + CPR)
    Destination Clock Delay (DCD):    0.924ns = ( 10.924 - 10.000 ) 
    Source Clock Delay      (SCD):    0.973ns
    Clock Pessimism Removal (CPR):    0.000ns
  Clock Uncertainty:      0.035ns  ((TSJ^2 + TIJ^2)^1/2 + DJ) / 2 + PE
    Total System Jitter     (TSJ):    0.071ns
    Total Input Jitter      (TIJ):    0.000ns
    Discrete Jitter          (DJ):    0.000ns
    Phase Error              (PE):    0.000ns

    Location             Delay type                Incr(ns)  Path(ns)    Netlist Resource(s)
  -------------------------------------------------------------------    -------------------
                         (clock pl_clk rise edge)     0.000     0.000 r  
                                                      0.000     0.000 r  pl_clk (IN)
                         net (fo=2592, unset)         0.973     0.973    u_lite/pl_clk
    SLICE_X16Y63         FDCE                                         r  u_lite/soft_rst_pulse_reg/C
  -------------------------------------------------------------------    -------------------
    SLICE_X16Y63         FDCE (Prop_fdce_C_Q)         0.518     1.491 f  u_lite/soft_rst_pulse_reg/Q
                         net (fo=59, routed)          1.630     3.121    u_lite/soft_rst_pulse
    SLICE_X18Y51         LUT3 (Prop_lut3_I0_O)        0.124     3.245 f  u_lite/s_axis_tready_INST_0_i_1/O
                         net (fo=2341, routed)       11.858    15.103    u_chain/u_fir/sample_idx_reg[0]_0
    SLICE_X11Y4          FDCE                                         f  u_chain/u_fir/delay_q_reg[15][15]/CLR
  -------------------------------------------------------------------    -------------------

                         (clock pl_clk rise edge)    10.000    10.000 r  
                                                      0.000    10.000 r  pl_clk (IN)
                         net (fo=2592, unset)         0.924    10.924    u_chain/u_fir/pl_clk
    SLICE_X11Y4          FDCE                                         r  u_chain/u_fir/delay_q_reg[15][15]/C
                         clock pessimism              0.000    10.924    
                         clock uncertainty           -0.035    10.889    
    SLICE_X11Y4          FDCE (Recov_fdce_C_CLR)     -0.405    10.484    u_chain/u_fir/delay_q_reg[15][15]
  -------------------------------------------------------------------
                         required time                         10.484    
                         arrival time                         -15.103    
  -------------------------------------------------------------------
                         slack                                 -4.619    

Slack (VIOLATED) :        -4.619ns  (required time - arrival time)
  Source:                 u_lite/soft_rst_pulse_reg/C
                            (rising edge-triggered cell FDCE clocked by pl_clk  {rise@0.000ns fall@5.000ns period=10.000ns})
  Destination:            u_chain/u_fir/delay_q_reg[16][12]/CLR
                            (recovery check against rising-edge clock pl_clk  {rise@0.000ns fall@5.000ns period=10.000ns})
  Path Group:             **async_default**
  Path Type:              Recovery (Max at Slow Process Corner)
  Requirement:            10.000ns  (pl_clk rise@10.000ns - pl_clk rise@0.000ns)
  Data Path Delay:        14.130ns  (logic 0.642ns (4.543%)  route 13.488ns (95.457%))
  Logic Levels:           1  (LUT3=1)
  Clock Path Skew:        -0.049ns (DCD - SCD + CPR)
    Destination Clock Delay (DCD):    0.924ns = ( 10.924 - 10.000 ) 
    Source Clock Delay      (SCD):    0.973ns
    Clock Pessimism Removal (CPR):    0.000ns
  Clock Uncertainty:      0.035ns  ((TSJ^2 + TIJ^2)^1/2 + DJ) / 2 + PE
    Total System Jitter     (TSJ):    0.071ns
    Total Input Jitter      (TIJ):    0.000ns
    Discrete Jitter          (DJ):    0.000ns
    Phase Error              (PE):    0.000ns

    Location             Delay type                Incr(ns)  Path(ns)    Netlist Resource(s)
  -------------------------------------------------------------------    -------------------
                         (clock pl_clk rise edge)     0.000     0.000 r  
                                                      0.000     0.000 r  pl_clk (IN)
                         net (fo=2592, unset)         0.973     0.973    u_lite/pl_clk
    SLICE_X16Y63         FDCE                                         r  u_lite/soft_rst_pulse_reg/C
  -------------------------------------------------------------------    -------------------
    SLICE_X16Y63         FDCE (Prop_fdce_C_Q)         0.518     1.491 f  u_lite/soft_rst_pulse_reg/Q
                         net (fo=59, routed)          1.630     3.121    u_lite/soft_rst_pulse
    SLICE_X18Y51         LUT3 (Prop_lut3_I0_O)        0.124     3.245 f  u_lite/s_axis_tready_INST_0_i_1/O
                         net (fo=2341, routed)       11.858    15.103    u_chain/u_fir/sample_idx_reg[0]_0
    SLICE_X11Y4          FDCE                                         f  u_chain/u_fir/delay_q_reg[16][12]/CLR
  -------------------------------------------------------------------    -------------------

                         (clock pl_clk rise edge)    10.000    10.000 r  
                                                      0.000    10.000 r  pl_clk (IN)
                         net (fo=2592, unset)         0.924    10.924    u_chain/u_fir/pl_clk
    SLICE_X11Y4          FDCE                                         r  u_chain/u_fir/delay_q_reg[16][12]/C
                         clock pessimism              0.000    10.924    
                         clock uncertainty           -0.035    10.889    
    SLICE_X11Y4          FDCE (Recov_fdce_C_CLR)     -0.405    10.484    u_chain/u_fir/delay_q_reg[16][12]
  -------------------------------------------------------------------
                         required time                         10.484    
                         arrival time                         -15.103    
  -------------------------------------------------------------------
                         slack                                 -4.619    

Slack (VIOLATED) :        -4.619ns  (required time - arrival time)
  Source:                 u_lite/soft_rst_pulse_reg/C
                            (rising edge-triggered cell FDCE clocked by pl_clk  {rise@0.000ns fall@5.000ns period=10.000ns})
  Destination:            u_chain/u_fir/delay_q_reg[16][5]/CLR
                            (recovery check against rising-edge clock pl_clk  {rise@0.000ns fall@5.000ns period=10.000ns})
  Path Group:             **async_default**
  Path Type:              Recovery (Max at Slow Process Corner)
  Requirement:            10.000ns  (pl_clk rise@10.000ns - pl_clk rise@0.000ns)
  Data Path Delay:        14.130ns  (logic 0.642ns (4.543%)  route 13.488ns (95.457%))
  Logic Levels:           1  (LUT3=1)
  Clock Path Skew:        -0.049ns (DCD - SCD + CPR)
    Destination Clock Delay (DCD):    0.924ns = ( 10.924 - 10.000 ) 
    Source Clock Delay      (SCD):    0.973ns
    Clock Pessimism Removal (CPR):    0.000ns
  Clock Uncertainty:      0.035ns  ((TSJ^2 + TIJ^2)^1/2 + DJ) / 2 + PE
    Total System Jitter     (TSJ):    0.071ns
    Total Input Jitter      (TIJ):    0.000ns
    Discrete Jitter          (DJ):    0.000ns
    Phase Error              (PE):    0.000ns

    Location             Delay type                Incr(ns)  Path(ns)    Netlist Resource(s)
  -------------------------------------------------------------------    -------------------
                         (clock pl_clk rise edge)     0.000     0.000 r  
                                                      0.000     0.000 r  pl_clk (IN)
                         net (fo=2592, unset)         0.973     0.973    u_lite/pl_clk
    SLICE_X16Y63         FDCE                                         r  u_lite/soft_rst_pulse_reg/C
  -------------------------------------------------------------------    -------------------
    SLICE_X16Y63         FDCE (Prop_fdce_C_Q)         0.518     1.491 f  u_lite/soft_rst_pulse_reg/Q
                         net (fo=59, routed)          1.630     3.121    u_lite/soft_rst_pulse
    SLICE_X18Y51         LUT3 (Prop_lut3_I0_O)        0.124     3.245 f  u_lite/s_axis_tready_INST_0_i_1/O
                         net (fo=2341, routed)       11.858    15.103    u_chain/u_fir/sample_idx_reg[0]_0
    SLICE_X11Y4          FDCE                                         f  u_chain/u_fir/delay_q_reg[16][5]/CLR
  -------------------------------------------------------------------    -------------------

                         (clock pl_clk rise edge)    10.000    10.000 r  
                                                      0.000    10.000 r  pl_clk (IN)
                         net (fo=2592, unset)         0.924    10.924    u_chain/u_fir/pl_clk
    SLICE_X11Y4          FDCE                                         r  u_chain/u_fir/delay_q_reg[16][5]/C
                         clock pessimism              0.000    10.924    
                         clock uncertainty           -0.035    10.889    
    SLICE_X11Y4          FDCE (Recov_fdce_C_CLR)     -0.405    10.484    u_chain/u_fir/delay_q_reg[16][5]
  -------------------------------------------------------------------
                         required time                         10.484    
                         arrival time                         -15.103    
  -------------------------------------------------------------------
                         slack                                 -4.619    

Slack (VIOLATED) :        -4.613ns  (required time - arrival time)
  Source:                 u_lite/soft_rst_pulse_reg/C
                            (rising edge-triggered cell FDCE clocked by pl_clk  {rise@0.000ns fall@5.000ns period=10.000ns})
  Destination:            u_chain/u_fir/delay_q_reg[15][12]/CLR
                            (recovery check against rising-edge clock pl_clk  {rise@0.000ns fall@5.000ns period=10.000ns})
  Path Group:             **async_default**
  Path Type:              Recovery (Max at Slow Process Corner)
  Requirement:            10.000ns  (pl_clk rise@10.000ns - pl_clk rise@0.000ns)
  Data Path Delay:        14.124ns  (logic 0.642ns (4.545%)  route 13.482ns (95.455%))
  Logic Levels:           1  (LUT3=1)
  Clock Path Skew:        -0.049ns (DCD - SCD + CPR)
    Destination Clock Delay (DCD):    0.924ns = ( 10.924 - 10.000 ) 
    Source Clock Delay      (SCD):    0.973ns
    Clock Pessimism Removal (CPR):    0.000ns
  Clock Uncertainty:      0.035ns  ((TSJ^2 + TIJ^2)^1/2 + DJ) / 2 + PE
    Total System Jitter     (TSJ):    0.071ns
    Total Input Jitter      (TIJ):    0.000ns
    Discrete Jitter          (DJ):    0.000ns
    Phase Error              (PE):    0.000ns

    Location             Delay type                Incr(ns)  Path(ns)    Netlist Resource(s)
  -------------------------------------------------------------------    -------------------
                         (clock pl_clk rise edge)     0.000     0.000 r  
                                                      0.000     0.000 r  pl_clk (IN)
                         net (fo=2592, unset)         0.973     0.973    u_lite/pl_clk
    SLICE_X16Y63         FDCE                                         r  u_lite/soft_rst_pulse_reg/C
  -------------------------------------------------------------------    -------------------
    SLICE_X16Y63         FDCE (Prop_fdce_C_Q)         0.518     1.491 f  u_lite/soft_rst_pulse_reg/Q
                         net (fo=59, routed)          1.630     3.121    u_lite/soft_rst_pulse
    SLICE_X18Y51         LUT3 (Prop_lut3_I0_O)        0.124     3.245 f  u_lite/s_axis_tready_INST_0_i_1/O
                         net (fo=2341, routed)       11.853    15.097    u_chain/u_fir/sample_idx_reg[0]_0
    SLICE_X13Y5          FDCE                                         f  u_chain/u_fir/delay_q_reg[15][12]/CLR
  -------------------------------------------------------------------    -------------------

                         (clock pl_clk rise edge)    10.000    10.000 r  
                                                      0.000    10.000 r  pl_clk (IN)
                         net (fo=2592, unset)         0.924    10.924    u_chain/u_fir/pl_clk
    SLICE_X13Y5          FDCE                                         r  u_chain/u_fir/delay_q_reg[15][12]/C
                         clock pessimism              0.000    10.924    
                         clock uncertainty           -0.035    10.889    
    SLICE_X13Y5          FDCE (Recov_fdce_C_CLR)     -0.405    10.484    u_chain/u_fir/delay_q_reg[15][12]
  -------------------------------------------------------------------
                         required time                         10.484    
                         arrival time                         -15.097    
  -------------------------------------------------------------------
                         slack                                 -4.613    

Slack (VIOLATED) :        -4.527ns  (required time - arrival time)
  Source:                 u_lite/soft_rst_pulse_reg/C
                            (rising edge-triggered cell FDCE clocked by pl_clk  {rise@0.000ns fall@5.000ns period=10.000ns})
  Destination:            u_chain/u_fir/delay_q_reg[15][14]/CLR
                            (recovery check against rising-edge clock pl_clk  {rise@0.000ns fall@5.000ns period=10.000ns})
  Path Group:             **async_default**
  Path Type:              Recovery (Max at Slow Process Corner)
  Requirement:            10.000ns  (pl_clk rise@10.000ns - pl_clk rise@0.000ns)
  Data Path Delay:        14.124ns  (logic 0.642ns (4.545%)  route 13.482ns (95.455%))
  Logic Levels:           1  (LUT3=1)
  Clock Path Skew:        -0.049ns (DCD - SCD + CPR)
    Destination Clock Delay (DCD):    0.924ns = ( 10.924 - 10.000 ) 
    Source Clock Delay      (SCD):    0.973ns
    Clock Pessimism Removal (CPR):    0.000ns
  Clock Uncertainty:      0.035ns  ((TSJ^2 + TIJ^2)^1/2 + DJ) / 2 + PE
    Total System Jitter     (TSJ):    0.071ns
    Total Input Jitter      (TIJ):    0.000ns
    Discrete Jitter          (DJ):    0.000ns
    Phase Error              (PE):    0.000ns

    Location             Delay type                Incr(ns)  Path(ns)    Netlist Resource(s)
  -------------------------------------------------------------------    -------------------
                         (clock pl_clk rise edge)     0.000     0.000 r  
                                                      0.000     0.000 r  pl_clk (IN)
                         net (fo=2592, unset)         0.973     0.973    u_lite/pl_clk
    SLICE_X16Y63         FDCE                                         r  u_lite/soft_rst_pulse_reg/C
  -------------------------------------------------------------------    -------------------
    SLICE_X16Y63         FDCE (Prop_fdce_C_Q)         0.518     1.491 f  u_lite/soft_rst_pulse_reg/Q
                         net (fo=59, routed)          1.630     3.121    u_lite/soft_rst_pulse
    SLICE_X18Y51         LUT3 (Prop_lut3_I0_O)        0.124     3.245 f  u_lite/s_axis_tready_INST_0_i_1/O
                         net (fo=2341, routed)       11.853    15.097    u_chain/u_fir/sample_idx_reg[0]_0
    SLICE_X12Y5          FDCE                                         f  u_chain/u_fir/delay_q_reg[15][14]/CLR
  -------------------------------------------------------------------    -------------------

                         (clock pl_clk rise edge)    10.000    10.000 r  
                                                      0.000    10.000 r  pl_clk (IN)
                         net (fo=2592, unset)         0.924    10.924    u_chain/u_fir/pl_clk
    SLICE_X12Y5          FDCE                                         r  u_chain/u_fir/delay_q_reg[15][14]/C
                         clock pessimism              0.000    10.924    
                         clock uncertainty           -0.035    10.889    
    SLICE_X12Y5          FDCE (Recov_fdce_C_CLR)     -0.319    10.570    u_chain/u_fir/delay_q_reg[15][14]
  -------------------------------------------------------------------
                         required time                         10.570    
                         arrival time                         -15.097    
  -------------------------------------------------------------------
                         slack                                 -4.527    

Slack (VIOLATED) :        -4.527ns  (required time - arrival time)
  Source:                 u_lite/soft_rst_pulse_reg/C
                            (rising edge-triggered cell FDCE clocked by pl_clk  {rise@0.000ns fall@5.000ns period=10.000ns})
  Destination:            u_chain/u_fir/delay_q_reg[15][5]/CLR
                            (recovery check against rising-edge clock pl_clk  {rise@0.000ns fall@5.000ns period=10.000ns})
  Path Group:             **async_default**
  Path Type:              Recovery (Max at Slow Process Corner)
  Requirement:            10.000ns  (pl_clk rise@10.000ns - pl_clk rise@0.000ns)
  Data Path Delay:        14.124ns  (logic 0.642ns (4.545%)  route 13.482ns (95.455%))
  Logic Levels:           1  (LUT3=1)
  Clock Path Skew:        -0.049ns (DCD - SCD + CPR)
    Destination Clock Delay (DCD):    0.924ns = ( 10.924 - 10.000 ) 
    Source Clock Delay      (SCD):    0.973ns
    Clock Pessimism Removal (CPR):    0.000ns
  Clock Uncertainty:      0.035ns  ((TSJ^2 + TIJ^2)^1/2 + DJ) / 2 + PE
    Total System Jitter     (TSJ):    0.071ns
    Total Input Jitter      (TIJ):    0.000ns
    Discrete Jitter          (DJ):    0.000ns
    Phase Error              (PE):    0.000ns

    Location             Delay type                Incr(ns)  Path(ns)    Netlist Resource(s)
  -------------------------------------------------------------------    -------------------
                         (clock pl_clk rise edge)     0.000     0.000 r  
                                                      0.000     0.000 r  pl_clk (IN)
                         net (fo=2592, unset)         0.973     0.973    u_lite/pl_clk
    SLICE_X16Y63         FDCE                                         r  u_lite/soft_rst_pulse_reg/C
  -------------------------------------------------------------------    -------------------
    SLICE_X16Y63         FDCE (Prop_fdce_C_Q)         0.518     1.491 f  u_lite/soft_rst_pulse_reg/Q
                         net (fo=59, routed)          1.630     3.121    u_lite/soft_rst_pulse
    SLICE_X18Y51         LUT3 (Prop_lut3_I0_O)        0.124     3.245 f  u_lite/s_axis_tready_INST_0_i_1/O
                         net (fo=2341, routed)       11.853    15.097    u_chain/u_fir/sample_idx_reg[0]_0
    SLICE_X12Y5          FDCE                                         f  u_chain/u_fir/delay_q_reg[15][5]/CLR
  -------------------------------------------------------------------    -------------------

                         (clock pl_clk rise edge)    10.000    10.000 r  
                                                      0.000    10.000 r  pl_clk (IN)
                         net (fo=2592, unset)         0.924    10.924    u_chain/u_fir/pl_clk
    SLICE_X12Y5          FDCE                                         r  u_chain/u_fir/delay_q_reg[15][5]/C
                         clock pessimism              0.000    10.924    
                         clock uncertainty           -0.035    10.889    
    SLICE_X12Y5          FDCE (Recov_fdce_C_CLR)     -0.319    10.570    u_chain/u_fir/delay_q_reg[15][5]
  -------------------------------------------------------------------
                         required time                         10.570    
                         arrival time                         -15.097    
  -------------------------------------------------------------------
                         slack                                 -4.527    





Min Delay Paths
--------------------------------------------------------------------------------------
Slack (MET) :             0.871ns  (arrival time - required time)
  Source:                 soft_rst_d_reg/C
                            (rising edge-triggered cell FDCE clocked by pl_clk  {rise@0.000ns fall@5.000ns period=10.000ns})
  Destination:            u_chain/u_fir/delay_i_reg[54][0]/CLR
                            (removal check against rising-edge clock pl_clk  {rise@0.000ns fall@5.000ns period=10.000ns})
  Path Group:             **async_default**
  Path Type:              Removal (Min at Fast Process Corner)
  Requirement:            0.000ns  (pl_clk rise@0.000ns - pl_clk rise@0.000ns)
  Data Path Delay:        0.801ns  (logic 0.209ns (26.096%)  route 0.592ns (73.904%))
  Logic Levels:           1  (LUT3=1)
  Clock Path Skew:        0.022ns (DCD - SCD - CPR)
    Destination Clock Delay (DCD):    0.432ns
    Source Clock Delay      (SCD):    0.410ns
    Clock Pessimism Removal (CPR):    -0.000ns

    Location             Delay type                Incr(ns)  Path(ns)    Netlist Resource(s)
  -------------------------------------------------------------------    -------------------
                         (clock pl_clk rise edge)     0.000     0.000 r  
                                                      0.000     0.000 r  pl_clk (IN)
                         net (fo=2592, unset)         0.410     0.410    pl_clk
    SLICE_X12Y63         FDCE                                         r  soft_rst_d_reg/C
  -------------------------------------------------------------------    -------------------
    SLICE_X12Y63         FDCE (Prop_fdce_C_Q)         0.164     0.574 f  soft_rst_d_reg/Q
                         net (fo=58, routed)          0.378     0.952    u_lite/soft_rst_d
    SLICE_X18Y51         LUT3 (Prop_lut3_I1_O)        0.045     0.997 f  u_lite/s_axis_tready_INST_0_i_1/O
                         net (fo=2341, routed)        0.214     1.211    u_chain/u_fir/sample_idx_reg[0]_0
    SLICE_X14Y52         FDCE                                         f  u_chain/u_fir/delay_i_reg[54][0]/CLR
  -------------------------------------------------------------------    -------------------

                         (clock pl_clk rise edge)     0.000     0.000 r  
                                                      0.000     0.000 r  pl_clk (IN)
                         net (fo=2592, unset)         0.432     0.432    u_chain/u_fir/pl_clk
    SLICE_X14Y52         FDCE                                         r  u_chain/u_fir/delay_i_reg[54][0]/C
                         clock pessimism              0.000     0.432    
    SLICE_X14Y52         FDCE (Remov_fdce_C_CLR)     -0.092     0.340    u_chain/u_fir/delay_i_reg[54][0]
  -------------------------------------------------------------------
                         required time                         -0.340    
                         arrival time                           1.211    
  -------------------------------------------------------------------
                         slack                                  0.871    

Slack (MET) :             0.871ns  (arrival time - required time)
  Source:                 soft_rst_d_reg/C
                            (rising edge-triggered cell FDCE clocked by pl_clk  {rise@0.000ns fall@5.000ns period=10.000ns})
  Destination:            u_chain/u_fir/delay_i_reg[54][15]/CLR
                            (removal check against rising-edge clock pl_clk  {rise@0.000ns fall@5.000ns period=10.000ns})
  Path Group:             **async_default**
  Path Type:              Removal (Min at Fast Process Corner)
  Requirement:            0.000ns  (pl_clk rise@0.000ns - pl_clk rise@0.000ns)
  Data Path Delay:        0.801ns  (logic 0.209ns (26.096%)  route 0.592ns (73.904%))
  Logic Levels:           1  (LUT3=1)
  Clock Path Skew:        0.022ns (DCD - SCD - CPR)
    Destination Clock Delay (DCD):    0.432ns
    Source Clock Delay      (SCD):    0.410ns
    Clock Pessimism Removal (CPR):    -0.000ns

    Location             Delay type                Incr(ns)  Path(ns)    Netlist Resource(s)
  -------------------------------------------------------------------    -------------------
                         (clock pl_clk rise edge)     0.000     0.000 r  
                                                      0.000     0.000 r  pl_clk (IN)
                         net (fo=2592, unset)         0.410     0.410    pl_clk
    SLICE_X12Y63         FDCE                                         r  soft_rst_d_reg/C
  -------------------------------------------------------------------    -------------------
    SLICE_X12Y63         FDCE (Prop_fdce_C_Q)         0.164     0.574 f  soft_rst_d_reg/Q
                         net (fo=58, routed)          0.378     0.952    u_lite/soft_rst_d
    SLICE_X18Y51         LUT3 (Prop_lut3_I1_O)        0.045     0.997 f  u_lite/s_axis_tready_INST_0_i_1/O
                         net (fo=2341, routed)        0.214     1.211    u_chain/u_fir/sample_idx_reg[0]_0
    SLICE_X14Y52         FDCE                                         f  u_chain/u_fir/delay_i_reg[54][15]/CLR
  -------------------------------------------------------------------    -------------------

                         (clock pl_clk rise edge)     0.000     0.000 r  
                                                      0.000     0.000 r  pl_clk (IN)
                         net (fo=2592, unset)         0.432     0.432    u_chain/u_fir/pl_clk
    SLICE_X14Y52         FDCE                                         r  u_chain/u_fir/delay_i_reg[54][15]/C
                         clock pessimism              0.000     0.432    
    SLICE_X14Y52         FDCE (Remov_fdce_C_CLR)     -0.092     0.340    u_chain/u_fir/delay_i_reg[54][15]
  -------------------------------------------------------------------
                         required time                         -0.340    
                         arrival time                           1.211    
  -------------------------------------------------------------------
                         slack                                  0.871    

Slack (MET) :             0.871ns  (arrival time - required time)
  Source:                 soft_rst_d_reg/C
                            (rising edge-triggered cell FDCE clocked by pl_clk  {rise@0.000ns fall@5.000ns period=10.000ns})
  Destination:            u_chain/u_fir/delay_i_reg[54][2]/CLR
                            (removal check against rising-edge clock pl_clk  {rise@0.000ns fall@5.000ns period=10.000ns})
  Path Group:             **async_default**
  Path Type:              Removal (Min at Fast Process Corner)
  Requirement:            0.000ns  (pl_clk rise@0.000ns - pl_clk rise@0.000ns)
  Data Path Delay:        0.801ns  (logic 0.209ns (26.096%)  route 0.592ns (73.904%))
  Logic Levels:           1  (LUT3=1)
  Clock Path Skew:        0.022ns (DCD - SCD - CPR)
    Destination Clock Delay (DCD):    0.432ns
    Source Clock Delay      (SCD):    0.410ns
    Clock Pessimism Removal (CPR):    -0.000ns

    Location             Delay type                Incr(ns)  Path(ns)    Netlist Resource(s)
  -------------------------------------------------------------------    -------------------
                         (clock pl_clk rise edge)     0.000     0.000 r  
                                                      0.000     0.000 r  pl_clk (IN)
                         net (fo=2592, unset)         0.410     0.410    pl_clk
    SLICE_X12Y63         FDCE                                         r  soft_rst_d_reg/C
  -------------------------------------------------------------------    -------------------
    SLICE_X12Y63         FDCE (Prop_fdce_C_Q)         0.164     0.574 f  soft_rst_d_reg/Q
                         net (fo=58, routed)          0.378     0.952    u_lite/soft_rst_d
    SLICE_X18Y51         LUT3 (Prop_lut3_I1_O)        0.045     0.997 f  u_lite/s_axis_tready_INST_0_i_1/O
                         net (fo=2341, routed)        0.214     1.211    u_chain/u_fir/sample_idx_reg[0]_0
    SLICE_X14Y52         FDCE                                         f  u_chain/u_fir/delay_i_reg[54][2]/CLR
  -------------------------------------------------------------------    -------------------

                         (clock pl_clk rise edge)     0.000     0.000 r  
                                                      0.000     0.000 r  pl_clk (IN)
                         net (fo=2592, unset)         0.432     0.432    u_chain/u_fir/pl_clk
    SLICE_X14Y52         FDCE                                         r  u_chain/u_fir/delay_i_reg[54][2]/C
                         clock pessimism              0.000     0.432    
    SLICE_X14Y52         FDCE (Remov_fdce_C_CLR)     -0.092     0.340    u_chain/u_fir/delay_i_reg[54][2]
  -------------------------------------------------------------------
                         required time                         -0.340    
                         arrival time                           1.211    
  -------------------------------------------------------------------
                         slack                                  0.871    

Slack (MET) :             0.871ns  (arrival time - required time)
  Source:                 soft_rst_d_reg/C
                            (rising edge-triggered cell FDCE clocked by pl_clk  {rise@0.000ns fall@5.000ns period=10.000ns})
  Destination:            u_chain/u_fir/delay_i_reg[54][9]/CLR
                            (removal check against rising-edge clock pl_clk  {rise@0.000ns fall@5.000ns period=10.000ns})
  Path Group:             **async_default**
  Path Type:              Removal (Min at Fast Process Corner)
  Requirement:            0.000ns  (pl_clk rise@0.000ns - pl_clk rise@0.000ns)
  Data Path Delay:        0.801ns  (logic 0.209ns (26.096%)  route 0.592ns (73.904%))
  Logic Levels:           1  (LUT3=1)
  Clock Path Skew:        0.022ns (DCD - SCD - CPR)
    Destination Clock Delay (DCD):    0.432ns
    Source Clock Delay      (SCD):    0.410ns
    Clock Pessimism Removal (CPR):    -0.000ns

    Location             Delay type                Incr(ns)  Path(ns)    Netlist Resource(s)
  -------------------------------------------------------------------    -------------------
                         (clock pl_clk rise edge)     0.000     0.000 r  
                                                      0.000     0.000 r  pl_clk (IN)
                         net (fo=2592, unset)         0.410     0.410    pl_clk
    SLICE_X12Y63         FDCE                                         r  soft_rst_d_reg/C
  -------------------------------------------------------------------    -------------------
    SLICE_X12Y63         FDCE (Prop_fdce_C_Q)         0.164     0.574 f  soft_rst_d_reg/Q
                         net (fo=58, routed)          0.378     0.952    u_lite/soft_rst_d
    SLICE_X18Y51         LUT3 (Prop_lut3_I1_O)        0.045     0.997 f  u_lite/s_axis_tready_INST_0_i_1/O
                         net (fo=2341, routed)        0.214     1.211    u_chain/u_fir/sample_idx_reg[0]_0
    SLICE_X14Y52         FDCE                                         f  u_chain/u_fir/delay_i_reg[54][9]/CLR
  -------------------------------------------------------------------    -------------------

                         (clock pl_clk rise edge)     0.000     0.000 r  
                                                      0.000     0.000 r  pl_clk (IN)
                         net (fo=2592, unset)         0.432     0.432    u_chain/u_fir/pl_clk
    SLICE_X14Y52         FDCE                                         r  u_chain/u_fir/delay_i_reg[54][9]/C
                         clock pessimism              0.000     0.432    
    SLICE_X14Y52         FDCE (Remov_fdce_C_CLR)     -0.092     0.340    u_chain/u_fir/delay_i_reg[54][9]
  -------------------------------------------------------------------
                         required time                         -0.340    
                         arrival time                           1.211    
  -------------------------------------------------------------------
                         slack                                  0.871    

Slack (MET) :             0.926ns  (arrival time - required time)
  Source:                 soft_rst_d_reg/C
                            (rising edge-triggered cell FDCE clocked by pl_clk  {rise@0.000ns fall@5.000ns period=10.000ns})
  Destination:            u_chain/u_fir/delay_i_reg[54][11]/CLR
                            (removal check against rising-edge clock pl_clk  {rise@0.000ns fall@5.000ns period=10.000ns})
  Path Group:             **async_default**
  Path Type:              Removal (Min at Fast Process Corner)
  Requirement:            0.000ns  (pl_clk rise@0.000ns - pl_clk rise@0.000ns)
  Data Path Delay:        0.855ns  (logic 0.209ns (24.436%)  route 0.646ns (75.564%))
  Logic Levels:           1  (LUT3=1)
  Clock Path Skew:        0.022ns (DCD - SCD - CPR)
    Destination Clock Delay (DCD):    0.432ns
    Source Clock Delay      (SCD):    0.410ns
    Clock Pessimism Removal (CPR):    -0.000ns

    Location             Delay type                Incr(ns)  Path(ns)    Netlist Resource(s)
  -------------------------------------------------------------------    -------------------
                         (clock pl_clk rise edge)     0.000     0.000 r  
                                                      0.000     0.000 r  pl_clk (IN)
                         net (fo=2592, unset)         0.410     0.410    pl_clk
    SLICE_X12Y63         FDCE                                         r  soft_rst_d_reg/C
  -------------------------------------------------------------------    -------------------
    SLICE_X12Y63         FDCE (Prop_fdce_C_Q)         0.164     0.574 f  soft_rst_d_reg/Q
                         net (fo=58, routed)          0.378     0.952    u_lite/soft_rst_d
    SLICE_X18Y51         LUT3 (Prop_lut3_I1_O)        0.045     0.997 f  u_lite/s_axis_tready_INST_0_i_1/O
                         net (fo=2341, routed)        0.269     1.265    u_chain/u_fir/sample_idx_reg[0]_0
    SLICE_X14Y51         FDCE                                         f  u_chain/u_fir/delay_i_reg[54][11]/CLR
  -------------------------------------------------------------------    -------------------

                         (clock pl_clk rise edge)     0.000     0.000 r  
                                                      0.000     0.000 r  pl_clk (IN)
                         net (fo=2592, unset)         0.432     0.432    u_chain/u_fir/pl_clk
    SLICE_X14Y51         FDCE                                         r  u_chain/u_fir/delay_i_reg[54][11]/C
                         clock pessimism              0.000     0.432    
    SLICE_X14Y51         FDCE (Remov_fdce_C_CLR)     -0.092     0.340    u_chain/u_fir/delay_i_reg[54][11]
  -------------------------------------------------------------------
                         required time                         -0.340    
                         arrival time                           1.265    
  -------------------------------------------------------------------
                         slack                                  0.926    

Slack (MET) :             0.926ns  (arrival time - required time)
  Source:                 soft_rst_d_reg/C
                            (rising edge-triggered cell FDCE clocked by pl_clk  {rise@0.000ns fall@5.000ns period=10.000ns})
  Destination:            u_chain/u_fir/delay_i_reg[54][3]/CLR
                            (removal check against rising-edge clock pl_clk  {rise@0.000ns fall@5.000ns period=10.000ns})
  Path Group:             **async_default**
  Path Type:              Removal (Min at Fast Process Corner)
  Requirement:            0.000ns  (pl_clk rise@0.000ns - pl_clk rise@0.000ns)
  Data Path Delay:        0.855ns  (logic 0.209ns (24.436%)  route 0.646ns (75.564%))
  Logic Levels:           1  (LUT3=1)
  Clock Path Skew:        0.022ns (DCD - SCD - CPR)
    Destination Clock Delay (DCD):    0.432ns
    Source Clock Delay      (SCD):    0.410ns
    Clock Pessimism Removal (CPR):    -0.000ns

    Location             Delay type                Incr(ns)  Path(ns)    Netlist Resource(s)
  -------------------------------------------------------------------    -------------------
                         (clock pl_clk rise edge)     0.000     0.000 r  
                                                      0.000     0.000 r  pl_clk (IN)
                         net (fo=2592, unset)         0.410     0.410    pl_clk
    SLICE_X12Y63         FDCE                                         r  soft_rst_d_reg/C
  -------------------------------------------------------------------    -------------------
    SLICE_X12Y63         FDCE (Prop_fdce_C_Q)         0.164     0.574 f  soft_rst_d_reg/Q
                         net (fo=58, routed)          0.378     0.952    u_lite/soft_rst_d
    SLICE_X18Y51         LUT3 (Prop_lut3_I1_O)        0.045     0.997 f  u_lite/s_axis_tready_INST_0_i_1/O
                         net (fo=2341, routed)        0.269     1.265    u_chain/u_fir/sample_idx_reg[0]_0
    SLICE_X14Y51         FDCE                                         f  u_chain/u_fir/delay_i_reg[54][3]/CLR
  -------------------------------------------------------------------    -------------------

                         (clock pl_clk rise edge)     0.000     0.000 r  
                                                      0.000     0.000 r  pl_clk (IN)
                         net (fo=2592, unset)         0.432     0.432    u_chain/u_fir/pl_clk
    SLICE_X14Y51         FDCE                                         r  u_chain/u_fir/delay_i_reg[54][3]/C
                         clock pessimism              0.000     0.432    
    SLICE_X14Y51         FDCE (Remov_fdce_C_CLR)     -0.092     0.340    u_chain/u_fir/delay_i_reg[54][3]
  -------------------------------------------------------------------
                         required time                         -0.340    
                         arrival time                           1.265    
  -------------------------------------------------------------------
                         slack                                  0.926    

Slack (MET) :             0.926ns  (arrival time - required time)
  Source:                 soft_rst_d_reg/C
                            (rising edge-triggered cell FDCE clocked by pl_clk  {rise@0.000ns fall@5.000ns period=10.000ns})
  Destination:            u_chain/u_fir/delay_i_reg[54][8]/CLR
                            (removal check against rising-edge clock pl_clk  {rise@0.000ns fall@5.000ns period=10.000ns})
  Path Group:             **async_default**
  Path Type:              Removal (Min at Fast Process Corner)
  Requirement:            0.000ns  (pl_clk rise@0.000ns - pl_clk rise@0.000ns)
  Data Path Delay:        0.855ns  (logic 0.209ns (24.436%)  route 0.646ns (75.564%))
  Logic Levels:           1  (LUT3=1)
  Clock Path Skew:        0.022ns (DCD - SCD - CPR)
    Destination Clock Delay (DCD):    0.432ns
    Source Clock Delay      (SCD):    0.410ns
    Clock Pessimism Removal (CPR):    -0.000ns

    Location             Delay type                Incr(ns)  Path(ns)    Netlist Resource(s)
  -------------------------------------------------------------------    -------------------
                         (clock pl_clk rise edge)     0.000     0.000 r  
                                                      0.000     0.000 r  pl_clk (IN)
                         net (fo=2592, unset)         0.410     0.410    pl_clk
    SLICE_X12Y63         FDCE                                         r  soft_rst_d_reg/C
  -------------------------------------------------------------------    -------------------
    SLICE_X12Y63         FDCE (Prop_fdce_C_Q)         0.164     0.574 f  soft_rst_d_reg/Q
                         net (fo=58, routed)          0.378     0.952    u_lite/soft_rst_d
    SLICE_X18Y51         LUT3 (Prop_lut3_I1_O)        0.045     0.997 f  u_lite/s_axis_tready_INST_0_i_1/O
                         net (fo=2341, routed)        0.269     1.265    u_chain/u_fir/sample_idx_reg[0]_0
    SLICE_X14Y51         FDCE                                         f  u_chain/u_fir/delay_i_reg[54][8]/CLR
  -------------------------------------------------------------------    -------------------

                         (clock pl_clk rise edge)     0.000     0.000 r  
                                                      0.000     0.000 r  pl_clk (IN)
                         net (fo=2592, unset)         0.432     0.432    u_chain/u_fir/pl_clk
    SLICE_X14Y51         FDCE                                         r  u_chain/u_fir/delay_i_reg[54][8]/C
                         clock pessimism              0.000     0.432    
    SLICE_X14Y51         FDCE (Remov_fdce_C_CLR)     -0.092     0.340    u_chain/u_fir/delay_i_reg[54][8]
  -------------------------------------------------------------------
                         required time                         -0.340    
                         arrival time                           1.265    
  -------------------------------------------------------------------
                         slack                                  0.926    

Slack (MET) :             0.935ns  (arrival time - required time)
  Source:                 soft_rst_d_reg/C
                            (rising edge-triggered cell FDCE clocked by pl_clk  {rise@0.000ns fall@5.000ns period=10.000ns})
  Destination:            u_chain/u_ddc/out_i_reg[8]/CLR
                            (removal check against rising-edge clock pl_clk  {rise@0.000ns fall@5.000ns period=10.000ns})
  Path Group:             **async_default**
  Path Type:              Removal (Min at Fast Process Corner)
  Requirement:            0.000ns  (pl_clk rise@0.000ns - pl_clk rise@0.000ns)
  Data Path Delay:        0.865ns  (logic 0.209ns (24.170%)  route 0.656ns (75.830%))
  Logic Levels:           1  (LUT3=1)
  Clock Path Skew:        0.022ns (DCD - SCD - CPR)
    Destination Clock Delay (DCD):    0.432ns
    Source Clock Delay      (SCD):    0.410ns
    Clock Pessimism Removal (CPR):    -0.000ns

    Location             Delay type                Incr(ns)  Path(ns)    Netlist Resource(s)
  -------------------------------------------------------------------    -------------------
                         (clock pl_clk rise edge)     0.000     0.000 r  
                                                      0.000     0.000 r  pl_clk (IN)
                         net (fo=2592, unset)         0.410     0.410    pl_clk
    SLICE_X12Y63         FDCE                                         r  soft_rst_d_reg/C
  -------------------------------------------------------------------    -------------------
    SLICE_X12Y63         FDCE (Prop_fdce_C_Q)         0.164     0.574 f  soft_rst_d_reg/Q
                         net (fo=58, routed)          0.378     0.952    u_lite/soft_rst_d
    SLICE_X18Y51         LUT3 (Prop_lut3_I1_O)        0.045     0.997 f  u_lite/s_axis_tready_INST_0_i_1/O
                         net (fo=2341, routed)        0.278     1.275    u_chain/u_ddc/phase_reg[25]_rep_0
    SLICE_X15Y48         FDCE                                         f  u_chain/u_ddc/out_i_reg[8]/CLR
  -------------------------------------------------------------------    -------------------

                         (clock pl_clk rise edge)     0.000     0.000 r  
                                                      0.000     0.000 r  pl_clk (IN)
                         net (fo=2592, unset)         0.432     0.432    u_chain/u_ddc/pl_clk
    SLICE_X15Y48         FDCE                                         r  u_chain/u_ddc/out_i_reg[8]/C
                         clock pessimism              0.000     0.432    
    SLICE_X15Y48         FDCE (Remov_fdce_C_CLR)     -0.092     0.340    u_chain/u_ddc/out_i_reg[8]
  -------------------------------------------------------------------
                         required time                         -0.340    
                         arrival time                           1.275    
  -------------------------------------------------------------------
                         slack                                  0.935    

Slack (MET) :             0.949ns  (arrival time - required time)
  Source:                 soft_rst_d_reg/C
                            (rising edge-triggered cell FDCE clocked by pl_clk  {rise@0.000ns fall@5.000ns period=10.000ns})
  Destination:            u_ingress/sample_count_reg[4]/CLR
                            (removal check against rising-edge clock pl_clk  {rise@0.000ns fall@5.000ns period=10.000ns})
  Path Group:             **async_default**
  Path Type:              Removal (Min at Fast Process Corner)
  Requirement:            0.000ns  (pl_clk rise@0.000ns - pl_clk rise@0.000ns)
  Data Path Delay:        0.879ns  (logic 0.209ns (23.777%)  route 0.670ns (76.223%))
  Logic Levels:           1  (LUT3=1)
  Clock Path Skew:        0.022ns (DCD - SCD - CPR)
    Destination Clock Delay (DCD):    0.432ns
    Source Clock Delay      (SCD):    0.410ns
    Clock Pessimism Removal (CPR):    -0.000ns

    Location             Delay type                Incr(ns)  Path(ns)    Netlist Resource(s)
  -------------------------------------------------------------------    -------------------
                         (clock pl_clk rise edge)     0.000     0.000 r  
                                                      0.000     0.000 r  pl_clk (IN)
                         net (fo=2592, unset)         0.410     0.410    pl_clk
    SLICE_X12Y63         FDCE                                         r  soft_rst_d_reg/C
  -------------------------------------------------------------------    -------------------
    SLICE_X12Y63         FDCE (Prop_fdce_C_Q)         0.164     0.574 f  soft_rst_d_reg/Q
                         net (fo=58, routed)          0.378     0.952    u_lite/soft_rst_d
    SLICE_X18Y51         LUT3 (Prop_lut3_I1_O)        0.045     0.997 f  u_lite/s_axis_tready_INST_0_i_1/O
                         net (fo=2341, routed)        0.292     1.289    u_ingress/sample_count_reg[31]_0
    SLICE_X19Y51         FDCE                                         f  u_ingress/sample_count_reg[4]/CLR
  -------------------------------------------------------------------    -------------------

                         (clock pl_clk rise edge)     0.000     0.000 r  
                                                      0.000     0.000 r  pl_clk (IN)
                         net (fo=2592, unset)         0.432     0.432    u_ingress/pl_clk
    SLICE_X19Y51         FDCE                                         r  u_ingress/sample_count_reg[4]/C
                         clock pessimism              0.000     0.432    
    SLICE_X19Y51         FDCE (Remov_fdce_C_CLR)     -0.092     0.340    u_ingress/sample_count_reg[4]
  -------------------------------------------------------------------
                         required time                         -0.340    
                         arrival time                           1.289    
  -------------------------------------------------------------------
                         slack                                  0.949    

Slack (MET) :             0.949ns  (arrival time - required time)
  Source:                 soft_rst_d_reg/C
                            (rising edge-triggered cell FDCE clocked by pl_clk  {rise@0.000ns fall@5.000ns period=10.000ns})
  Destination:            u_ingress/sample_count_reg[5]/CLR
                            (removal check against rising-edge clock pl_clk  {rise@0.000ns fall@5.000ns period=10.000ns})
  Path Group:             **async_default**
  Path Type:              Removal (Min at Fast Process Corner)
  Requirement:            0.000ns  (pl_clk rise@0.000ns - pl_clk rise@0.000ns)
  Data Path Delay:        0.879ns  (logic 0.209ns (23.777%)  route 0.670ns (76.223%))
  Logic Levels:           1  (LUT3=1)
  Clock Path Skew:        0.022ns (DCD - SCD - CPR)
    Destination Clock Delay (DCD):    0.432ns
    Source Clock Delay      (SCD):    0.410ns
    Clock Pessimism Removal (CPR):    -0.000ns

    Location             Delay type                Incr(ns)  Path(ns)    Netlist Resource(s)
  -------------------------------------------------------------------    -------------------
                         (clock pl_clk rise edge)     0.000     0.000 r  
                                                      0.000     0.000 r  pl_clk (IN)
                         net (fo=2592, unset)         0.410     0.410    pl_clk
    SLICE_X12Y63         FDCE                                         r  soft_rst_d_reg/C
  -------------------------------------------------------------------    -------------------
    SLICE_X12Y63         FDCE (Prop_fdce_C_Q)         0.164     0.574 f  soft_rst_d_reg/Q
                         net (fo=58, routed)          0.378     0.952    u_lite/soft_rst_d
    SLICE_X18Y51         LUT3 (Prop_lut3_I1_O)        0.045     0.997 f  u_lite/s_axis_tready_INST_0_i_1/O
                         net (fo=2341, routed)        0.292     1.289    u_ingress/sample_count_reg[31]_0
    SLICE_X19Y51         FDCE                                         f  u_ingress/sample_count_reg[5]/CLR
  -------------------------------------------------------------------    -------------------

                         (clock pl_clk rise edge)     0.000     0.000 r  
                                                      0.000     0.000 r  pl_clk (IN)
                         net (fo=2592, unset)         0.432     0.432    u_ingress/pl_clk
    SLICE_X19Y51         FDCE                                         r  u_ingress/sample_count_reg[5]/C
                         clock pessimism              0.000     0.432    
    SLICE_X19Y51         FDCE (Remov_fdce_C_CLR)     -0.092     0.340    u_ingress/sample_count_reg[5]
  -------------------------------------------------------------------
                         required time                         -0.340    
                         arrival time                           1.289    
  -------------------------------------------------------------------
                         slack                                  0.949    





